"output_event","TG_NAME1","TG_NAME2","TG_NAME3","CHEMICAL_NAME","FORMULATION_ID","output_file","source_file","source_note"
"Agents Affecting the Renin-Angiotensin System","Cardiovascular System","Agents Affecting the Renin-Angiotensin System","ACE Inhibitors","Benazepril",279401,"Agents Affecting the Renin-Angiotensin System.qs","Code/00_inputs/canonical_drug_formulations.csv","Pharmaceutical formulation included in canonical event definition."
"Agents Affecting the Renin-Angiotensin System","Cardiovascular System","Agents Affecting the Renin-Angiotensin System","ACE Inhibitors","Benazepril",279402,"Agents Affecting the Renin-Angiotensin System.qs","Code/00_inputs/canonical_drug_formulations.csv","Pharmaceutical formulation included in canonical event definition."
"Agents Affecting the Renin-Angiotensin System","Cardiovascular System","Agents Affecting the Renin-Angiotensin System","ACE Inhibitors","Benazepril",279403,"Agents Affecting the Renin-Angiotensin System.qs","Code/00_inputs/canonical_drug_formulations.csv","Pharmaceutical formulation included in canonical event definition."
"Agents Affecting the Renin-Angiotensin System","Cardiovascular System","Agents Affecting the Renin-Angiotensin System","Angiotensin II Antagonists","Candesartan cilexetil",125401,"Agents Affecting the Renin-Angiotensin System.qs","Code/00_inputs/canonical_drug_formulations.csv","Pharmaceutical formulation included in canonical event definition."
"Agents Affecting the Renin-Angiotensin System","Cardiovascular System","Agents Affecting the Renin-Angiotensin System","Angiotensin II Antagonists","Candesartan cilexetil",125402,"Agents Affecting the Renin-Angiotensin System.qs","Code/00_inputs/canonical_drug_formulations.csv","Pharmaceutical formulation included in canonical event definition."
"Agents Affecting the Renin-Angiotensin System","Cardiovascular System","Agents Affecting the Renin-Angiotensin System","Angiotensin II Antagonists","Candesartan cilexetil",125403,"Agents Affecting the Renin-Angiotensin System.qs","Code/00_inputs/canonical_drug_formulations.csv","Pharmaceutical formulation included in canonical event definition."
"Agents Affecting the Renin-Angiotensin System","Cardiovascular System","Agents Affecting the Renin-Angiotensin System","Angiotensin II Antagonists","Candesartan cilexetil",125425,"Agents Affecting the Renin-Angiotensin System.qs","Code/00_inputs/canonical_drug_formulations.csv","Pharmaceutical formulation included in canonical event definition."
"Agents Affecting the Renin-Angiotensin System","Cardiovascular System","Agents Affecting the Renin-Angiotensin System","ACE Inhibitors","Captopril",284101,"Agents Affecting the Renin-Angiotensin System.qs","Code/00_inputs/canonical_drug_formulations.csv","Pharmaceutical formulation included in canonical event definition."
"Agents Affecting the Renin-Angiotensin System","Cardiovascular System","Agents Affecting the Renin-Angiotensin System","ACE Inhibitors","Captopril",284102,"Agents Affecting the Renin-Angiotensin System.qs","Code/00_inputs/canonical_drug_formulations.csv","Pharmaceutical formulation included in canonical event definition."
"Agents Affecting the Renin-Angiotensin System","Cardiovascular System","Agents Affecting the Renin-Angiotensin System","ACE Inhibitors","Captopril",284103,"Agents Affecting the Renin-Angiotensin System.qs","Code/00_inputs/canonical_drug_formulations.csv","Pharmaceutical formulation included in canonical event definition."
"Agents Affecting the Renin-Angiotensin System","Cardiovascular System","Agents Affecting the Renin-Angiotensin System","ACE Inhibitors","Captopril",284106,"Agents Affecting the Renin-Angiotensin System.qs","Code/00_inputs/canonical_drug_formulations.csv","Pharmaceutical formulation included in canonical event definition."
"Agents Affecting the Renin-Angiotensin System","Cardiovascular System","Agents Affecting the Renin-Angiotensin System","ACE Inhibitors","Captopril",284107,"Agents Affecting the Renin-Angiotensin System.qs","Code/00_inputs/canonical_drug_formulations.csv","Pharmaceutical formulation included in canonical event definition."
"Agents Affecting the Renin-Angiotensin System","Cardiovascular System","Agents Affecting the Renin-Angiotensin System","ACE Inhibitors with Diuretics","Captopril with hydrochlorothiazide",284001,"Agents Affecting the Renin-Angiotensin System.qs","Code/00_inputs/canonical_drug_formulations.csv","Pharmaceutical formulation included in canonical event definition."
"Agents Affecting the Renin-Angiotensin System","Cardiovascular System","Agents Affecting the Renin-Angiotensin System","ACE Inhibitors with Diuretics","Captopril with hydrochlorothiazide",284002,"Agents Affecting the Renin-Angiotensin System.qs","Code/00_inputs/canonical_drug_formulations.csv","Pharmaceutical formulation included in canonical event definition."
"Agents Affecting the Renin-Angiotensin System","Cardiovascular System","Agents Affecting the Renin-Angiotensin System","ACE Inhibitors","Cilazapril",277001,"Agents Affecting the Renin-Angiotensin System.qs","Code/00_inputs/canonical_drug_formulations.csv","Pharmaceutical formulation included in canonical event definition."
"Agents Affecting the Renin-Angiotensin System","Cardiovascular System","Agents Affecting the Renin-Angiotensin System","ACE Inhibitors","Cilazapril",277002,"Agents Affecting the Renin-Angiotensin System.qs","Code/00_inputs/canonical_drug_formulations.csv","Pharmaceutical formulation included in canonical event definition."
"Agents Affecting the Renin-Angiotensin System","Cardiovascular System","Agents Affecting the Renin-Angiotensin System","ACE Inhibitors","Cilazapril",277003,"Agents Affecting the Renin-Angiotensin System.qs","Code/00_inputs/canonical_drug_formulations.csv","Pharmaceutical formulation included in canonical event definition."
"Agents Affecting the Renin-Angiotensin System","Cardiovascular System","Agents Affecting the Renin-Angiotensin System","ACE Inhibitors with Diuretics","Cilazapril with hydrochlorothiazide",112701,"Agents Affecting the Renin-Angiotensin System.qs","Code/00_inputs/canonical_drug_formulations.csv","Pharmaceutical formulation included in canonical event definition."
"Agents Affecting the Renin-Angiotensin System","Cardiovascular System","Agents Affecting the Renin-Angiotensin System","ACE Inhibitors","Enalapril maleate",271101,"Agents Affecting the Renin-Angiotensin System.qs","Code/00_inputs/canonical_drug_formulations.csv","Pharmaceutical formulation included in canonical event definition."
"Agents Affecting the Renin-Angiotensin System","Cardiovascular System","Agents Affecting the Renin-Angiotensin System","ACE Inhibitors","Enalapril maleate",271102,"Agents Affecting the Renin-Angiotensin System.qs","Code/00_inputs/canonical_drug_formulations.csv","Pharmaceutical formulation included in canonical event definition."
"Agents Affecting the Renin-Angiotensin System","Cardiovascular System","Agents Affecting the Renin-Angiotensin System","ACE Inhibitors","Enalapril maleate",271103,"Agents Affecting the Renin-Angiotensin System.qs","Code/00_inputs/canonical_drug_formulations.csv","Pharmaceutical formulation included in canonical event definition."
"Agents Affecting the Renin-Angiotensin System","Cardiovascular System","Agents Affecting the Renin-Angiotensin System","ACE Inhibitors with Diuretics","Enalapril maleate with hydrochlorothiazide",270804,"Agents Affecting the Renin-Angiotensin System.qs","Code/00_inputs/canonical_drug_formulations.csv","Pharmaceutical formulation included in canonical event definition."
"Agents Affecting the Renin-Angiotensin System","Cardiovascular System","Agents Affecting the Renin-Angiotensin System","ACE Inhibitors","Lisinopril",279701,"Agents Affecting the Renin-Angiotensin System.qs","Code/00_inputs/canonical_drug_formulations.csv","Pharmaceutical formulation included in canonical event definition."
"Agents Affecting the Renin-Angiotensin System","Cardiovascular System","Agents Affecting the Renin-Angiotensin System","ACE Inhibitors","Lisinopril",279702,"Agents Affecting the Renin-Angiotensin System.qs","Code/00_inputs/canonical_drug_formulations.csv","Pharmaceutical formulation included in canonical event definition."
"Agents Affecting the Renin-Angiotensin System","Cardiovascular System","Agents Affecting the Renin-Angiotensin System","ACE Inhibitors","Lisinopril",279703,"Agents Affecting the Renin-Angiotensin System.qs","Code/00_inputs/canonical_drug_formulations.csv","Pharmaceutical formulation included in canonical event definition."
"Agents Affecting the Renin-Angiotensin System","Cardiovascular System","Agents Affecting the Renin-Angiotensin System","ACE Inhibitors with Diuretics","Lisinopril with hydrochlorothiazide",279501,"Agents Affecting the Renin-Angiotensin System.qs","Code/00_inputs/canonical_drug_formulations.csv","Pharmaceutical formulation included in canonical event definition."
"Agents Affecting the Renin-Angiotensin System","Cardiovascular System","Agents Affecting the Renin-Angiotensin System","Angiotensin II Antagonists","Losartan",106105,"Agents Affecting the Renin-Angiotensin System.qs","Code/00_inputs/canonical_drug_formulations.csv","Pharmaceutical formulation included in canonical event definition."
"Agents Affecting the Renin-Angiotensin System","Cardiovascular System","Agents Affecting the Renin-Angiotensin System","Angiotensin II Antagonists","Losartan potassium",106101,"Agents Affecting the Renin-Angiotensin System.qs","Code/00_inputs/canonical_drug_formulations.csv","Pharmaceutical formulation included in canonical event definition."
"Agents Affecting the Renin-Angiotensin System","Cardiovascular System","Agents Affecting the Renin-Angiotensin System","Angiotensin II Antagonists","Losartan potassium",106102,"Agents Affecting the Renin-Angiotensin System.qs","Code/00_inputs/canonical_drug_formulations.csv","Pharmaceutical formulation included in canonical event definition."
"Agents Affecting the Renin-Angiotensin System","Cardiovascular System","Agents Affecting the Renin-Angiotensin System","Angiotensin II Antagonists","Losartan potassium",106125,"Agents Affecting the Renin-Angiotensin System.qs","Code/00_inputs/canonical_drug_formulations.csv","Pharmaceutical formulation included in canonical event definition."
"Agents Affecting the Renin-Angiotensin System","Cardiovascular System","Agents Affecting the Renin-Angiotensin System","Angiotensin II Antagonists","Losartan potassium",106126,"Agents Affecting the Renin-Angiotensin System.qs","Code/00_inputs/canonical_drug_formulations.csv","Pharmaceutical formulation included in canonical event definition."
"Agents Affecting the Renin-Angiotensin System","Cardiovascular System","Agents Affecting the Renin-Angiotensin System","Angiotensin II Antagonists with Diuretics","Losartan potassium with hydrochlorothiazide",106805,"Agents Affecting the Renin-Angiotensin System.qs","Code/00_inputs/canonical_drug_formulations.csv","Pharmaceutical formulation included in canonical event definition."
"Agents Affecting the Renin-Angiotensin System","Cardiovascular System","Agents Affecting the Renin-Angiotensin System","Angiotensin II Antagonists","Losartan with hydrochlorothiazide",378825,"Agents Affecting the Renin-Angiotensin System.qs","Code/00_inputs/canonical_drug_formulations.csv","Pharmaceutical formulation included in canonical event definition."
"Agents Affecting the Renin-Angiotensin System","Cardiovascular System","Agents Affecting the Renin-Angiotensin System","ACE Inhibitors","Perindopril",280601,"Agents Affecting the Renin-Angiotensin System.qs","Code/00_inputs/canonical_drug_formulations.csv","Pharmaceutical formulation included in canonical event definition."
"Agents Affecting the Renin-Angiotensin System","Cardiovascular System","Agents Affecting the Renin-Angiotensin System","ACE Inhibitors","Perindopril",280602,"Agents Affecting the Renin-Angiotensin System.qs","Code/00_inputs/canonical_drug_formulations.csv","Pharmaceutical formulation included in canonical event definition."
"Agents Affecting the Renin-Angiotensin System","Cardiovascular System","Agents Affecting the Renin-Angiotensin System","ACE Inhibitors","Quinapril",277201,"Agents Affecting the Renin-Angiotensin System.qs","Code/00_inputs/canonical_drug_formulations.csv","Pharmaceutical formulation included in canonical event definition."
"Agents Affecting the Renin-Angiotensin System","Cardiovascular System","Agents Affecting the Renin-Angiotensin System","ACE Inhibitors","Quinapril",277202,"Agents Affecting the Renin-Angiotensin System.qs","Code/00_inputs/canonical_drug_formulations.csv","Pharmaceutical formulation included in canonical event definition."
"Agents Affecting the Renin-Angiotensin System","Cardiovascular System","Agents Affecting the Renin-Angiotensin System","ACE Inhibitors","Quinapril",277203,"Agents Affecting the Renin-Angiotensin System.qs","Code/00_inputs/canonical_drug_formulations.csv","Pharmaceutical formulation included in canonical event definition."
"Agents Affecting the Renin-Angiotensin System","Cardiovascular System","Agents Affecting the Renin-Angiotensin System","ACE Inhibitors with Diuretics","Quinapril with hydrochlorothiazide",374925,"Agents Affecting the Renin-Angiotensin System.qs","Code/00_inputs/canonical_drug_formulations.csv","Pharmaceutical formulation included in canonical event definition."
"Agents Affecting the Renin-Angiotensin System","Cardiovascular System","Agents Affecting the Renin-Angiotensin System","ACE Inhibitors with Diuretics","Quinapril with hydrochlorothiazide",374926,"Agents Affecting the Renin-Angiotensin System.qs","Code/00_inputs/canonical_drug_formulations.csv","Pharmaceutical formulation included in canonical event definition."
"Agents Affecting the Renin-Angiotensin System","Cardiovascular System","Agents Affecting the Renin-Angiotensin System","Angiotensin II Antagonists with Neprilysin Inhibitors","Sacubitril with valsartan",410525,"Agents Affecting the Renin-Angiotensin System.qs","Code/00_inputs/canonical_drug_formulations.csv","Pharmaceutical formulation included in canonical event definition."
"Agents Affecting the Renin-Angiotensin System","Cardiovascular System","Agents Affecting the Renin-Angiotensin System","Angiotensin II Antagonists with Neprilysin Inhibitors","Sacubitril with valsartan",410526,"Agents Affecting the Renin-Angiotensin System.qs","Code/00_inputs/canonical_drug_formulations.csv","Pharmaceutical formulation included in canonical event definition."
"Agents Affecting the Renin-Angiotensin System","Cardiovascular System","Agents Affecting the Renin-Angiotensin System","Angiotensin II Antagonists with Neprilysin Inhibitors","Sacubitril with valsartan",410527,"Agents Affecting the Renin-Angiotensin System.qs","Code/00_inputs/canonical_drug_formulations.csv","Pharmaceutical formulation included in canonical event definition."
"Agents Affecting the Renin-Angiotensin System","Cardiovascular System","Agents Affecting the Renin-Angiotensin System","ACE Inhibitors","Trandolapril",103101,"Agents Affecting the Renin-Angiotensin System.qs","Code/00_inputs/canonical_drug_formulations.csv","Pharmaceutical formulation included in canonical event definition."
"Agents Affecting the Renin-Angiotensin System","Cardiovascular System","Agents Affecting the Renin-Angiotensin System","ACE Inhibitors","Trandolapril",103102,"Agents Affecting the Renin-Angiotensin System.qs","Code/00_inputs/canonical_drug_formulations.csv","Pharmaceutical formulation included in canonical event definition."
"Agents Affecting the Renin-Angiotensin System","Cardiovascular System","Agents Affecting the Renin-Angiotensin System","ACE Inhibitors","Trandolapril",103103,"Agents Affecting the Renin-Angiotensin System.qs","Code/00_inputs/canonical_drug_formulations.csv","Pharmaceutical formulation included in canonical event definition."
"Alpha-Adrenoceptor Blockers","Cardiovascular System","Alpha-Adrenoceptor Blockers","Alpha Adrenoceptor Blockers","Doxazosin",251501,"Alpha-Adrenoceptor Blockers.qs","Code/00_inputs/canonical_drug_formulations.csv","Pharmaceutical formulation included in canonical event definition."
"Alpha-Adrenoceptor Blockers","Cardiovascular System","Alpha-Adrenoceptor Blockers","Alpha Adrenoceptor Blockers","Doxazosin",251502,"Alpha-Adrenoceptor Blockers.qs","Code/00_inputs/canonical_drug_formulations.csv","Pharmaceutical formulation included in canonical event definition."
"Alpha-Adrenoceptor Blockers","Cardiovascular System","Alpha-Adrenoceptor Blockers","Alpha Adrenoceptor Blockers","Doxazosin",251503,"Alpha-Adrenoceptor Blockers.qs","Code/00_inputs/canonical_drug_formulations.csv","Pharmaceutical formulation included in canonical event definition."
"Alpha-Adrenoceptor Blockers","Cardiovascular System","Alpha-Adrenoceptor Blockers","Alpha Adrenoceptor Blockers","Phenoxybenzamine hydrochloride",196601,"Alpha-Adrenoceptor Blockers.qs","Code/00_inputs/canonical_drug_formulations.csv","Pharmaceutical formulation included in canonical event definition."
"Alpha-Adrenoceptor Blockers","Cardiovascular System","Alpha-Adrenoceptor Blockers","Alpha Adrenoceptor Blockers","Phentolamine mesylate",197101,"Alpha-Adrenoceptor Blockers.qs","Code/00_inputs/canonical_drug_formulations.csv","Pharmaceutical formulation included in canonical event definition."
"Alpha-Adrenoceptor Blockers","Cardiovascular System","Alpha-Adrenoceptor Blockers","Alpha Adrenoceptor Blockers","Prazosin",203101,"Alpha-Adrenoceptor Blockers.qs","Code/00_inputs/canonical_drug_formulations.csv","Pharmaceutical formulation included in canonical event definition."
"Alpha-Adrenoceptor Blockers","Cardiovascular System","Alpha-Adrenoceptor Blockers","Alpha Adrenoceptor Blockers","Prazosin",203102,"Alpha-Adrenoceptor Blockers.qs","Code/00_inputs/canonical_drug_formulations.csv","Pharmaceutical formulation included in canonical event definition."
"Alpha-Adrenoceptor Blockers","Cardiovascular System","Alpha-Adrenoceptor Blockers","Alpha Adrenoceptor Blockers","Prazosin",203103,"Alpha-Adrenoceptor Blockers.qs","Code/00_inputs/canonical_drug_formulations.csv","Pharmaceutical formulation included in canonical event definition."
"Alpha-Adrenoceptor Blockers","Cardiovascular System","Alpha-Adrenoceptor Blockers","Alpha Adrenoceptor Blockers","Prazosin",203104,"Alpha-Adrenoceptor Blockers.qs","Code/00_inputs/canonical_drug_formulations.csv","Pharmaceutical formulation included in canonical event definition."
"Alpha-Adrenoceptor Blockers","Cardiovascular System","Alpha-Adrenoceptor Blockers","Alpha Adrenoceptor Blockers","Terazosin",254303,"Alpha-Adrenoceptor Blockers.qs","Code/00_inputs/canonical_drug_formulations.csv","Pharmaceutical formulation included in canonical event definition."
"Alpha-Adrenoceptor Blockers","Cardiovascular System","Alpha-Adrenoceptor Blockers","Alpha Adrenoceptor Blockers","Terazosin",254305,"Alpha-Adrenoceptor Blockers.qs","Code/00_inputs/canonical_drug_formulations.csv","Pharmaceutical formulation included in canonical event definition."
"Alpha-Adrenoceptor Blockers","Cardiovascular System","Alpha-Adrenoceptor Blockers","Alpha Adrenoceptor Blockers","Terazosin",254307,"Alpha-Adrenoceptor Blockers.qs","Code/00_inputs/canonical_drug_formulations.csv","Pharmaceutical formulation included in canonical event definition."
"Alpha-Adrenoceptor Blockers","Cardiovascular System","Alpha-Adrenoceptor Blockers","Alpha Adrenoceptor Blockers","Terazosin",254325,"Alpha-Adrenoceptor Blockers.qs","Code/00_inputs/canonical_drug_formulations.csv","Pharmaceutical formulation included in canonical event definition."
"Analgesics","Nervous System","Analgesics","Non-opioid Analgesics","Aspirin",108701,"Analgesics.qs","Code/00_inputs/canonical_drug_formulations.csv","Pharmaceutical formulation included in canonical event definition."
"Analgesics","Nervous System","Analgesics","Non-opioid Analgesics","Aspirin",108702,"Analgesics.qs","Code/00_inputs/canonical_drug_formulations.csv","Pharmaceutical formulation included in canonical event definition."
"Analgesics","Nervous System","Analgesics","Non-opioid Analgesics","Aspirin",108705,"Analgesics.qs","Code/00_inputs/canonical_drug_formulations.csv","Pharmaceutical formulation included in canonical event definition."
"Analgesics","Nervous System","Analgesics","Non-opioid Analgesics","Aspirin",108706,"Analgesics.qs","Code/00_inputs/canonical_drug_formulations.csv","Pharmaceutical formulation included in canonical event definition."
"Analgesics","Nervous System","Analgesics","Non-opioid Analgesics","Aspirin",108707,"Analgesics.qs","Code/00_inputs/canonical_drug_formulations.csv","Pharmaceutical formulation included in canonical event definition."
"Analgesics","Nervous System","Analgesics","Antipyretics with Codeine","Aspirin with Codeine",109301,"Analgesics.qs","Code/00_inputs/canonical_drug_formulations.csv","Pharmaceutical formulation included in canonical event definition."
"Analgesics","Nervous System","Analgesics","Antipyretics with Codeine","Aspirin with paracetamol and codeine",109201,"Analgesics.qs","Code/00_inputs/canonical_drug_formulations.csv","Pharmaceutical formulation included in canonical event definition."
"Analgesics","Nervous System","Analgesics","Opioid Analgesics","Buprenorphine Hydrochloride",252102,"Analgesics.qs","Code/00_inputs/canonical_drug_formulations.csv","Pharmaceutical formulation included in canonical event definition."
"Analgesics","Nervous System","Analgesics","Opioid Analgesics","Buprenorphine hydrochloride",252101,"Analgesics.qs","Code/00_inputs/canonical_drug_formulations.csv","Pharmaceutical formulation included in canonical event definition."
"Analgesics","Nervous System","Analgesics","Non-opioid Analgesics","Capsaicin",385425,"Analgesics.qs","Code/00_inputs/canonical_drug_formulations.csv","Pharmaceutical formulation included in canonical event definition."
"Analgesics","Nervous System","Analgesics","Opioid Analgesics","Codeine phosphate",133201,"Analgesics.qs","Code/00_inputs/canonical_drug_formulations.csv","Pharmaceutical formulation included in canonical event definition."
"Analgesics","Nervous System","Analgesics","Opioid Analgesics","Codeine phosphate",133202,"Analgesics.qs","Code/00_inputs/canonical_drug_formulations.csv","Pharmaceutical formulation included in canonical event definition."
"Analgesics","Nervous System","Analgesics","Opioid Analgesics","Codeine phosphate",133203,"Analgesics.qs","Code/00_inputs/canonical_drug_formulations.csv","Pharmaceutical formulation included in canonical event definition."
"Analgesics","Nervous System","Analgesics","Opioid Analgesics","Dextromoramide acid tartrate",139001,"Analgesics.qs","Code/00_inputs/canonical_drug_formulations.csv","Pharmaceutical formulation included in canonical event definition."
"Analgesics","Nervous System","Analgesics","Opioid Analgesics","Dextropropoxyphene",139101,"Analgesics.qs","Code/00_inputs/canonical_drug_formulations.csv","Pharmaceutical formulation included in canonical event definition."
"Analgesics","Nervous System","Analgesics","Opioid Analgesics","Dextropropoxyphene with paracetamol",139201,"Analgesics.qs","Code/00_inputs/canonical_drug_formulations.csv","Pharmaceutical formulation included in canonical event definition."
"Analgesics","Nervous System","Analgesics","Opioid Analgesics","Dextropropoxyphene with paracetamol",139202,"Analgesics.qs","Code/00_inputs/canonical_drug_formulations.csv","Pharmaceutical formulation included in canonical event definition."
"Analgesics","Nervous System","Analgesics","Opioid Analgesics","Dihydrocodeine tartrate",242701,"Analgesics.qs","Code/00_inputs/canonical_drug_formulations.csv","Pharmaceutical formulation included in canonical event definition."
"Analgesics","Nervous System","Analgesics","Opioid Analgesics","Fentanyl",380115,"Analgesics.qs","Code/00_inputs/canonical_drug_formulations.csv","Pharmaceutical formulation included in canonical event definition."
"Analgesics","Nervous System","Analgesics","Opioid Analgesics","Fentanyl",380116,"Analgesics.qs","Code/00_inputs/canonical_drug_formulations.csv","Pharmaceutical formulation included in canonical event definition."
"Analgesics","Nervous System","Analgesics","Opioid Analgesics","Fentanyl",380125,"Analgesics.qs","Code/00_inputs/canonical_drug_formulations.csv","Pharmaceutical formulation included in canonical event definition."
"Analgesics","Nervous System","Analgesics","Opioid Analgesics","Fentanyl",380126,"Analgesics.qs","Code/00_inputs/canonical_drug_formulations.csv","Pharmaceutical formulation included in canonical event definition."
"Analgesics","Nervous System","Analgesics","Opioid Analgesics","Fentanyl",380127,"Analgesics.qs","Code/00_inputs/canonical_drug_formulations.csv","Pharmaceutical formulation included in canonical event definition."
"Analgesics","Nervous System","Analgesics","Opioid Analgesics","Fentanyl",380128,"Analgesics.qs","Code/00_inputs/canonical_drug_formulations.csv","Pharmaceutical formulation included in canonical event definition."
"Analgesics","Nervous System","Analgesics","Opioid Analgesics","Fentanyl",380129,"Analgesics.qs","Code/00_inputs/canonical_drug_formulations.csv","Pharmaceutical formulation included in canonical event definition."
"Analgesics","Nervous System","Analgesics","Opioid Analgesics","Fentanyl",380130,"Analgesics.qs","Code/00_inputs/canonical_drug_formulations.csv","Pharmaceutical formulation included in canonical event definition."
"Analgesics","Nervous System","Analgesics","Opioid Analgesics","Fentanyl",380131,"Analgesics.qs","Code/00_inputs/canonical_drug_formulations.csv","Pharmaceutical formulation included in canonical event definition."
"Analgesics","Nervous System","Analgesics","Opioid Analgesics","Fentanyl",380132,"Analgesics.qs","Code/00_inputs/canonical_drug_formulations.csv","Pharmaceutical formulation included in canonical event definition."
"Analgesics","Nervous System","Analgesics","Opioid Analgesics","Fentanyl",380133,"Analgesics.qs","Code/00_inputs/canonical_drug_formulations.csv","Pharmaceutical formulation included in canonical event definition."
"Analgesics","Nervous System","Analgesics","Opioid Analgesics","Fentanyl",380134,"Analgesics.qs","Code/00_inputs/canonical_drug_formulations.csv","Pharmaceutical formulation included in canonical event definition."
"Analgesics","Nervous System","Analgesics","Opioid Analgesics","Fentanyl",380135,"Analgesics.qs","Code/00_inputs/canonical_drug_formulations.csv","Pharmaceutical formulation included in canonical event definition."
"Analgesics","Nervous System","Analgesics","Opioid Analgesics","Fentanyl",380136,"Analgesics.qs","Code/00_inputs/canonical_drug_formulations.csv","Pharmaceutical formulation included in canonical event definition."
"Analgesics","Nervous System","Analgesics","Opioid Analgesics","Fentanyl",380137,"Analgesics.qs","Code/00_inputs/canonical_drug_formulations.csv","Pharmaceutical formulation included in canonical event definition."
"Analgesics","Nervous System","Analgesics","Opioid Analgesics","Fentanyl Citrate",127401,"Analgesics.qs","Code/00_inputs/canonical_drug_formulations.csv","Pharmaceutical formulation included in canonical event definition."
"Analgesics","Nervous System","Analgesics","Opioid Analgesics","Fentanyl Citrate",127402,"Analgesics.qs","Code/00_inputs/canonical_drug_formulations.csv","Pharmaceutical formulation included in canonical event definition."
"Analgesics","Nervous System","Analgesics","Opioid Analgesics","Fentanyl Citrate",127403,"Analgesics.qs","Code/00_inputs/canonical_drug_formulations.csv","Pharmaceutical formulation included in canonical event definition."
"Analgesics","Nervous System","Analgesics","Opioid Analgesics","Fentanyl Citrate",127404,"Analgesics.qs","Code/00_inputs/canonical_drug_formulations.csv","Pharmaceutical formulation included in canonical event definition."
"Analgesics","Nervous System","Analgesics","Opioid Analgesics","Fentanyl Citrate",127425,"Analgesics.qs","Code/00_inputs/canonical_drug_formulations.csv","Pharmaceutical formulation included in canonical event definition."
"Analgesics","Nervous System","Analgesics","Opioid Analgesics","Fentanyl citrate",389625,"Analgesics.qs","Code/00_inputs/canonical_drug_formulations.csv","Pharmaceutical formulation included in canonical event definition."
"Analgesics","Nervous System","Analgesics","Opioid Analgesics","Fentanyl citrate",389626,"Analgesics.qs","Code/00_inputs/canonical_drug_formulations.csv","Pharmaceutical formulation included in canonical event definition."
"Analgesics","Nervous System","Analgesics","Non-opioid Analgesics","Iloprost-trometamol",126501,"Analgesics.qs","Code/00_inputs/canonical_drug_formulations.csv","Pharmaceutical formulation included in canonical event definition."
"Analgesics","Nervous System","Analgesics","Opioid Analgesics","Methadone hydrochloride",179501,"Analgesics.qs","Code/00_inputs/canonical_drug_formulations.csv","Pharmaceutical formulation included in canonical event definition."
"Analgesics","Nervous System","Analgesics","Opioid Analgesics","Methadone hydrochloride",179502,"Analgesics.qs","Code/00_inputs/canonical_drug_formulations.csv","Pharmaceutical formulation included in canonical event definition."
"Analgesics","Nervous System","Analgesics","Opioid Analgesics","Methadone hydrochloride",179503,"Analgesics.qs","Code/00_inputs/canonical_drug_formulations.csv","Pharmaceutical formulation included in canonical event definition."
"Analgesics","Nervous System","Analgesics","Opioid Analgesics","Methadone hydrochloride",179505,"Analgesics.qs","Code/00_inputs/canonical_drug_formulations.csv","Pharmaceutical formulation included in canonical event definition."
"Analgesics","Nervous System","Analgesics","Opioid Analgesics","Methadone hydrochloride",179506,"Analgesics.qs","Code/00_inputs/canonical_drug_formulations.csv","Pharmaceutical formulation included in canonical event definition."
"Analgesics","Nervous System","Analgesics","Opioid Analgesics","Methadone hydrochloride",179507,"Analgesics.qs","Code/00_inputs/canonical_drug_formulations.csv","Pharmaceutical formulation included in canonical event definition."
"Analgesics","Nervous System","Analgesics","Opioid Analgesics","Methadone hydrochloride",179525,"Analgesics.qs","Code/00_inputs/canonical_drug_formulations.csv","Pharmaceutical formulation included in canonical event definition."
"Analgesics","Nervous System","Analgesics","Opioid Analgesics","Morphine hydrochloride",183001,"Analgesics.qs","Code/00_inputs/canonical_drug_formulations.csv","Pharmaceutical formulation included in canonical event definition."
"Analgesics","Nervous System","Analgesics","Opioid Analgesics","Morphine hydrochloride",183002,"Analgesics.qs","Code/00_inputs/canonical_drug_formulations.csv","Pharmaceutical formulation included in canonical event definition."
"Analgesics","Nervous System","Analgesics","Opioid Analgesics","Morphine hydrochloride",183003,"Analgesics.qs","Code/00_inputs/canonical_drug_formulations.csv","Pharmaceutical formulation included in canonical event definition."
"Analgesics","Nervous System","Analgesics","Opioid Analgesics","Morphine hydrochloride",183004,"Analgesics.qs","Code/00_inputs/canonical_drug_formulations.csv","Pharmaceutical formulation included in canonical event definition."
"Analgesics","Nervous System","Analgesics","Opioid Analgesics","Morphine sulphate",183101,"Analgesics.qs","Code/00_inputs/canonical_drug_formulations.csv","Pharmaceutical formulation included in canonical event definition."
"Analgesics","Nervous System","Analgesics","Opioid Analgesics","Morphine sulphate",183102,"Analgesics.qs","Code/00_inputs/canonical_drug_formulations.csv","Pharmaceutical formulation included in canonical event definition."
"Analgesics","Nervous System","Analgesics","Opioid Analgesics","Morphine sulphate",183103,"Analgesics.qs","Code/00_inputs/canonical_drug_formulations.csv","Pharmaceutical formulation included in canonical event definition."
"Analgesics","Nervous System","Analgesics","Opioid Analgesics","Morphine sulphate",183104,"Analgesics.qs","Code/00_inputs/canonical_drug_formulations.csv","Pharmaceutical formulation included in canonical event definition."
"Analgesics","Nervous System","Analgesics","Opioid Analgesics","Morphine sulphate",183105,"Analgesics.qs","Code/00_inputs/canonical_drug_formulations.csv","Pharmaceutical formulation included in canonical event definition."
"Analgesics","Nervous System","Analgesics","Opioid Analgesics","Morphine sulphate",183106,"Analgesics.qs","Code/00_inputs/canonical_drug_formulations.csv","Pharmaceutical formulation included in canonical event definition."
"Analgesics","Nervous System","Analgesics","Opioid Analgesics","Morphine sulphate",183107,"Analgesics.qs","Code/00_inputs/canonical_drug_formulations.csv","Pharmaceutical formulation included in canonical event definition."
"Analgesics","Nervous System","Analgesics","Opioid Analgesics","Morphine sulphate",183108,"Analgesics.qs","Code/00_inputs/canonical_drug_formulations.csv","Pharmaceutical formulation included in canonical event definition."
"Analgesics","Nervous System","Analgesics","Opioid Analgesics","Morphine sulphate",183109,"Analgesics.qs","Code/00_inputs/canonical_drug_formulations.csv","Pharmaceutical formulation included in canonical event definition."
"Analgesics","Nervous System","Analgesics","Opioid Analgesics","Morphine sulphate",183110,"Analgesics.qs","Code/00_inputs/canonical_drug_formulations.csv","Pharmaceutical formulation included in canonical event definition."
"Analgesics","Nervous System","Analgesics","Opioid Analgesics","Morphine sulphate",183111,"Analgesics.qs","Code/00_inputs/canonical_drug_formulations.csv","Pharmaceutical formulation included in canonical event definition."
"Analgesics","Nervous System","Analgesics","Opioid Analgesics","Morphine sulphate",183112,"Analgesics.qs","Code/00_inputs/canonical_drug_formulations.csv","Pharmaceutical formulation included in canonical event definition."
"Analgesics","Nervous System","Analgesics","Opioid Analgesics","Morphine sulphate",183113,"Analgesics.qs","Code/00_inputs/canonical_drug_formulations.csv","Pharmaceutical formulation included in canonical event definition."
"Analgesics","Nervous System","Analgesics","Opioid Analgesics","Morphine sulphate",183114,"Analgesics.qs","Code/00_inputs/canonical_drug_formulations.csv","Pharmaceutical formulation included in canonical event definition."
"Analgesics","Nervous System","Analgesics","Opioid Analgesics","Morphine sulphate",183115,"Analgesics.qs","Code/00_inputs/canonical_drug_formulations.csv","Pharmaceutical formulation included in canonical event definition."
"Analgesics","Nervous System","Analgesics","Opioid Analgesics","Morphine sulphate",183117,"Analgesics.qs","Code/00_inputs/canonical_drug_formulations.csv","Pharmaceutical formulation included in canonical event definition."
"Analgesics","Nervous System","Analgesics","Opioid Analgesics","Morphine sulphate",183118,"Analgesics.qs","Code/00_inputs/canonical_drug_formulations.csv","Pharmaceutical formulation included in canonical event definition."
"Analgesics","Nervous System","Analgesics","Opioid Analgesics","Morphine sulphate",183119,"Analgesics.qs","Code/00_inputs/canonical_drug_formulations.csv","Pharmaceutical formulation included in canonical event definition."
"Analgesics","Nervous System","Analgesics","Opioid Analgesics","Morphine sulphate",183120,"Analgesics.qs","Code/00_inputs/canonical_drug_formulations.csv","Pharmaceutical formulation included in canonical event definition."
"Analgesics","Nervous System","Analgesics","Opioid Analgesics","Morphine sulphate",183121,"Analgesics.qs","Code/00_inputs/canonical_drug_formulations.csv","Pharmaceutical formulation included in canonical event definition."
"Analgesics","Nervous System","Analgesics","Opioid Analgesics","Morphine sulphate",183122,"Analgesics.qs","Code/00_inputs/canonical_drug_formulations.csv","Pharmaceutical formulation included in canonical event definition."
"Analgesics","Nervous System","Analgesics","Opioid Analgesics","Morphine sulphate",183125,"Analgesics.qs","Code/00_inputs/canonical_drug_formulations.csv","Pharmaceutical formulation included in canonical event definition."
"Analgesics","Nervous System","Analgesics","Opioid Analgesics","Morphine sulphate",183126,"Analgesics.qs","Code/00_inputs/canonical_drug_formulations.csv","Pharmaceutical formulation included in canonical event definition."
"Analgesics","Nervous System","Analgesics","Opioid Analgesics","Morphine sulphate",183127,"Analgesics.qs","Code/00_inputs/canonical_drug_formulations.csv","Pharmaceutical formulation included in canonical event definition."
"Analgesics","Nervous System","Analgesics","Opioid Analgesics","Morphine tartrate",238301,"Analgesics.qs","Code/00_inputs/canonical_drug_formulations.csv","Pharmaceutical formulation included in canonical event definition."
"Analgesics","Nervous System","Analgesics","Opioid Analgesics","Morphine tartrate",238302,"Analgesics.qs","Code/00_inputs/canonical_drug_formulations.csv","Pharmaceutical formulation included in canonical event definition."
"Analgesics","Nervous System","Analgesics","Non-opioid Analgesics","Nefopam hydrochloride",184901,"Analgesics.qs","Code/00_inputs/canonical_drug_formulations.csv","Pharmaceutical formulation included in canonical event definition."
"Analgesics","Nervous System","Analgesics","Non-opioid Analgesics","Nefopam hydrochloride",184902,"Analgesics.qs","Code/00_inputs/canonical_drug_formulations.csv","Pharmaceutical formulation included in canonical event definition."
"Analgesics","Nervous System","Analgesics","Opioid Analgesics","Oxycodone hydrochloride",382225,"Analgesics.qs","Code/00_inputs/canonical_drug_formulations.csv","Pharmaceutical formulation included in canonical event definition."
"Analgesics","Nervous System","Analgesics","Opioid Analgesics","Oxycodone hydrochloride",382226,"Analgesics.qs","Code/00_inputs/canonical_drug_formulations.csv","Pharmaceutical formulation included in canonical event definition."
"Analgesics","Nervous System","Analgesics","Opioid Analgesics","Oxycodone hydrochloride",382227,"Analgesics.qs","Code/00_inputs/canonical_drug_formulations.csv","Pharmaceutical formulation included in canonical event definition."
"Analgesics","Nervous System","Analgesics","Opioid Analgesics","Oxycodone hydrochloride",382228,"Analgesics.qs","Code/00_inputs/canonical_drug_formulations.csv","Pharmaceutical formulation included in canonical event definition."
"Analgesics","Nervous System","Analgesics","Opioid Analgesics","Oxycodone hydrochloride",382229,"Analgesics.qs","Code/00_inputs/canonical_drug_formulations.csv","Pharmaceutical formulation included in canonical event definition."
"Analgesics","Nervous System","Analgesics","Opioid Analgesics","Oxycodone hydrochloride",382230,"Analgesics.qs","Code/00_inputs/canonical_drug_formulations.csv","Pharmaceutical formulation included in canonical event definition."
"Analgesics","Nervous System","Analgesics","Opioid Analgesics","Oxycodone hydrochloride",382231,"Analgesics.qs","Code/00_inputs/canonical_drug_formulations.csv","Pharmaceutical formulation included in canonical event definition."
"Analgesics","Nervous System","Analgesics","Opioid Analgesics","Oxycodone hydrochloride",382232,"Analgesics.qs","Code/00_inputs/canonical_drug_formulations.csv","Pharmaceutical formulation included in canonical event definition."
"Analgesics","Nervous System","Analgesics","Opioid Analgesics","Oxycodone hydrochloride",382233,"Analgesics.qs","Code/00_inputs/canonical_drug_formulations.csv","Pharmaceutical formulation included in canonical event definition."
"Analgesics","Nervous System","Analgesics","Opioid Analgesics","Oxycodone hydrochloride",382234,"Analgesics.qs","Code/00_inputs/canonical_drug_formulations.csv","Pharmaceutical formulation included in canonical event definition."
"Analgesics","Nervous System","Analgesics","Opioid Analgesics","Oxycodone hydrochloride",382235,"Analgesics.qs","Code/00_inputs/canonical_drug_formulations.csv","Pharmaceutical formulation included in canonical event definition."
"Analgesics","Nervous System","Analgesics","Opioid Analgesics","Oxycodone hydrochloride",382236,"Analgesics.qs","Code/00_inputs/canonical_drug_formulations.csv","Pharmaceutical formulation included in canonical event definition."
"Analgesics","Nervous System","Analgesics","Opioid Analgesics","Oxycodone pectinate",191501,"Analgesics.qs","Code/00_inputs/canonical_drug_formulations.csv","Pharmaceutical formulation included in canonical event definition."
"Analgesics","Nervous System","Analgesics","Opioid Analgesics","Papaveretum",192701,"Analgesics.qs","Code/00_inputs/canonical_drug_formulations.csv","Pharmaceutical formulation included in canonical event definition."
"Analgesics","Nervous System","Analgesics","Non-opioid Analgesics","Paracetamol",192902,"Analgesics.qs","Code/00_inputs/canonical_drug_formulations.csv","Pharmaceutical formulation included in canonical event definition."
"Analgesics","Nervous System","Analgesics","Non-opioid Analgesics","Paracetamol",192903,"Analgesics.qs","Code/00_inputs/canonical_drug_formulations.csv","Pharmaceutical formulation included in canonical event definition."
"Analgesics","Nervous System","Analgesics","Non-opioid Analgesics","Paracetamol",192904,"Analgesics.qs","Code/00_inputs/canonical_drug_formulations.csv","Pharmaceutical formulation included in canonical event definition."
"Analgesics","Nervous System","Analgesics","Non-opioid Analgesics","Paracetamol",192905,"Analgesics.qs","Code/00_inputs/canonical_drug_formulations.csv","Pharmaceutical formulation included in canonical event definition."
"Analgesics","Nervous System","Analgesics","Non-opioid Analgesics","Paracetamol",192906,"Analgesics.qs","Code/00_inputs/canonical_drug_formulations.csv","Pharmaceutical formulation included in canonical event definition."
"Analgesics","Nervous System","Analgesics","Non-opioid Analgesics","Paracetamol",192908,"Analgesics.qs","Code/00_inputs/canonical_drug_formulations.csv","Pharmaceutical formulation included in canonical event definition."
"Analgesics","Nervous System","Analgesics","Non-opioid Analgesics","Paracetamol",192925,"Analgesics.qs","Code/00_inputs/canonical_drug_formulations.csv","Pharmaceutical formulation included in canonical event definition."
"Analgesics","Nervous System","Analgesics","Opioid Analgesics","Paracetamol with codeine",193101,"Analgesics.qs","Code/00_inputs/canonical_drug_formulations.csv","Pharmaceutical formulation included in canonical event definition."
"Analgesics","Nervous System","Analgesics","Opioid Analgesics","Pentazocine",194401,"Analgesics.qs","Code/00_inputs/canonical_drug_formulations.csv","Pharmaceutical formulation included in canonical event definition."
"Analgesics","Nervous System","Analgesics","Opioid Analgesics","Pentazocine",194402,"Analgesics.qs","Code/00_inputs/canonical_drug_formulations.csv","Pharmaceutical formulation included in canonical event definition."
"Analgesics","Nervous System","Analgesics","Opioid Analgesics","Pentazocine",194403,"Analgesics.qs","Code/00_inputs/canonical_drug_formulations.csv","Pharmaceutical formulation included in canonical event definition."
"Analgesics","Nervous System","Analgesics","Opioid Analgesics","Pethidine hydrochloride",195301,"Analgesics.qs","Code/00_inputs/canonical_drug_formulations.csv","Pharmaceutical formulation included in canonical event definition."
"Analgesics","Nervous System","Analgesics","Opioid Analgesics","Pethidine hydrochloride",195302,"Analgesics.qs","Code/00_inputs/canonical_drug_formulations.csv","Pharmaceutical formulation included in canonical event definition."
"Analgesics","Nervous System","Analgesics","Opioid Analgesics","Pethidine hydrochloride",195303,"Analgesics.qs","Code/00_inputs/canonical_drug_formulations.csv","Pharmaceutical formulation included in canonical event definition."
"Analgesics","Nervous System","Analgesics","Opioid Analgesics","Pethidine hydrochloride",195304,"Analgesics.qs","Code/00_inputs/canonical_drug_formulations.csv","Pharmaceutical formulation included in canonical event definition."
"Analgesics","Nervous System","Analgesics","Opioid Analgesics","Pethidine hydrochloride",195305,"Analgesics.qs","Code/00_inputs/canonical_drug_formulations.csv","Pharmaceutical formulation included in canonical event definition."
"Analgesics","Nervous System","Analgesics","Opioid Analgesics","Tramadol",122901,"Analgesics.qs","Code/00_inputs/canonical_drug_formulations.csv","Pharmaceutical formulation included in canonical event definition."
"Analgesics","Nervous System","Analgesics","Opioid Analgesics","Tramadol",122902,"Analgesics.qs","Code/00_inputs/canonical_drug_formulations.csv","Pharmaceutical formulation included in canonical event definition."
"Analgesics","Nervous System","Analgesics","Opioid Analgesics","Tramadol",122903,"Analgesics.qs","Code/00_inputs/canonical_drug_formulations.csv","Pharmaceutical formulation included in canonical event definition."
"Analgesics","Nervous System","Analgesics","Opioid Analgesics","Tramadol hydrochloride",390625,"Analgesics.qs","Code/00_inputs/canonical_drug_formulations.csv","Pharmaceutical formulation included in canonical event definition."
"Analgesics","Nervous System","Analgesics","Opioid Analgesics","Tramadol hydrochloride",390626,"Analgesics.qs","Code/00_inputs/canonical_drug_formulations.csv","Pharmaceutical formulation included in canonical event definition."
"Analgesics","Nervous System","Analgesics","Opioid Analgesics","Tramadol hydrochloride",390627,"Analgesics.qs","Code/00_inputs/canonical_drug_formulations.csv","Pharmaceutical formulation included in canonical event definition."
"Analgesics","Nervous System","Analgesics","Opioid Analgesics","Tramadol hydrochloride",390628,"Analgesics.qs","Code/00_inputs/canonical_drug_formulations.csv","Pharmaceutical formulation included in canonical event definition."
"Antibacterials","Infections - Agents for Systemic Use","Antibacterials","Penicillins","Amoxicillin",107201,"Antibacterials.qs","Code/00_inputs/canonical_drug_formulations.csv","Pharmaceutical formulation included in canonical event definition."
"Antibacterials","Infections - Agents for Systemic Use","Antibacterials","Penicillins","Amoxicillin",107202,"Antibacterials.qs","Code/00_inputs/canonical_drug_formulations.csv","Pharmaceutical formulation included in canonical event definition."
"Antibacterials","Infections - Agents for Systemic Use","Antibacterials","Penicillins","Amoxicillin",107203,"Antibacterials.qs","Code/00_inputs/canonical_drug_formulations.csv","Pharmaceutical formulation included in canonical event definition."
"Antibacterials","Infections - Agents for Systemic Use","Antibacterials","Penicillins","Amoxicillin",107204,"Antibacterials.qs","Code/00_inputs/canonical_drug_formulations.csv","Pharmaceutical formulation included in canonical event definition."
"Antibacterials","Infections - Agents for Systemic Use","Antibacterials","Penicillins","Amoxicillin",107205,"Antibacterials.qs","Code/00_inputs/canonical_drug_formulations.csv","Pharmaceutical formulation included in canonical event definition."
"Antibacterials","Infections - Agents for Systemic Use","Antibacterials","Penicillins","Amoxicillin",107206,"Antibacterials.qs","Code/00_inputs/canonical_drug_formulations.csv","Pharmaceutical formulation included in canonical event definition."
"Antibacterials","Infections - Agents for Systemic Use","Antibacterials","Penicillins","Amoxicillin",107207,"Antibacterials.qs","Code/00_inputs/canonical_drug_formulations.csv","Pharmaceutical formulation included in canonical event definition."
"Antibacterials","Infections - Agents for Systemic Use","Antibacterials","Penicillins","Amoxicillin",107208,"Antibacterials.qs","Code/00_inputs/canonical_drug_formulations.csv","Pharmaceutical formulation included in canonical event definition."
"Antibacterials","Infections - Agents for Systemic Use","Antibacterials","Penicillins","Amoxicillin",107209,"Antibacterials.qs","Code/00_inputs/canonical_drug_formulations.csv","Pharmaceutical formulation included in canonical event definition."
"Antibacterials","Infections - Agents for Systemic Use","Antibacterials","Penicillins","Amoxicillin",107210,"Antibacterials.qs","Code/00_inputs/canonical_drug_formulations.csv","Pharmaceutical formulation included in canonical event definition."
"Antibacterials","Infections - Agents for Systemic Use","Antibacterials","Penicillins","Amoxicillin with clavulanic acid",107001,"Antibacterials.qs","Code/00_inputs/canonical_drug_formulations.csv","Pharmaceutical formulation included in canonical event definition."
"Antibacterials","Infections - Agents for Systemic Use","Antibacterials","Penicillins","Amoxicillin with clavulanic acid",107002,"Antibacterials.qs","Code/00_inputs/canonical_drug_formulations.csv","Pharmaceutical formulation included in canonical event definition."
"Antibacterials","Infections - Agents for Systemic Use","Antibacterials","Penicillins","Amoxicillin with clavulanic acid",107003,"Antibacterials.qs","Code/00_inputs/canonical_drug_formulations.csv","Pharmaceutical formulation included in canonical event definition."
"Antibacterials","Infections - Agents for Systemic Use","Antibacterials","Penicillins","Amoxicillin with clavulanic acid",107004,"Antibacterials.qs","Code/00_inputs/canonical_drug_formulations.csv","Pharmaceutical formulation included in canonical event definition."
"Antibacterials","Infections - Agents for Systemic Use","Antibacterials","Penicillins","Amoxycillin Clavulanate",107005,"Antibacterials.qs","Code/00_inputs/canonical_drug_formulations.csv","Pharmaceutical formulation included in canonical event definition."
"Antibacterials","Infections - Agents for Systemic Use","Antibacterials","Macrolides","Azithromycin",117801,"Antibacterials.qs","Code/00_inputs/canonical_drug_formulations.csv","Pharmaceutical formulation included in canonical event definition."
"Antibacterials","Infections - Agents for Systemic Use","Antibacterials","Macrolides","Azithromycin",117825,"Antibacterials.qs","Code/00_inputs/canonical_drug_formulations.csv","Pharmaceutical formulation included in canonical event definition."
"Antibacterials","Infections - Agents for Systemic Use","Antibacterials","Macrolides","Azithromycin",117826,"Antibacterials.qs","Code/00_inputs/canonical_drug_formulations.csv","Pharmaceutical formulation included in canonical event definition."
"Antibacterials","Infections - Agents for Systemic Use","Antibacterials","Other Antibiotics","Aztreonam",886101,"Antibacterials.qs","Code/00_inputs/canonical_drug_formulations.csv","Pharmaceutical formulation included in canonical event definition."
"Antibacterials","Infections - Agents for Systemic Use","Antibacterials","Penicillins","Benzathine benzylpenicillin",112001,"Antibacterials.qs","Code/00_inputs/canonical_drug_formulations.csv","Pharmaceutical formulation included in canonical event definition."
"Antibacterials","Infections - Agents for Systemic Use","Antibacterials","Penicillins","Benzathine benzylpenicillin",112002,"Antibacterials.qs","Code/00_inputs/canonical_drug_formulations.csv","Pharmaceutical formulation included in canonical event definition."
"Antibacterials","Infections - Agents for Systemic Use","Antibacterials","Penicillins","Benzathine benzylpenicillin",112025,"Antibacterials.qs","Code/00_inputs/canonical_drug_formulations.csv","Pharmaceutical formulation included in canonical event definition."
"Antibacterials","Infections - Agents for Systemic Use","Antibacterials","Penicillins","Benzylpenicillin sodium [Penicillin G]",113601,"Antibacterials.qs","Code/00_inputs/canonical_drug_formulations.csv","Pharmaceutical formulation included in canonical event definition."
"Antibacterials","Infections - Agents for Systemic Use","Antibacterials","Cephalosporins and Cephamycins","Cefaclor monohydrate",122801,"Antibacterials.qs","Code/00_inputs/canonical_drug_formulations.csv","Pharmaceutical formulation included in canonical event definition."
"Antibacterials","Infections - Agents for Systemic Use","Antibacterials","Cephalosporins and Cephamycins","Cefaclor monohydrate",122802,"Antibacterials.qs","Code/00_inputs/canonical_drug_formulations.csv","Pharmaceutical formulation included in canonical event definition."
"Antibacterials","Infections - Agents for Systemic Use","Antibacterials","Cephalosporins and Cephamycins","Cefalexin",123401,"Antibacterials.qs","Code/00_inputs/canonical_drug_formulations.csv","Pharmaceutical formulation included in canonical event definition."
"Antibacterials","Infections - Agents for Systemic Use","Antibacterials","Cephalosporins and Cephamycins","Cefalexin",123402,"Antibacterials.qs","Code/00_inputs/canonical_drug_formulations.csv","Pharmaceutical formulation included in canonical event definition."
"Antibacterials","Infections - Agents for Systemic Use","Antibacterials","Cephalosporins and Cephamycins","Cefalexin",123403,"Antibacterials.qs","Code/00_inputs/canonical_drug_formulations.csv","Pharmaceutical formulation included in canonical event definition."
"Antibacterials","Infections - Agents for Systemic Use","Antibacterials","Cephalosporins and Cephamycins","Cefalexin",123404,"Antibacterials.qs","Code/00_inputs/canonical_drug_formulations.csv","Pharmaceutical formulation included in canonical event definition."
"Antibacterials","Infections - Agents for Systemic Use","Antibacterials","Cephalosporins and Cephamycins","Cefalexin",123425,"Antibacterials.qs","Code/00_inputs/canonical_drug_formulations.csv","Pharmaceutical formulation included in canonical event definition."
"Antibacterials","Infections - Agents for Systemic Use","Antibacterials","Cephalosporins and Cephamycins","Cefamandole nafate",123001,"Antibacterials.qs","Code/00_inputs/canonical_drug_formulations.csv","Pharmaceutical formulation included in canonical event definition."
"Antibacterials","Infections - Agents for Systemic Use","Antibacterials","Cephalosporins and Cephamycins","Cefamandole nafate",123002,"Antibacterials.qs","Code/00_inputs/canonical_drug_formulations.csv","Pharmaceutical formulation included in canonical event definition."
"Antibacterials","Infections - Agents for Systemic Use","Antibacterials","Cephalosporins and Cephamycins","Cefazolin",123601,"Antibacterials.qs","Code/00_inputs/canonical_drug_formulations.csv","Pharmaceutical formulation included in canonical event definition."
"Antibacterials","Infections - Agents for Systemic Use","Antibacterials","Cephalosporins and Cephamycins","Cefazolin",123602,"Antibacterials.qs","Code/00_inputs/canonical_drug_formulations.csv","Pharmaceutical formulation included in canonical event definition."
"Antibacterials","Infections - Agents for Systemic Use","Antibacterials","Cephalosporins and Cephamycins","Cefoxitin sodium",123101,"Antibacterials.qs","Code/00_inputs/canonical_drug_formulations.csv","Pharmaceutical formulation included in canonical event definition."
"Antibacterials","Infections - Agents for Systemic Use","Antibacterials","Cephalosporins and Cephamycins","Ceftazidime",881201,"Antibacterials.qs","Code/00_inputs/canonical_drug_formulations.csv","Pharmaceutical formulation included in canonical event definition."
"Antibacterials","Infections - Agents for Systemic Use","Antibacterials","Cephalosporins and Cephamycins","Ceftazidime",881202,"Antibacterials.qs","Code/00_inputs/canonical_drug_formulations.csv","Pharmaceutical formulation included in canonical event definition."
"Antibacterials","Infections - Agents for Systemic Use","Antibacterials","Cephalosporins and Cephamycins","Ceftazidime",881203,"Antibacterials.qs","Code/00_inputs/canonical_drug_formulations.csv","Pharmaceutical formulation included in canonical event definition."
"Antibacterials","Infections - Agents for Systemic Use","Antibacterials","Cephalosporins and Cephamycins","Ceftriaxone",123201,"Antibacterials.qs","Code/00_inputs/canonical_drug_formulations.csv","Pharmaceutical formulation included in canonical event definition."
"Antibacterials","Infections - Agents for Systemic Use","Antibacterials","Cephalosporins and Cephamycins","Ceftriaxone",123202,"Antibacterials.qs","Code/00_inputs/canonical_drug_formulations.csv","Pharmaceutical formulation included in canonical event definition."
"Antibacterials","Infections - Agents for Systemic Use","Antibacterials","Cephalosporins and Cephamycins","Ceftriaxone",123203,"Antibacterials.qs","Code/00_inputs/canonical_drug_formulations.csv","Pharmaceutical formulation included in canonical event definition."
"Antibacterials","Infections - Agents for Systemic Use","Antibacterials","Cephalosporins and Cephamycins","Cefuroxime axetil",108102,"Antibacterials.qs","Code/00_inputs/canonical_drug_formulations.csv","Pharmaceutical formulation included in canonical event definition."
"Antibacterials","Infections - Agents for Systemic Use","Antibacterials","Cephalosporins and Cephamycins","Cefuroxime sodium",123301,"Antibacterials.qs","Code/00_inputs/canonical_drug_formulations.csv","Pharmaceutical formulation included in canonical event definition."
"Antibacterials","Infections - Agents for Systemic Use","Antibacterials","Cephalosporins and Cephamycins","Cefuroxime sodium",123302,"Antibacterials.qs","Code/00_inputs/canonical_drug_formulations.csv","Pharmaceutical formulation included in canonical event definition."
"Antibacterials","Infections - Agents for Systemic Use","Antibacterials","Cephalosporins and Cephamycins","Cefuroxime sodium",123303,"Antibacterials.qs","Code/00_inputs/canonical_drug_formulations.csv","Pharmaceutical formulation included in canonical event definition."
"Antibacterials","Infections - Agents for Systemic Use","Antibacterials","Cephalosporins and Cephamycins","Cephalothin sodium",123501,"Antibacterials.qs","Code/00_inputs/canonical_drug_formulations.csv","Pharmaceutical formulation included in canonical event definition."
"Antibacterials","Infections - Agents for Systemic Use","Antibacterials","Cephalosporins and Cephamycins","Cephradine",123701,"Antibacterials.qs","Code/00_inputs/canonical_drug_formulations.csv","Pharmaceutical formulation included in canonical event definition."
"Antibacterials","Infections - Agents for Systemic Use","Antibacterials","Cephalosporins and Cephamycins","Cephradine",123702,"Antibacterials.qs","Code/00_inputs/canonical_drug_formulations.csv","Pharmaceutical formulation included in canonical event definition."
"Antibacterials","Infections - Agents for Systemic Use","Antibacterials","Cephalosporins and Cephamycins","Cephradine",123703,"Antibacterials.qs","Code/00_inputs/canonical_drug_formulations.csv","Pharmaceutical formulation included in canonical event definition."
"Antibacterials","Infections - Agents for Systemic Use","Antibacterials","Cephalosporins and Cephamycins","Cephradine",123704,"Antibacterials.qs","Code/00_inputs/canonical_drug_formulations.csv","Pharmaceutical formulation included in canonical event definition."
"Antibacterials","Infections - Agents for Systemic Use","Antibacterials","Other Antibiotics","Chloramphenicol",125906,"Antibacterials.qs","Code/00_inputs/canonical_drug_formulations.csv","Pharmaceutical formulation included in canonical event definition."
"Antibacterials","Infections - Agents for Systemic Use","Antibacterials","Other Antibiotics","Chloramphenicol",125907,"Antibacterials.qs","Code/00_inputs/canonical_drug_formulations.csv","Pharmaceutical formulation included in canonical event definition."
"Antibacterials","Infections - Agents for Systemic Use","Antibacterials","Other Antibiotics","Chloramphenicol sodium succinate",126101,"Antibacterials.qs","Code/00_inputs/canonical_drug_formulations.csv","Pharmaceutical formulation included in canonical event definition."
"Antibacterials","Infections - Agents for Systemic Use","Antibacterials","Other Antibiotics","Ciprofloxacin",281901,"Antibacterials.qs","Code/00_inputs/canonical_drug_formulations.csv","Pharmaceutical formulation included in canonical event definition."
"Antibacterials","Infections - Agents for Systemic Use","Antibacterials","Other Antibiotics","Ciprofloxacin",281902,"Antibacterials.qs","Code/00_inputs/canonical_drug_formulations.csv","Pharmaceutical formulation included in canonical event definition."
"Antibacterials","Infections - Agents for Systemic Use","Antibacterials","Other Antibiotics","Ciprofloxacin",281903,"Antibacterials.qs","Code/00_inputs/canonical_drug_formulations.csv","Pharmaceutical formulation included in canonical event definition."
"Antibacterials","Infections - Agents for Systemic Use","Antibacterials","Other Antibiotics","Ciprofloxacin",281925,"Antibacterials.qs","Code/00_inputs/canonical_drug_formulations.csv","Pharmaceutical formulation included in canonical event definition."
"Antibacterials","Infections - Agents for Systemic Use","Antibacterials","Other Antibiotics","Ciprofloxacin",281926,"Antibacterials.qs","Code/00_inputs/canonical_drug_formulations.csv","Pharmaceutical formulation included in canonical event definition."
"Antibacterials","Infections - Agents for Systemic Use","Antibacterials","Macrolides","Clarithromycin",280901,"Antibacterials.qs","Code/00_inputs/canonical_drug_formulations.csv","Pharmaceutical formulation included in canonical event definition."
"Antibacterials","Infections - Agents for Systemic Use","Antibacterials","Macrolides","Clarithromycin",280902,"Antibacterials.qs","Code/00_inputs/canonical_drug_formulations.csv","Pharmaceutical formulation included in canonical event definition."
"Antibacterials","Infections - Agents for Systemic Use","Antibacterials","Macrolides","Clarithromycin",280926,"Antibacterials.qs","Code/00_inputs/canonical_drug_formulations.csv","Pharmaceutical formulation included in canonical event definition."
"Antibacterials","Infections - Agents for Systemic Use","Antibacterials","Other Antibiotics","Clindamycin",130301,"Antibacterials.qs","Code/00_inputs/canonical_drug_formulations.csv","Pharmaceutical formulation included in canonical event definition."
"Antibacterials","Infections - Agents for Systemic Use","Antibacterials","Other Antibiotics","Clindamycin",130302,"Antibacterials.qs","Code/00_inputs/canonical_drug_formulations.csv","Pharmaceutical formulation included in canonical event definition."
"Antibacterials","Infections - Agents for Systemic Use","Antibacterials","Other Antibiotics","Clindamycin",130303,"Antibacterials.qs","Code/00_inputs/canonical_drug_formulations.csv","Pharmaceutical formulation included in canonical event definition."
"Antibacterials","Infections - Agents for Systemic Use","Antibacterials","Other Antibiotics","Colistin sulphomethate",134601,"Antibacterials.qs","Code/00_inputs/canonical_drug_formulations.csv","Pharmaceutical formulation included in canonical event definition."
"Antibacterials","Infections - Agents for Systemic Use","Antibacterials","Tetracyclines","Demeclocycline hydrochloride",242301,"Antibacterials.qs","Code/00_inputs/canonical_drug_formulations.csv","Pharmaceutical formulation included in canonical event definition."
"Antibacterials","Infections - Agents for Systemic Use","Antibacterials","Penicillins","Dicloxacillin",112401,"Antibacterials.qs","Code/00_inputs/canonical_drug_formulations.csv","Pharmaceutical formulation included in canonical event definition."
"Antibacterials","Infections - Agents for Systemic Use","Antibacterials","Penicillins","Dicloxacillin",112402,"Antibacterials.qs","Code/00_inputs/canonical_drug_formulations.csv","Pharmaceutical formulation included in canonical event definition."
"Antibacterials","Infections - Agents for Systemic Use","Antibacterials","Penicillins","Dicloxacillin",112403,"Antibacterials.qs","Code/00_inputs/canonical_drug_formulations.csv","Pharmaceutical formulation included in canonical event definition."
"Antibacterials","Infections - Agents for Systemic Use","Antibacterials","Penicillins","Dicloxacillin",112404,"Antibacterials.qs","Code/00_inputs/canonical_drug_formulations.csv","Pharmaceutical formulation included in canonical event definition."
"Antibacterials","Infections - Agents for Systemic Use","Antibacterials","Penicillins","Dicloxacillin",112405,"Antibacterials.qs","Code/00_inputs/canonical_drug_formulations.csv","Pharmaceutical formulation included in canonical event definition."
"Antibacterials","Infections - Agents for Systemic Use","Antibacterials","Penicillins","Dicloxacillin",112406,"Antibacterials.qs","Code/00_inputs/canonical_drug_formulations.csv","Pharmaceutical formulation included in canonical event definition."
"Antibacterials","Infections - Agents for Systemic Use","Antibacterials","Tetracyclines","Doxycycline",252901,"Antibacterials.qs","Code/00_inputs/canonical_drug_formulations.csv","Pharmaceutical formulation included in canonical event definition."
"Antibacterials","Infections - Agents for Systemic Use","Antibacterials","Tetracyclines","Doxycycline",252903,"Antibacterials.qs","Code/00_inputs/canonical_drug_formulations.csv","Pharmaceutical formulation included in canonical event definition."
"Antibacterials","Infections - Agents for Systemic Use","Antibacterials","Tetracyclines","Doxycycline",252904,"Antibacterials.qs","Code/00_inputs/canonical_drug_formulations.csv","Pharmaceutical formulation included in canonical event definition."
"Antibacterials","Infections - Agents for Systemic Use","Antibacterials","Macrolides","Erythromycin",146504,"Antibacterials.qs","Code/00_inputs/canonical_drug_formulations.csv","Pharmaceutical formulation included in canonical event definition."
"Antibacterials","Infections - Agents for Systemic Use","Antibacterials","Macrolides","Erythromycin",146505,"Antibacterials.qs","Code/00_inputs/canonical_drug_formulations.csv","Pharmaceutical formulation included in canonical event definition."
"Antibacterials","Infections - Agents for Systemic Use","Antibacterials","Macrolides","Erythromycin (as lactobionate)",602801,"Antibacterials.qs","Code/00_inputs/canonical_drug_formulations.csv","Pharmaceutical formulation included in canonical event definition."
"Antibacterials","Infections - Agents for Systemic Use","Antibacterials","Macrolides","Erythromycin (as lactobionate)",602802,"Antibacterials.qs","Code/00_inputs/canonical_drug_formulations.csv","Pharmaceutical formulation included in canonical event definition."
"Antibacterials","Infections - Agents for Systemic Use","Antibacterials","Macrolides","Erythromycin estolate",146602,"Antibacterials.qs","Code/00_inputs/canonical_drug_formulations.csv","Pharmaceutical formulation included in canonical event definition."
"Antibacterials","Infections - Agents for Systemic Use","Antibacterials","Macrolides","Erythromycin estolate",146603,"Antibacterials.qs","Code/00_inputs/canonical_drug_formulations.csv","Pharmaceutical formulation included in canonical event definition."
"Antibacterials","Infections - Agents for Systemic Use","Antibacterials","Macrolides","Erythromycin estolate",146604,"Antibacterials.qs","Code/00_inputs/canonical_drug_formulations.csv","Pharmaceutical formulation included in canonical event definition."
"Antibacterials","Infections - Agents for Systemic Use","Antibacterials","Macrolides","Erythromycin estolate",146605,"Antibacterials.qs","Code/00_inputs/canonical_drug_formulations.csv","Pharmaceutical formulation included in canonical event definition."
"Antibacterials","Infections - Agents for Systemic Use","Antibacterials","Macrolides","Erythromycin ethyl succinate",602601,"Antibacterials.qs","Code/00_inputs/canonical_drug_formulations.csv","Pharmaceutical formulation included in canonical event definition."
"Antibacterials","Infections - Agents for Systemic Use","Antibacterials","Macrolides","Erythromycin ethyl succinate",602602,"Antibacterials.qs","Code/00_inputs/canonical_drug_formulations.csv","Pharmaceutical formulation included in canonical event definition."
"Antibacterials","Infections - Agents for Systemic Use","Antibacterials","Macrolides","Erythromycin ethyl succinate",602603,"Antibacterials.qs","Code/00_inputs/canonical_drug_formulations.csv","Pharmaceutical formulation included in canonical event definition."
"Antibacterials","Infections - Agents for Systemic Use","Antibacterials","Macrolides","Erythromycin ethyl succinate",602605,"Antibacterials.qs","Code/00_inputs/canonical_drug_formulations.csv","Pharmaceutical formulation included in canonical event definition."
"Antibacterials","Infections - Agents for Systemic Use","Antibacterials","Macrolides","Erythromycin ethyl succinate",602606,"Antibacterials.qs","Code/00_inputs/canonical_drug_formulations.csv","Pharmaceutical formulation included in canonical event definition."
"Antibacterials","Infections - Agents for Systemic Use","Antibacterials","Macrolides","Erythromycin stearate",602702,"Antibacterials.qs","Code/00_inputs/canonical_drug_formulations.csv","Pharmaceutical formulation included in canonical event definition."
"Antibacterials","Infections - Agents for Systemic Use","Antibacterials","Macrolides","Erythromycin stearate",602703,"Antibacterials.qs","Code/00_inputs/canonical_drug_formulations.csv","Pharmaceutical formulation included in canonical event definition."
"Antibacterials","Infections - Agents for Systemic Use","Antibacterials","Macrolides","Erythromycin stearate",602704,"Antibacterials.qs","Code/00_inputs/canonical_drug_formulations.csv","Pharmaceutical formulation included in canonical event definition."
"Antibacterials","Infections - Agents for Systemic Use","Antibacterials","Other Antibiotics","Fleroxacin",104501,"Antibacterials.qs","Code/00_inputs/canonical_drug_formulations.csv","Pharmaceutical formulation included in canonical event definition."
"Antibacterials","Infections - Agents for Systemic Use","Antibacterials","Penicillins","Flucloxacillin",151201,"Antibacterials.qs","Code/00_inputs/canonical_drug_formulations.csv","Pharmaceutical formulation included in canonical event definition."
"Antibacterials","Infections - Agents for Systemic Use","Antibacterials","Penicillins","Flucloxacillin",151202,"Antibacterials.qs","Code/00_inputs/canonical_drug_formulations.csv","Pharmaceutical formulation included in canonical event definition."
"Antibacterials","Infections - Agents for Systemic Use","Antibacterials","Penicillins","Flucloxacillin",151203,"Antibacterials.qs","Code/00_inputs/canonical_drug_formulations.csv","Pharmaceutical formulation included in canonical event definition."
"Antibacterials","Infections - Agents for Systemic Use","Antibacterials","Penicillins","Flucloxacillin",151204,"Antibacterials.qs","Code/00_inputs/canonical_drug_formulations.csv","Pharmaceutical formulation included in canonical event definition."
"Antibacterials","Infections - Agents for Systemic Use","Antibacterials","Penicillins","Flucloxacillin",151205,"Antibacterials.qs","Code/00_inputs/canonical_drug_formulations.csv","Pharmaceutical formulation included in canonical event definition."
"Antibacterials","Infections - Agents for Systemic Use","Antibacterials","Penicillins","Flucloxacillin",151206,"Antibacterials.qs","Code/00_inputs/canonical_drug_formulations.csv","Pharmaceutical formulation included in canonical event definition."
"Antibacterials","Infections - Agents for Systemic Use","Antibacterials","Penicillins","Flucloxacillin",151207,"Antibacterials.qs","Code/00_inputs/canonical_drug_formulations.csv","Pharmaceutical formulation included in canonical event definition."
"Antibacterials","Infections - Agents for Systemic Use","Antibacterials","Penicillins","Flucloxacillin magnesium",151101,"Antibacterials.qs","Code/00_inputs/canonical_drug_formulations.csv","Pharmaceutical formulation included in canonical event definition."
"Antibacterials","Infections - Agents for Systemic Use","Antibacterials","Penicillins","Flucloxacillin magnesium",151102,"Antibacterials.qs","Code/00_inputs/canonical_drug_formulations.csv","Pharmaceutical formulation included in canonical event definition."
"Antibacterials","Infections - Agents for Systemic Use","Antibacterials","Other Antibiotics","Framycetin sulphate",244001,"Antibacterials.qs","Code/00_inputs/canonical_drug_formulations.csv","Pharmaceutical formulation included in canonical event definition."
"Antibacterials","Infections - Agents for Systemic Use","Antibacterials","Other Antibiotics","Framycetin sulphate",244002,"Antibacterials.qs","Code/00_inputs/canonical_drug_formulations.csv","Pharmaceutical formulation included in canonical event definition."
"Antibacterials","Infections - Agents for Systemic Use","Antibacterials","Other Antibiotics","Gentamicin sulphate",155401,"Antibacterials.qs","Code/00_inputs/canonical_drug_formulations.csv","Pharmaceutical formulation included in canonical event definition."
"Antibacterials","Infections - Agents for Systemic Use","Antibacterials","Other Antibiotics","Gentamicin sulphate",155402,"Antibacterials.qs","Code/00_inputs/canonical_drug_formulations.csv","Pharmaceutical formulation included in canonical event definition."
"Antibacterials","Infections - Agents for Systemic Use","Antibacterials","Other Antibiotics","Gentamicin sulphate",155403,"Antibacterials.qs","Code/00_inputs/canonical_drug_formulations.csv","Pharmaceutical formulation included in canonical event definition."
"Antibacterials","Infections - Agents for Systemic Use","Antibacterials","Other Antibiotics","Gentamicin sulphate",155425,"Antibacterials.qs","Code/00_inputs/canonical_drug_formulations.csv","Pharmaceutical formulation included in canonical event definition."
"Antibacterials","Infections - Agents for Systemic Use","Antibacterials","Other Antibiotics","Imipenem",886201,"Antibacterials.qs","Code/00_inputs/canonical_drug_formulations.csv","Pharmaceutical formulation included in canonical event definition."
"Antibacterials","Infections - Agents for Systemic Use","Antibacterials","Other Antibiotics","Levofloxacin",378925,"Antibacterials.qs","Code/00_inputs/canonical_drug_formulations.csv","Pharmaceutical formulation included in canonical event definition."
"Antibacterials","Infections - Agents for Systemic Use","Antibacterials","Other Antibiotics","Lincomycin",393225,"Antibacterials.qs","Code/00_inputs/canonical_drug_formulations.csv","Pharmaceutical formulation included in canonical event definition."
"Antibacterials","Infections - Agents for Systemic Use","Antibacterials","Other Antibiotics","Lincomycin Hydrochloride",172001,"Antibacterials.qs","Code/00_inputs/canonical_drug_formulations.csv","Pharmaceutical formulation included in canonical event definition."
"Antibacterials","Infections - Agents for Systemic Use","Antibacterials","Other Antibiotics","Lincomycin hydrochloride",172002,"Antibacterials.qs","Code/00_inputs/canonical_drug_formulations.csv","Pharmaceutical formulation included in canonical event definition."
"Antibacterials","Infections - Agents for Systemic Use","Antibacterials","Other Antibiotics","Lincomycin hydrochloride",172003,"Antibacterials.qs","Code/00_inputs/canonical_drug_formulations.csv","Pharmaceutical formulation included in canonical event definition."
"Antibacterials","Infections - Agents for Systemic Use","Antibacterials","Tetracyclines","Lymecycline",173301,"Antibacterials.qs","Code/00_inputs/canonical_drug_formulations.csv","Pharmaceutical formulation included in canonical event definition."
"Antibacterials","Infections - Agents for Systemic Use","Antibacterials","Tetracyclines","Minocycline hydrochloride",182801,"Antibacterials.qs","Code/00_inputs/canonical_drug_formulations.csv","Pharmaceutical formulation included in canonical event definition."
"Antibacterials","Infections - Agents for Systemic Use","Antibacterials","Tetracyclines","Minocycline hydrochloride",182802,"Antibacterials.qs","Code/00_inputs/canonical_drug_formulations.csv","Pharmaceutical formulation included in canonical event definition."
"Antibacterials","Infections - Agents for Systemic Use","Antibacterials","Other Antibiotics","Moxifloxacin",392525,"Antibacterials.qs","Code/00_inputs/canonical_drug_formulations.csv","Pharmaceutical formulation included in canonical event definition."
"Antibacterials","Infections - Agents for Systemic Use","Antibacterials","Other Antibiotics","Neomycin sulphate",185201,"Antibacterials.qs","Code/00_inputs/canonical_drug_formulations.csv","Pharmaceutical formulation included in canonical event definition."
"Antibacterials","Infections - Agents for Systemic Use","Antibacterials","Other Antibiotics","Ofloxacin",254801,"Antibacterials.qs","Code/00_inputs/canonical_drug_formulations.csv","Pharmaceutical formulation included in canonical event definition."
"Antibacterials","Infections - Agents for Systemic Use","Antibacterials","Other Antibiotics","Paromomycin",399825,"Antibacterials.qs","Code/00_inputs/canonical_drug_formulations.csv","Pharmaceutical formulation included in canonical event definition."
"Antibacterials","Infections - Agents for Systemic Use","Antibacterials","Penicillins","Penicillin G benzathine [Benzathine benzylpenicillin]",398825,"Antibacterials.qs","Code/00_inputs/canonical_drug_formulations.csv","Pharmaceutical formulation included in canonical event definition."
"Antibacterials","Infections - Agents for Systemic Use","Antibacterials","Penicillins","Phenoxymethylpenicillin (Penicillin V)",197001,"Antibacterials.qs","Code/00_inputs/canonical_drug_formulations.csv","Pharmaceutical formulation included in canonical event definition."
"Antibacterials","Infections - Agents for Systemic Use","Antibacterials","Penicillins","Phenoxymethylpenicillin (Penicillin V)",197002,"Antibacterials.qs","Code/00_inputs/canonical_drug_formulations.csv","Pharmaceutical formulation included in canonical event definition."
"Antibacterials","Infections - Agents for Systemic Use","Antibacterials","Penicillins","Phenoxymethylpenicillin (Penicillin V)",197003,"Antibacterials.qs","Code/00_inputs/canonical_drug_formulations.csv","Pharmaceutical formulation included in canonical event definition."
"Antibacterials","Infections - Agents for Systemic Use","Antibacterials","Penicillins","Phenoxymethylpenicillin (Penicillin V)",197004,"Antibacterials.qs","Code/00_inputs/canonical_drug_formulations.csv","Pharmaceutical formulation included in canonical event definition."
"Antibacterials","Infections - Agents for Systemic Use","Antibacterials","Penicillins","Phenoxymethylpenicillin (Penicillin V)",197025,"Antibacterials.qs","Code/00_inputs/canonical_drug_formulations.csv","Pharmaceutical formulation included in canonical event definition."
"Antibacterials","Infections - Agents for Systemic Use","Antibacterials","Penicillins","Phenoxymethylpenicillin (Penicillin V)",197026,"Antibacterials.qs","Code/00_inputs/canonical_drug_formulations.csv","Pharmaceutical formulation included in canonical event definition."
"Antibacterials","Infections - Agents for Systemic Use","Antibacterials","Penicillins","Phenoxymethylpenicillin (Penicillin V)",197027,"Antibacterials.qs","Code/00_inputs/canonical_drug_formulations.csv","Pharmaceutical formulation included in canonical event definition."
"Antibacterials","Infections - Agents for Systemic Use","Antibacterials","Penicillins","Phenoxymethylpenicillin (Penicillin V)",197028,"Antibacterials.qs","Code/00_inputs/canonical_drug_formulations.csv","Pharmaceutical formulation included in canonical event definition."
"Antibacterials","Infections - Agents for Systemic Use","Antibacterials","Penicillins","Piperacillin",885701,"Antibacterials.qs","Code/00_inputs/canonical_drug_formulations.csv","Pharmaceutical formulation included in canonical event definition."
"Antibacterials","Infections - Agents for Systemic Use","Antibacterials","Penicillins","Piperacillin",885702,"Antibacterials.qs","Code/00_inputs/canonical_drug_formulations.csv","Pharmaceutical formulation included in canonical event definition."
"Antibacterials","Infections - Agents for Systemic Use","Antibacterials","Penicillins","Pivampicillin",199801,"Antibacterials.qs","Code/00_inputs/canonical_drug_formulations.csv","Pharmaceutical formulation included in canonical event definition."
"Antibacterials","Infections - Agents for Systemic Use","Antibacterials","Penicillins","Pivmecillinam Hydrochloride",199901,"Antibacterials.qs","Code/00_inputs/canonical_drug_formulations.csv","Pharmaceutical formulation included in canonical event definition."
"Antibacterials","Infections - Agents for Systemic Use","Antibacterials","Penicillins","Procaine penicillin",204601,"Antibacterials.qs","Code/00_inputs/canonical_drug_formulations.csv","Pharmaceutical formulation included in canonical event definition."
"Antibacterials","Infections - Agents for Systemic Use","Antibacterials","Penicillins","Procaine penicillin",204602,"Antibacterials.qs","Code/00_inputs/canonical_drug_formulations.csv","Pharmaceutical formulation included in canonical event definition."
"Antibacterials","Infections - Agents for Systemic Use","Antibacterials","Other Antibiotics","Pyrimethamine",399225,"Antibacterials.qs","Code/00_inputs/canonical_drug_formulations.csv","Pharmaceutical formulation included in canonical event definition."
"Antibacterials","Infections - Agents for Systemic Use","Antibacterials","Tetracyclines","Rolitetracycline",209001,"Antibacterials.qs","Code/00_inputs/canonical_drug_formulations.csv","Pharmaceutical formulation included in canonical event definition."
"Antibacterials","Infections - Agents for Systemic Use","Antibacterials","Macrolides","Roxithromycin",279001,"Antibacterials.qs","Code/00_inputs/canonical_drug_formulations.csv","Pharmaceutical formulation included in canonical event definition."
"Antibacterials","Infections - Agents for Systemic Use","Antibacterials","Macrolides","Roxithromycin",279002,"Antibacterials.qs","Code/00_inputs/canonical_drug_formulations.csv","Pharmaceutical formulation included in canonical event definition."
"Antibacterials","Infections - Agents for Systemic Use","Antibacterials","Macrolides","Roxithromycin",279025,"Antibacterials.qs","Code/00_inputs/canonical_drug_formulations.csv","Pharmaceutical formulation included in canonical event definition."
"Antibacterials","Infections - Agents for Systemic Use","Antibacterials","Other Antibiotics","Sodium Fusidate [fusidic acid]",154601,"Antibacterials.qs","Code/00_inputs/canonical_drug_formulations.csv","Pharmaceutical formulation included in canonical event definition."
"Antibacterials","Infections - Agents for Systemic Use","Antibacterials","Other Antibiotics","Sodium Fusidate [fusidic acid]",154602,"Antibacterials.qs","Code/00_inputs/canonical_drug_formulations.csv","Pharmaceutical formulation included in canonical event definition."
"Antibacterials","Infections - Agents for Systemic Use","Antibacterials","Other Antibiotics","Sodium Fusidate [fusidic acid]",154603,"Antibacterials.qs","Code/00_inputs/canonical_drug_formulations.csv","Pharmaceutical formulation included in canonical event definition."
"Antibacterials","Infections - Agents for Systemic Use","Antibacterials","Other Antibiotics","Spectinomycin hydrochloride",217101,"Antibacterials.qs","Code/00_inputs/canonical_drug_formulations.csv","Pharmaceutical formulation included in canonical event definition."
"Antibacterials","Infections - Agents for Systemic Use","Antibacterials","Other Antibiotics","Spiramycin",217301,"Antibacterials.qs","Code/00_inputs/canonical_drug_formulations.csv","Pharmaceutical formulation included in canonical event definition."
"Antibacterials","Infections - Agents for Systemic Use","Antibacterials","Other Antibiotics","Spiramycin",217302,"Antibacterials.qs","Code/00_inputs/canonical_drug_formulations.csv","Pharmaceutical formulation included in canonical event definition."
"Antibacterials","Infections - Agents for Systemic Use","Antibacterials","Other Antibiotics","Spiramycin",217325,"Antibacterials.qs","Code/00_inputs/canonical_drug_formulations.csv","Pharmaceutical formulation included in canonical event definition."
"Antibacterials","Infections - Agents for Systemic Use","Antibacterials","Other Antibiotics","Sulfadiazine sodium",399325,"Antibacterials.qs","Code/00_inputs/canonical_drug_formulations.csv","Pharmaceutical formulation included in canonical event definition."
"Antibacterials","Infections - Agents for Systemic Use","Antibacterials","Other Antibiotics","Sulphadiazine",126701,"Antibacterials.qs","Code/00_inputs/canonical_drug_formulations.csv","Pharmaceutical formulation included in canonical event definition."
"Antibacterials","Infections - Agents for Systemic Use","Antibacterials","Other Antibiotics","Sulphadiazine",126725,"Antibacterials.qs","Code/00_inputs/canonical_drug_formulations.csv","Pharmaceutical formulation included in canonical event definition."
"Antibacterials","Infections - Agents for Systemic Use","Antibacterials","Tetracyclines","Tetracycline",399925,"Antibacterials.qs","Code/00_inputs/canonical_drug_formulations.csv","Pharmaceutical formulation included in canonical event definition."
"Antibacterials","Infections - Agents for Systemic Use","Antibacterials","Tetracyclines","Tetracycline",399926,"Antibacterials.qs","Code/00_inputs/canonical_drug_formulations.csv","Pharmaceutical formulation included in canonical event definition."
"Antibacterials","Infections - Agents for Systemic Use","Antibacterials","Tetracyclines","Tetracycline hydrochloride",224101,"Antibacterials.qs","Code/00_inputs/canonical_drug_formulations.csv","Pharmaceutical formulation included in canonical event definition."
"Antibacterials","Infections - Agents for Systemic Use","Antibacterials","Penicillins","Ticarcillin",885601,"Antibacterials.qs","Code/00_inputs/canonical_drug_formulations.csv","Pharmaceutical formulation included in canonical event definition."
"Antibacterials","Infections - Agents for Systemic Use","Antibacterials","Penicillins","Ticarcillin",885602,"Antibacterials.qs","Code/00_inputs/canonical_drug_formulations.csv","Pharmaceutical formulation included in canonical event definition."
"Antibacterials","Infections - Agents for Systemic Use","Antibacterials","Other Antibiotics","Tobramycin",227401,"Antibacterials.qs","Code/00_inputs/canonical_drug_formulations.csv","Pharmaceutical formulation included in canonical event definition."
"Antibacterials","Infections - Agents for Systemic Use","Antibacterials","Other Antibiotics","Tobramycin",227402,"Antibacterials.qs","Code/00_inputs/canonical_drug_formulations.csv","Pharmaceutical formulation included in canonical event definition."
"Antibacterials","Infections - Agents for Systemic Use","Antibacterials","Other Antibiotics","Tobramycin",227425,"Antibacterials.qs","Code/00_inputs/canonical_drug_formulations.csv","Pharmaceutical formulation included in canonical event definition."
"Antibacterials","Infections - Agents for Systemic Use","Antibacterials","Other Antibiotics","Triacetyloleandomycin",602901,"Antibacterials.qs","Code/00_inputs/canonical_drug_formulations.csv","Pharmaceutical formulation included in canonical event definition."
"Antibacterials","Infections - Agents for Systemic Use","Antibacterials","Other Antibiotics","Trimethoprim",230001,"Antibacterials.qs","Code/00_inputs/canonical_drug_formulations.csv","Pharmaceutical formulation included in canonical event definition."
"Antibacterials","Infections - Agents for Systemic Use","Antibacterials","Other Antibiotics","Trimethoprim",230002,"Antibacterials.qs","Code/00_inputs/canonical_drug_formulations.csv","Pharmaceutical formulation included in canonical event definition."
"Antibacterials","Infections - Agents for Systemic Use","Antibacterials","Other Antibiotics","Trimethoprim with sulphamethoxazole [Co-trimoxazole]",136101,"Antibacterials.qs","Code/00_inputs/canonical_drug_formulations.csv","Pharmaceutical formulation included in canonical event definition."
"Antibacterials","Infections - Agents for Systemic Use","Antibacterials","Other Antibiotics","Trimethoprim with sulphamethoxazole [Co-trimoxazole]",136102,"Antibacterials.qs","Code/00_inputs/canonical_drug_formulations.csv","Pharmaceutical formulation included in canonical event definition."
"Antibacterials","Infections - Agents for Systemic Use","Antibacterials","Other Antibiotics","Trimethoprim with sulphamethoxazole [Co-trimoxazole]",136103,"Antibacterials.qs","Code/00_inputs/canonical_drug_formulations.csv","Pharmaceutical formulation included in canonical event definition."
"Antibacterials","Infections - Agents for Systemic Use","Antibacterials","Other Antibiotics","Trimethoprim with sulphamethoxazole [Co-trimoxazole]",136104,"Antibacterials.qs","Code/00_inputs/canonical_drug_formulations.csv","Pharmaceutical formulation included in canonical event definition."
"Antibacterials","Infections - Agents for Systemic Use","Antibacterials","Other Antibiotics","Vancomycin",231401,"Antibacterials.qs","Code/00_inputs/canonical_drug_formulations.csv","Pharmaceutical formulation included in canonical event definition."
"Antibacterials","Infections - Agents for Systemic Use","Antibacterials","Other Antibiotics","Vancomycin",231402,"Antibacterials.qs","Code/00_inputs/canonical_drug_formulations.csv","Pharmaceutical formulation included in canonical event definition."
"Antibacterials","Infections - Agents for Systemic Use","Antibacterials","Other Antibiotics","Vancomycin",231403,"Antibacterials.qs","Code/00_inputs/canonical_drug_formulations.csv","Pharmaceutical formulation included in canonical event definition."
"Antidepressants","Nervous System","Antidepressants","Cyclic and Related Agents","Amitriptyline",105901,"Antidepressants.qs","Code/00_inputs/canonical_drug_formulations.csv","Pharmaceutical formulation included in canonical event definition."
"Antidepressants","Nervous System","Antidepressants","Cyclic and Related Agents","Amitriptyline",105902,"Antidepressants.qs","Code/00_inputs/canonical_drug_formulations.csv","Pharmaceutical formulation included in canonical event definition."
"Antidepressants","Nervous System","Antidepressants","Cyclic and Related Agents","Amitriptyline",105903,"Antidepressants.qs","Code/00_inputs/canonical_drug_formulations.csv","Pharmaceutical formulation included in canonical event definition."
"Antidepressants","Nervous System","Antidepressants","Cyclic and Related Agents","Amitriptyline",105904,"Antidepressants.qs","Code/00_inputs/canonical_drug_formulations.csv","Pharmaceutical formulation included in canonical event definition."
"Antidepressants","Nervous System","Antidepressants","Cyclic and Related Agents","Amitriptyline",105905,"Antidepressants.qs","Code/00_inputs/canonical_drug_formulations.csv","Pharmaceutical formulation included in canonical event definition."
"Antidepressants","Nervous System","Antidepressants","Cyclic and Related Agents","Amoxapine",106901,"Antidepressants.qs","Code/00_inputs/canonical_drug_formulations.csv","Pharmaceutical formulation included in canonical event definition."
"Antidepressants","Nervous System","Antidepressants","Cyclic and Related Agents","Amoxapine",106902,"Antidepressants.qs","Code/00_inputs/canonical_drug_formulations.csv","Pharmaceutical formulation included in canonical event definition."
"Antidepressants","Nervous System","Antidepressants","Cyclic and Related Agents","Amoxapine",106903,"Antidepressants.qs","Code/00_inputs/canonical_drug_formulations.csv","Pharmaceutical formulation included in canonical event definition."
"Antidepressants","Nervous System","Antidepressants","Selective Serotonin Reuptake Inhibitors","Citalopram hydrobromide",119301,"Antidepressants.qs","Code/00_inputs/canonical_drug_formulations.csv","Pharmaceutical formulation included in canonical event definition."
"Antidepressants","Nervous System","Antidepressants","Selective Serotonin Reuptake Inhibitors","Citalopram hydrobromide (Celapram)",119025,"Antidepressants.qs","Code/00_inputs/canonical_drug_formulations.csv","Pharmaceutical formulation included in canonical event definition."
"Antidepressants","Nervous System","Antidepressants","Cyclic and Related Agents","Clomipramine hydrochloride",131501,"Antidepressants.qs","Code/00_inputs/canonical_drug_formulations.csv","Pharmaceutical formulation included in canonical event definition."
"Antidepressants","Nervous System","Antidepressants","Cyclic and Related Agents","Clomipramine hydrochloride",131502,"Antidepressants.qs","Code/00_inputs/canonical_drug_formulations.csv","Pharmaceutical formulation included in canonical event definition."
"Antidepressants","Nervous System","Antidepressants","Cyclic and Related Agents","Desipramine hydrochloride",137901,"Antidepressants.qs","Code/00_inputs/canonical_drug_formulations.csv","Pharmaceutical formulation included in canonical event definition."
"Antidepressants","Nervous System","Antidepressants","Other Antidepressants","Dexfenfluramine",111101,"Antidepressants.qs","Code/00_inputs/canonical_drug_formulations.csv","Pharmaceutical formulation included in canonical event definition."
"Antidepressants","Nervous System","Antidepressants","Cyclic and Related Agents","Dosulepin [Dothiepin] hydrochloride",143701,"Antidepressants.qs","Code/00_inputs/canonical_drug_formulations.csv","Pharmaceutical formulation included in canonical event definition."
"Antidepressants","Nervous System","Antidepressants","Cyclic and Related Agents","Dosulepin [Dothiepin] hydrochloride",143702,"Antidepressants.qs","Code/00_inputs/canonical_drug_formulations.csv","Pharmaceutical formulation included in canonical event definition."
"Antidepressants","Nervous System","Antidepressants","Cyclic and Related Agents","Doxepin hydrochloride",143801,"Antidepressants.qs","Code/00_inputs/canonical_drug_formulations.csv","Pharmaceutical formulation included in canonical event definition."
"Antidepressants","Nervous System","Antidepressants","Cyclic and Related Agents","Doxepin hydrochloride",143802,"Antidepressants.qs","Code/00_inputs/canonical_drug_formulations.csv","Pharmaceutical formulation included in canonical event definition."
"Antidepressants","Nervous System","Antidepressants","Cyclic and Related Agents","Doxepin hydrochloride",143803,"Antidepressants.qs","Code/00_inputs/canonical_drug_formulations.csv","Pharmaceutical formulation included in canonical event definition."
"Antidepressants","Nervous System","Antidepressants","Cyclic and Related Agents","Doxepin hydrochloride",143804,"Antidepressants.qs","Code/00_inputs/canonical_drug_formulations.csv","Pharmaceutical formulation included in canonical event definition."
"Antidepressants","Nervous System","Antidepressants","Selective Serotonin Reuptake Inhibitors","Escitalopram",392625,"Antidepressants.qs","Code/00_inputs/canonical_drug_formulations.csv","Pharmaceutical formulation included in canonical event definition."
"Antidepressants","Nervous System","Antidepressants","Selective Serotonin Reuptake Inhibitors","Escitalopram",392626,"Antidepressants.qs","Code/00_inputs/canonical_drug_formulations.csv","Pharmaceutical formulation included in canonical event definition."
"Antidepressants","Nervous System","Antidepressants","Selective Serotonin Reuptake Inhibitors","Fluoxetine Hydrochloride",263603,"Antidepressants.qs","Code/00_inputs/canonical_drug_formulations.csv","Pharmaceutical formulation included in canonical event definition."
"Antidepressants","Nervous System","Antidepressants","Selective Serotonin Reuptake Inhibitors","Fluoxetine hydrochloride",263601,"Antidepressants.qs","Code/00_inputs/canonical_drug_formulations.csv","Pharmaceutical formulation included in canonical event definition."
"Antidepressants","Nervous System","Antidepressants","Selective Serotonin Reuptake Inhibitors","Fluoxetine hydrochloride",263602,"Antidepressants.qs","Code/00_inputs/canonical_drug_formulations.csv","Pharmaceutical formulation included in canonical event definition."
"Antidepressants","Nervous System","Antidepressants","Cyclic and Related Agents","Imipramine hydrochloride",164201,"Antidepressants.qs","Code/00_inputs/canonical_drug_formulations.csv","Pharmaceutical formulation included in canonical event definition."
"Antidepressants","Nervous System","Antidepressants","Cyclic and Related Agents","Imipramine hydrochloride",164202,"Antidepressants.qs","Code/00_inputs/canonical_drug_formulations.csv","Pharmaceutical formulation included in canonical event definition."
"Antidepressants","Nervous System","Antidepressants","Cyclic and Related Agents","Maprotiline hydrochloride",176001,"Antidepressants.qs","Code/00_inputs/canonical_drug_formulations.csv","Pharmaceutical formulation included in canonical event definition."
"Antidepressants","Nervous System","Antidepressants","Cyclic and Related Agents","Maprotiline hydrochloride",176002,"Antidepressants.qs","Code/00_inputs/canonical_drug_formulations.csv","Pharmaceutical formulation included in canonical event definition."
"Antidepressants","Nervous System","Antidepressants","Cyclic and Related Agents","Mianserin hydrochloride",182401,"Antidepressants.qs","Code/00_inputs/canonical_drug_formulations.csv","Pharmaceutical formulation included in canonical event definition."
"Antidepressants","Nervous System","Antidepressants","Other Antidepressants","Mirtazapine",375325,"Antidepressants.qs","Code/00_inputs/canonical_drug_formulations.csv","Pharmaceutical formulation included in canonical event definition."
"Antidepressants","Nervous System","Antidepressants","Other Antidepressants","Mirtazapine",390125,"Antidepressants.qs","Code/00_inputs/canonical_drug_formulations.csv","Pharmaceutical formulation included in canonical event definition."
"Antidepressants","Nervous System","Antidepressants","Other Antidepressants","Mirtazapine",390126,"Antidepressants.qs","Code/00_inputs/canonical_drug_formulations.csv","Pharmaceutical formulation included in canonical event definition."
"Antidepressants","Nervous System","Antidepressants","Monoamine-Oxidase Type A Inhibitors","Moclobemide",263801,"Antidepressants.qs","Code/00_inputs/canonical_drug_formulations.csv","Pharmaceutical formulation included in canonical event definition."
"Antidepressants","Nervous System","Antidepressants","Monoamine-Oxidase Type A Inhibitors","Moclobemide",263802,"Antidepressants.qs","Code/00_inputs/canonical_drug_formulations.csv","Pharmaceutical formulation included in canonical event definition."
"Antidepressants","Nervous System","Antidepressants","Monoamine-Oxidase Type A Inhibitors","Moclobemide",263803,"Antidepressants.qs","Code/00_inputs/canonical_drug_formulations.csv","Pharmaceutical formulation included in canonical event definition."
"Antidepressants","Nervous System","Antidepressants","Selective Serotonin Reuptake Inhibitors","Nefazodone",112501,"Antidepressants.qs","Code/00_inputs/canonical_drug_formulations.csv","Pharmaceutical formulation included in canonical event definition."
"Antidepressants","Nervous System","Antidepressants","Selective Serotonin Reuptake Inhibitors","Nefazodone",112502,"Antidepressants.qs","Code/00_inputs/canonical_drug_formulations.csv","Pharmaceutical formulation included in canonical event definition."
"Antidepressants","Nervous System","Antidepressants","Cyclic and Related Agents","Nortriptyline Hydrochloride",187625,"Antidepressants.qs","Code/00_inputs/canonical_drug_formulations.csv","Pharmaceutical formulation included in canonical event definition."
"Antidepressants","Nervous System","Antidepressants","Cyclic and Related Agents","Nortriptyline hydrochloride",187601,"Antidepressants.qs","Code/00_inputs/canonical_drug_formulations.csv","Pharmaceutical formulation included in canonical event definition."
"Antidepressants","Nervous System","Antidepressants","Cyclic and Related Agents","Nortriptyline hydrochloride",187602,"Antidepressants.qs","Code/00_inputs/canonical_drug_formulations.csv","Pharmaceutical formulation included in canonical event definition."
"Antidepressants","Nervous System","Antidepressants","Cyclic and Related Agents","Nortriptyline hydrochloride",187603,"Antidepressants.qs","Code/00_inputs/canonical_drug_formulations.csv","Pharmaceutical formulation included in canonical event definition."
"Antidepressants","Nervous System","Antidepressants","Selective Serotonin Reuptake Inhibitors","Paroxetine",600901,"Antidepressants.qs","Code/00_inputs/canonical_drug_formulations.csv","Pharmaceutical formulation included in canonical event definition."
"Antidepressants","Nervous System","Antidepressants","Monoamine-Oxidase Inhibitors (MAOIs) - Non Selective","Phenelzine sulphate",195501,"Antidepressants.qs","Code/00_inputs/canonical_drug_formulations.csv","Pharmaceutical formulation included in canonical event definition."
"Antidepressants","Nervous System","Antidepressants","Selective Serotonin Reuptake Inhibitors","Sertraline",392725,"Antidepressants.qs","Code/00_inputs/canonical_drug_formulations.csv","Pharmaceutical formulation included in canonical event definition."
"Antidepressants","Nervous System","Antidepressants","Selective Serotonin Reuptake Inhibitors","Sertraline",392726,"Antidepressants.qs","Code/00_inputs/canonical_drug_formulations.csv","Pharmaceutical formulation included in canonical event definition."
"Antidepressants","Nervous System","Antidepressants","Other Antidepressants","Sertraline Hydrochloride",103002,"Antidepressants.qs","Code/00_inputs/canonical_drug_formulations.csv","Pharmaceutical formulation included in canonical event definition."
"Antidepressants","Nervous System","Antidepressants","Other Antidepressants","Sertraline Hydrochloride",103003,"Antidepressants.qs","Code/00_inputs/canonical_drug_formulations.csv","Pharmaceutical formulation included in canonical event definition."
"Antidepressants","Nervous System","Antidepressants","Monoamine-Oxidase Inhibitors (MAOIs) - Non Selective","Tranylcypromine sulphate",228501,"Antidepressants.qs","Code/00_inputs/canonical_drug_formulations.csv","Pharmaceutical formulation included in canonical event definition."
"Antidepressants","Nervous System","Antidepressants","Cyclic and Related Agents","Trimipramine maleate",230101,"Antidepressants.qs","Code/00_inputs/canonical_drug_formulations.csv","Pharmaceutical formulation included in canonical event definition."
"Antidepressants","Nervous System","Antidepressants","Cyclic and Related Agents","Trimipramine maleate",230103,"Antidepressants.qs","Code/00_inputs/canonical_drug_formulations.csv","Pharmaceutical formulation included in canonical event definition."
"Antidepressants","Nervous System","Antidepressants","Cyclic and Related Agents","Trimipramine maleate",230104,"Antidepressants.qs","Code/00_inputs/canonical_drug_formulations.csv","Pharmaceutical formulation included in canonical event definition."
"Antidepressants","Nervous System","Antidepressants","Cyclic and Related Agents","Trimipramine maleate",230105,"Antidepressants.qs","Code/00_inputs/canonical_drug_formulations.csv","Pharmaceutical formulation included in canonical event definition."
"Antidepressants","Nervous System","Antidepressants","Selective Serotonin Reuptake Inhibitors","Venlafaxine",118001,"Antidepressants.qs","Code/00_inputs/canonical_drug_formulations.csv","Pharmaceutical formulation included in canonical event definition."
"Antidepressants","Nervous System","Antidepressants","Selective Serotonin Reuptake Inhibitors","Venlafaxine",118025,"Antidepressants.qs","Code/00_inputs/canonical_drug_formulations.csv","Pharmaceutical formulation included in canonical event definition."
"Antidepressants","Nervous System","Antidepressants","Selective Serotonin Reuptake Inhibitors","Venlafaxine",118026,"Antidepressants.qs","Code/00_inputs/canonical_drug_formulations.csv","Pharmaceutical formulation included in canonical event definition."
"Antidepressants","Nervous System","Antidepressants","Other Antidepressants","Venlafaxine",378525,"Antidepressants.qs","Code/00_inputs/canonical_drug_formulations.csv","Pharmaceutical formulation included in canonical event definition."
"Antidepressants","Nervous System","Antidepressants","Other Antidepressants","Venlafaxine",378526,"Antidepressants.qs","Code/00_inputs/canonical_drug_formulations.csv","Pharmaceutical formulation included in canonical event definition."
"Antidepressants","Nervous System","Antidepressants","Other Antidepressants","Venlafaxine",378527,"Antidepressants.qs","Code/00_inputs/canonical_drug_formulations.csv","Pharmaceutical formulation included in canonical event definition."
"Antidepressants","Nervous System","Antidepressants","Other Antidepressants","Venlafaxine",378528,"Antidepressants.qs","Code/00_inputs/canonical_drug_formulations.csv","Pharmaceutical formulation included in canonical event definition."
"Antidepressants","Nervous System","Antidepressants","Other Antidepressants","Venlafaxine",378529,"Antidepressants.qs","Code/00_inputs/canonical_drug_formulations.csv","Pharmaceutical formulation included in canonical event definition."
"Antidepressants","Nervous System","Antidepressants","Other Antidepressants","Venlafaxine",378530,"Antidepressants.qs","Code/00_inputs/canonical_drug_formulations.csv","Pharmaceutical formulation included in canonical event definition."
"Antidepressants","Nervous System","Antidepressants","Other Antidepressants","Venlafaxine",378531,"Antidepressants.qs","Code/00_inputs/canonical_drug_formulations.csv","Pharmaceutical formulation included in canonical event definition."
"Antivirals","Infections - Agents for Systemic Use","Antivirals","Herpesvirus Treatments","Aciclovir",248302,"Antivirals.qs","Code/00_inputs/canonical_drug_formulations.csv","Pharmaceutical formulation included in canonical event definition."
"Antivirals","Infections - Agents for Systemic Use","Antivirals","Herpesvirus Treatments","Aciclovir",248305,"Antivirals.qs","Code/00_inputs/canonical_drug_formulations.csv","Pharmaceutical formulation included in canonical event definition."
"Antivirals","Infections - Agents for Systemic Use","Antivirals","Herpesvirus Treatments","Aciclovir",248306,"Antivirals.qs","Code/00_inputs/canonical_drug_formulations.csv","Pharmaceutical formulation included in canonical event definition."
"Antivirals","Infections - Agents for Systemic Use","Antivirals","Herpesvirus Treatments","Aciclovir",248307,"Antivirals.qs","Code/00_inputs/canonical_drug_formulations.csv","Pharmaceutical formulation included in canonical event definition."
"Antivirals","Infections - Agents for Systemic Use","Antivirals","Herpesvirus Treatments","Aciclovir",248308,"Antivirals.qs","Code/00_inputs/canonical_drug_formulations.csv","Pharmaceutical formulation included in canonical event definition."
"Antivirals","Infections - Agents for Systemic Use","Antivirals","First Episode Genital Herpes","Aciclovir",248309,"Antivirals.qs","Code/00_inputs/canonical_drug_formulations.csv","Pharmaceutical formulation included in canonical event definition."
"Antivirals","Infections - Agents for Systemic Use","Antivirals","Herpesvirus Treatments","Aciclovir",248325,"Antivirals.qs","Code/00_inputs/canonical_drug_formulations.csv","Pharmaceutical formulation included in canonical event definition."
"Antivirals","Infections - Agents for Systemic Use","Antivirals","Herpesvirus Treatments","Famciclovir",631001,"Antivirals.qs","Code/00_inputs/canonical_drug_formulations.csv","Pharmaceutical formulation included in canonical event definition."
"Antivirals","Infections - Agents for Systemic Use","Antivirals","Herpesvirus Treatments","Famciclovir",631002,"Antivirals.qs","Code/00_inputs/canonical_drug_formulations.csv","Pharmaceutical formulation included in canonical event definition."
"Antivirals","Infections - Agents for Systemic Use","Antivirals","First Episode Genital Herpes","Ganciclovir",108901,"Antivirals.qs","Code/00_inputs/canonical_drug_formulations.csv","Pharmaceutical formulation included in canonical event definition."
"Antivirals","Infections - Agents for Systemic Use","Antivirals","First Episode Genital Herpes","Ganciclovir",108902,"Antivirals.qs","Code/00_inputs/canonical_drug_formulations.csv","Pharmaceutical formulation included in canonical event definition."
"Antivirals","Infections - Agents for Systemic Use","Antivirals","Herpesvirus Treatments","Valaciclovir",104301,"Antivirals.qs","Code/00_inputs/canonical_drug_formulations.csv","Pharmaceutical formulation included in canonical event definition."
"Antivirals","Infections - Agents for Systemic Use","Antivirals","Herpesvirus Treatments","Valaciclovir",104325,"Antivirals.qs","Code/00_inputs/canonical_drug_formulations.csv","Pharmaceutical formulation included in canonical event definition."
"Antivirals","Infections - Agents for Systemic Use","Antivirals","Herpesvirus Treatments","Valganciclovir",397925,"Antivirals.qs","Code/00_inputs/canonical_drug_formulations.csv","Pharmaceutical formulation included in canonical event definition."
"Aspirin","Aspirin_custom","Aspirin","Aspirin_custom","Aspirin",108701,"Aspirin.qs","Code/00_inputs/canonical_drug_formulations.csv","Pharmaceutical formulation included in canonical event definition."
"Aspirin","Aspirin_custom","Aspirin","Aspirin_custom","Aspirin",108702,"Aspirin.qs","Code/00_inputs/canonical_drug_formulations.csv","Pharmaceutical formulation included in canonical event definition."
"Aspirin","Aspirin_custom","Aspirin","Aspirin_custom","Aspirin",108703,"Aspirin.qs","Code/00_inputs/canonical_drug_formulations.csv","Pharmaceutical formulation included in canonical event definition."
"Aspirin","Aspirin_custom","Aspirin","Aspirin_custom","Aspirin",108705,"Aspirin.qs","Code/00_inputs/canonical_drug_formulations.csv","Pharmaceutical formulation included in canonical event definition."
"Aspirin","Aspirin_custom","Aspirin","Aspirin_custom","Aspirin",108706,"Aspirin.qs","Code/00_inputs/canonical_drug_formulations.csv","Pharmaceutical formulation included in canonical event definition."
"Aspirin","Aspirin_custom","Aspirin","Aspirin_custom","Aspirin",108707,"Aspirin.qs","Code/00_inputs/canonical_drug_formulations.csv","Pharmaceutical formulation included in canonical event definition."
"Aspirin","Aspirin_custom","Aspirin","Aspirin_custom","Aspirin",108725,"Aspirin.qs","Code/00_inputs/canonical_drug_formulations.csv","Pharmaceutical formulation included in canonical event definition."
"Aspirin","Aspirin_custom","Aspirin","Aspirin_custom","Aspirin with Chloroform",321601,"Aspirin.qs","Code/00_inputs/canonical_drug_formulations.csv","Pharmaceutical formulation included in canonical event definition."
"Aspirin","Aspirin_custom","Aspirin","Aspirin_custom","Aspirin with Codeine",109301,"Aspirin.qs","Code/00_inputs/canonical_drug_formulations.csv","Pharmaceutical formulation included in canonical event definition."
"Aspirin","Aspirin_custom","Aspirin","Aspirin_custom","Aspirin with paracetamol and codeine",109201,"Aspirin.qs","Code/00_inputs/canonical_drug_formulations.csv","Pharmaceutical formulation included in canonical event definition."
"Beta-Adrenoceptor Blockers","Cardiovascular System","Beta-Adrenoceptor Blockers","Beta Adrenoceptor Blockers","Acebutolol",100101,"Beta-Adrenoceptor Blockers.qs","Code/00_inputs/canonical_drug_formulations.csv","Pharmaceutical formulation included in canonical event definition."
"Beta-Adrenoceptor Blockers","Cardiovascular System","Beta-Adrenoceptor Blockers","Beta Adrenoceptor Blockers","Acebutolol",100102,"Beta-Adrenoceptor Blockers.qs","Code/00_inputs/canonical_drug_formulations.csv","Pharmaceutical formulation included in canonical event definition."
"Beta-Adrenoceptor Blockers","Cardiovascular System","Beta-Adrenoceptor Blockers","Beta Adrenoceptor Blockers","Acebutolol",100103,"Beta-Adrenoceptor Blockers.qs","Code/00_inputs/canonical_drug_formulations.csv","Pharmaceutical formulation included in canonical event definition."
"Beta-Adrenoceptor Blockers","Cardiovascular System","Beta-Adrenoceptor Blockers","Beta Adrenoceptor Blockers","Alprenolol",102901,"Beta-Adrenoceptor Blockers.qs","Code/00_inputs/canonical_drug_formulations.csv","Pharmaceutical formulation included in canonical event definition."
"Beta-Adrenoceptor Blockers","Cardiovascular System","Beta-Adrenoceptor Blockers","Beta Adrenoceptor Blockers","Atenolol",109401,"Beta-Adrenoceptor Blockers.qs","Code/00_inputs/canonical_drug_formulations.csv","Pharmaceutical formulation included in canonical event definition."
"Beta-Adrenoceptor Blockers","Cardiovascular System","Beta-Adrenoceptor Blockers","Beta Adrenoceptor Blockers","Atenolol",109402,"Beta-Adrenoceptor Blockers.qs","Code/00_inputs/canonical_drug_formulations.csv","Pharmaceutical formulation included in canonical event definition."
"Beta-Adrenoceptor Blockers","Cardiovascular System","Beta-Adrenoceptor Blockers","Beta Adrenoceptor Blockers","Atenolol",109403,"Beta-Adrenoceptor Blockers.qs","Code/00_inputs/canonical_drug_formulations.csv","Pharmaceutical formulation included in canonical event definition."
"Beta-Adrenoceptor Blockers","Cardiovascular System","Beta-Adrenoceptor Blockers","Beta Adrenoceptor Blockers","Atenolol",109425,"Beta-Adrenoceptor Blockers.qs","Code/00_inputs/canonical_drug_formulations.csv","Pharmaceutical formulation included in canonical event definition."
"Beta-Adrenoceptor Blockers","Cardiovascular System","Beta-Adrenoceptor Blockers","Beta Adrenoceptor Blockers","Bisoprolol fumarate",394925,"Beta-Adrenoceptor Blockers.qs","Code/00_inputs/canonical_drug_formulations.csv","Pharmaceutical formulation included in canonical event definition."
"Beta-Adrenoceptor Blockers","Cardiovascular System","Beta-Adrenoceptor Blockers","Beta Adrenoceptor Blockers","Bisoprolol fumarate",394926,"Beta-Adrenoceptor Blockers.qs","Code/00_inputs/canonical_drug_formulations.csv","Pharmaceutical formulation included in canonical event definition."
"Beta-Adrenoceptor Blockers","Cardiovascular System","Beta-Adrenoceptor Blockers","Beta Adrenoceptor Blockers","Bisoprolol fumarate",394927,"Beta-Adrenoceptor Blockers.qs","Code/00_inputs/canonical_drug_formulations.csv","Pharmaceutical formulation included in canonical event definition."
"Beta-Adrenoceptor Blockers","Cardiovascular System","Beta-Adrenoceptor Blockers","Beta Adrenoceptor Blockers","Carvedilol",377225,"Beta-Adrenoceptor Blockers.qs","Code/00_inputs/canonical_drug_formulations.csv","Pharmaceutical formulation included in canonical event definition."
"Beta-Adrenoceptor Blockers","Cardiovascular System","Beta-Adrenoceptor Blockers","Beta Adrenoceptor Blockers","Carvedilol",377226,"Beta-Adrenoceptor Blockers.qs","Code/00_inputs/canonical_drug_formulations.csv","Pharmaceutical formulation included in canonical event definition."
"Beta-Adrenoceptor Blockers","Cardiovascular System","Beta-Adrenoceptor Blockers","Beta Adrenoceptor Blockers","Carvedilol",377227,"Beta-Adrenoceptor Blockers.qs","Code/00_inputs/canonical_drug_formulations.csv","Pharmaceutical formulation included in canonical event definition."
"Beta-Adrenoceptor Blockers","Cardiovascular System","Beta-Adrenoceptor Blockers","Beta Adrenoceptor Blockers","Celiprolol",251401,"Beta-Adrenoceptor Blockers.qs","Code/00_inputs/canonical_drug_formulations.csv","Pharmaceutical formulation included in canonical event definition."
"Beta-Adrenoceptor Blockers","Cardiovascular System","Beta-Adrenoceptor Blockers","Beta Adrenoceptor Blockers","Labetalol",169901,"Beta-Adrenoceptor Blockers.qs","Code/00_inputs/canonical_drug_formulations.csv","Pharmaceutical formulation included in canonical event definition."
"Beta-Adrenoceptor Blockers","Cardiovascular System","Beta-Adrenoceptor Blockers","Beta Adrenoceptor Blockers","Labetalol",169902,"Beta-Adrenoceptor Blockers.qs","Code/00_inputs/canonical_drug_formulations.csv","Pharmaceutical formulation included in canonical event definition."
"Beta-Adrenoceptor Blockers","Cardiovascular System","Beta-Adrenoceptor Blockers","Beta Adrenoceptor Blockers","Labetalol",169903,"Beta-Adrenoceptor Blockers.qs","Code/00_inputs/canonical_drug_formulations.csv","Pharmaceutical formulation included in canonical event definition."
"Beta-Adrenoceptor Blockers","Cardiovascular System","Beta-Adrenoceptor Blockers","Beta Adrenoceptor Blockers","Labetalol",169904,"Beta-Adrenoceptor Blockers.qs","Code/00_inputs/canonical_drug_formulations.csv","Pharmaceutical formulation included in canonical event definition."
"Beta-Adrenoceptor Blockers","Cardiovascular System","Beta-Adrenoceptor Blockers","Beta Adrenoceptor Blockers","Labetalol",169905,"Beta-Adrenoceptor Blockers.qs","Code/00_inputs/canonical_drug_formulations.csv","Pharmaceutical formulation included in canonical event definition."
"Beta-Adrenoceptor Blockers","Cardiovascular System","Beta-Adrenoceptor Blockers","Beta Adrenoceptor Blockers","Labetalol",169922,"Beta-Adrenoceptor Blockers.qs","Code/00_inputs/canonical_drug_formulations.csv","Pharmaceutical formulation included in canonical event definition."
"Beta-Adrenoceptor Blockers","Cardiovascular System","Beta-Adrenoceptor Blockers","Beta Adrenoceptor Blockers","Labetalol",169925,"Beta-Adrenoceptor Blockers.qs","Code/00_inputs/canonical_drug_formulations.csv","Pharmaceutical formulation included in canonical event definition."
"Beta-Adrenoceptor Blockers","Cardiovascular System","Beta-Adrenoceptor Blockers","Beta Adrenoceptor Blockers","Metoprolol succinate",181701,"Beta-Adrenoceptor Blockers.qs","Code/00_inputs/canonical_drug_formulations.csv","Pharmaceutical formulation included in canonical event definition."
"Beta-Adrenoceptor Blockers","Cardiovascular System","Beta-Adrenoceptor Blockers","Beta Adrenoceptor Blockers","Metoprolol succinate",181702,"Beta-Adrenoceptor Blockers.qs","Code/00_inputs/canonical_drug_formulations.csv","Pharmaceutical formulation included in canonical event definition."
"Beta-Adrenoceptor Blockers","Cardiovascular System","Beta-Adrenoceptor Blockers","Beta Adrenoceptor Blockers","Metoprolol succinate",181703,"Beta-Adrenoceptor Blockers.qs","Code/00_inputs/canonical_drug_formulations.csv","Pharmaceutical formulation included in canonical event definition."
"Beta-Adrenoceptor Blockers","Cardiovascular System","Beta-Adrenoceptor Blockers","Beta Adrenoceptor Blockers","Metoprolol succinate",181725,"Beta-Adrenoceptor Blockers.qs","Code/00_inputs/canonical_drug_formulations.csv","Pharmaceutical formulation included in canonical event definition."
"Beta-Adrenoceptor Blockers","Cardiovascular System","Beta-Adrenoceptor Blockers","Beta Adrenoceptor Blockers","Metoprolol tartrate",181801,"Beta-Adrenoceptor Blockers.qs","Code/00_inputs/canonical_drug_formulations.csv","Pharmaceutical formulation included in canonical event definition."
"Beta-Adrenoceptor Blockers","Cardiovascular System","Beta-Adrenoceptor Blockers","Beta Adrenoceptor Blockers","Metoprolol tartrate",181802,"Beta-Adrenoceptor Blockers.qs","Code/00_inputs/canonical_drug_formulations.csv","Pharmaceutical formulation included in canonical event definition."
"Beta-Adrenoceptor Blockers","Cardiovascular System","Beta-Adrenoceptor Blockers","Beta Adrenoceptor Blockers","Metoprolol tartrate",181803,"Beta-Adrenoceptor Blockers.qs","Code/00_inputs/canonical_drug_formulations.csv","Pharmaceutical formulation included in canonical event definition."
"Beta-Adrenoceptor Blockers","Cardiovascular System","Beta-Adrenoceptor Blockers","Beta Adrenoceptor Blockers","Metoprolol tartrate",181804,"Beta-Adrenoceptor Blockers.qs","Code/00_inputs/canonical_drug_formulations.csv","Pharmaceutical formulation included in canonical event definition."
"Beta-Adrenoceptor Blockers","Cardiovascular System","Beta-Adrenoceptor Blockers","Beta Adrenoceptor Blockers","Nadolol",183801,"Beta-Adrenoceptor Blockers.qs","Code/00_inputs/canonical_drug_formulations.csv","Pharmaceutical formulation included in canonical event definition."
"Beta-Adrenoceptor Blockers","Cardiovascular System","Beta-Adrenoceptor Blockers","Beta Adrenoceptor Blockers","Nadolol",183802,"Beta-Adrenoceptor Blockers.qs","Code/00_inputs/canonical_drug_formulations.csv","Pharmaceutical formulation included in canonical event definition."
"Beta-Adrenoceptor Blockers","Cardiovascular System","Beta-Adrenoceptor Blockers","Beta Adrenoceptor Blockers","Oxprenolol",191201,"Beta-Adrenoceptor Blockers.qs","Code/00_inputs/canonical_drug_formulations.csv","Pharmaceutical formulation included in canonical event definition."
"Beta-Adrenoceptor Blockers","Cardiovascular System","Beta-Adrenoceptor Blockers","Beta Adrenoceptor Blockers","Oxprenolol",191202,"Beta-Adrenoceptor Blockers.qs","Code/00_inputs/canonical_drug_formulations.csv","Pharmaceutical formulation included in canonical event definition."
"Beta-Adrenoceptor Blockers","Cardiovascular System","Beta-Adrenoceptor Blockers","Beta Adrenoceptor Blockers","Oxprenolol",191204,"Beta-Adrenoceptor Blockers.qs","Code/00_inputs/canonical_drug_formulations.csv","Pharmaceutical formulation included in canonical event definition."
"Beta-Adrenoceptor Blockers","Cardiovascular System","Beta-Adrenoceptor Blockers","Beta Adrenoceptor Blockers","Pindolol",199104,"Beta-Adrenoceptor Blockers.qs","Code/00_inputs/canonical_drug_formulations.csv","Pharmaceutical formulation included in canonical event definition."
"Beta-Adrenoceptor Blockers","Cardiovascular System","Beta-Adrenoceptor Blockers","Beta Adrenoceptor Blockers","Pindolol",199105,"Beta-Adrenoceptor Blockers.qs","Code/00_inputs/canonical_drug_formulations.csv","Pharmaceutical formulation included in canonical event definition."
"Beta-Adrenoceptor Blockers","Cardiovascular System","Beta-Adrenoceptor Blockers","Beta Adrenoceptor Blockers","Pindolol",199106,"Beta-Adrenoceptor Blockers.qs","Code/00_inputs/canonical_drug_formulations.csv","Pharmaceutical formulation included in canonical event definition."
"Beta-Adrenoceptor Blockers","Cardiovascular System","Beta-Adrenoceptor Blockers","Beta Adrenoceptor Blockers","Propranolol",206001,"Beta-Adrenoceptor Blockers.qs","Code/00_inputs/canonical_drug_formulations.csv","Pharmaceutical formulation included in canonical event definition."
"Beta-Adrenoceptor Blockers","Cardiovascular System","Beta-Adrenoceptor Blockers","Beta Adrenoceptor Blockers","Propranolol",206002,"Beta-Adrenoceptor Blockers.qs","Code/00_inputs/canonical_drug_formulations.csv","Pharmaceutical formulation included in canonical event definition."
"Beta-Adrenoceptor Blockers","Cardiovascular System","Beta-Adrenoceptor Blockers","Beta Adrenoceptor Blockers","Propranolol",206004,"Beta-Adrenoceptor Blockers.qs","Code/00_inputs/canonical_drug_formulations.csv","Pharmaceutical formulation included in canonical event definition."
"Beta-Adrenoceptor Blockers","Cardiovascular System","Beta-Adrenoceptor Blockers","Beta Adrenoceptor Blockers","Propranolol",206005,"Beta-Adrenoceptor Blockers.qs","Code/00_inputs/canonical_drug_formulations.csv","Pharmaceutical formulation included in canonical event definition."
"Beta-Adrenoceptor Blockers","Cardiovascular System","Beta-Adrenoceptor Blockers","Beta Adrenoceptor Blockers","Propranolol",206006,"Beta-Adrenoceptor Blockers.qs","Code/00_inputs/canonical_drug_formulations.csv","Pharmaceutical formulation included in canonical event definition."
"Beta-Adrenoceptor Blockers","Cardiovascular System","Beta-Adrenoceptor Blockers","Beta Adrenoceptor Blockers","Propranolol",206025,"Beta-Adrenoceptor Blockers.qs","Code/00_inputs/canonical_drug_formulations.csv","Pharmaceutical formulation included in canonical event definition."
"Beta-Adrenoceptor Blockers","Cardiovascular System","Beta-Adrenoceptor Blockers","Beta Adrenoceptor Blockers","Sotalol",216901,"Beta-Adrenoceptor Blockers.qs","Code/00_inputs/canonical_drug_formulations.csv","Pharmaceutical formulation included in canonical event definition."
"Beta-Adrenoceptor Blockers","Cardiovascular System","Beta-Adrenoceptor Blockers","Beta Adrenoceptor Blockers","Sotalol",216902,"Beta-Adrenoceptor Blockers.qs","Code/00_inputs/canonical_drug_formulations.csv","Pharmaceutical formulation included in canonical event definition."
"Beta-Adrenoceptor Blockers","Cardiovascular System","Beta-Adrenoceptor Blockers","Beta Adrenoceptor Blockers","Sotalol",216903,"Beta-Adrenoceptor Blockers.qs","Code/00_inputs/canonical_drug_formulations.csv","Pharmaceutical formulation included in canonical event definition."
"Beta-Adrenoceptor Blockers","Cardiovascular System","Beta-Adrenoceptor Blockers","Beta Adrenoceptor Blockers","Timolol",226601,"Beta-Adrenoceptor Blockers.qs","Code/00_inputs/canonical_drug_formulations.csv","Pharmaceutical formulation included in canonical event definition."
"Beta-Adrenoceptor Blockers","Cardiovascular System","Beta-Adrenoceptor Blockers","Beta Adrenoceptor Blockers","Timolol",226701,"Beta-Adrenoceptor Blockers.qs","Code/00_inputs/canonical_drug_formulations.csv","Pharmaceutical formulation included in canonical event definition."
"Calcium Channel Blockers","Cardiovascular System","Calcium Channel Blockers","Dihydropyridine Calcium Channel Blockers","Amlodipine",279301,"Calcium Channel Blockers.qs","Code/00_inputs/canonical_drug_formulations.csv","Pharmaceutical formulation included in canonical event definition."
"Calcium Channel Blockers","Cardiovascular System","Calcium Channel Blockers","Dihydropyridine Calcium Channel Blockers","Amlodipine",279302,"Calcium Channel Blockers.qs","Code/00_inputs/canonical_drug_formulations.csv","Pharmaceutical formulation included in canonical event definition."
"Calcium Channel Blockers","Cardiovascular System","Calcium Channel Blockers","Dihydropyridine Calcium Channel Blockers","Amlodipine",279325,"Calcium Channel Blockers.qs","Code/00_inputs/canonical_drug_formulations.csv","Pharmaceutical formulation included in canonical event definition."
"Calcium Channel Blockers","Cardiovascular System","Calcium Channel Blockers","Other Calcium Channel Blockers","Diltiazem hydrochloride",252801,"Calcium Channel Blockers.qs","Code/00_inputs/canonical_drug_formulations.csv","Pharmaceutical formulation included in canonical event definition."
"Calcium Channel Blockers","Cardiovascular System","Calcium Channel Blockers","Other Calcium Channel Blockers","Diltiazem hydrochloride",252802,"Calcium Channel Blockers.qs","Code/00_inputs/canonical_drug_formulations.csv","Pharmaceutical formulation included in canonical event definition."
"Calcium Channel Blockers","Cardiovascular System","Calcium Channel Blockers","Other Calcium Channel Blockers","Diltiazem hydrochloride",252803,"Calcium Channel Blockers.qs","Code/00_inputs/canonical_drug_formulations.csv","Pharmaceutical formulation included in canonical event definition."
"Calcium Channel Blockers","Cardiovascular System","Calcium Channel Blockers","Other Calcium Channel Blockers","Diltiazem hydrochloride",252804,"Calcium Channel Blockers.qs","Code/00_inputs/canonical_drug_formulations.csv","Pharmaceutical formulation included in canonical event definition."
"Calcium Channel Blockers","Cardiovascular System","Calcium Channel Blockers","Other Calcium Channel Blockers","Diltiazem hydrochloride",252805,"Calcium Channel Blockers.qs","Code/00_inputs/canonical_drug_formulations.csv","Pharmaceutical formulation included in canonical event definition."
"Calcium Channel Blockers","Cardiovascular System","Calcium Channel Blockers","Other Calcium Channel Blockers","Diltiazem hydrochloride",252806,"Calcium Channel Blockers.qs","Code/00_inputs/canonical_drug_formulations.csv","Pharmaceutical formulation included in canonical event definition."
"Calcium Channel Blockers","Cardiovascular System","Calcium Channel Blockers","Other Calcium Channel Blockers","Diltiazem hydrochloride",252807,"Calcium Channel Blockers.qs","Code/00_inputs/canonical_drug_formulations.csv","Pharmaceutical formulation included in canonical event definition."
"Calcium Channel Blockers","Cardiovascular System","Calcium Channel Blockers","Other Calcium Channel Blockers","Diltiazem hydrochloride",252808,"Calcium Channel Blockers.qs","Code/00_inputs/canonical_drug_formulations.csv","Pharmaceutical formulation included in canonical event definition."
"Calcium Channel Blockers","Cardiovascular System","Calcium Channel Blockers","Other Calcium Channel Blockers","Diltiazem hydrochloride",252809,"Calcium Channel Blockers.qs","Code/00_inputs/canonical_drug_formulations.csv","Pharmaceutical formulation included in canonical event definition."
"Calcium Channel Blockers","Cardiovascular System","Calcium Channel Blockers","Dihydropyridine Calcium Channel Blockers","Felodipine",239801,"Calcium Channel Blockers.qs","Code/00_inputs/canonical_drug_formulations.csv","Pharmaceutical formulation included in canonical event definition."
"Calcium Channel Blockers","Cardiovascular System","Calcium Channel Blockers","Dihydropyridine Calcium Channel Blockers","Felodipine",239802,"Calcium Channel Blockers.qs","Code/00_inputs/canonical_drug_formulations.csv","Pharmaceutical formulation included in canonical event definition."
"Calcium Channel Blockers","Cardiovascular System","Calcium Channel Blockers","Dihydropyridine Calcium Channel Blockers","Felodipine",239803,"Calcium Channel Blockers.qs","Code/00_inputs/canonical_drug_formulations.csv","Pharmaceutical formulation included in canonical event definition."
"Calcium Channel Blockers","Cardiovascular System","Calcium Channel Blockers","Dihydropyridine Calcium Channel Blockers","Isradipine",277101,"Calcium Channel Blockers.qs","Code/00_inputs/canonical_drug_formulations.csv","Pharmaceutical formulation included in canonical event definition."
"Calcium Channel Blockers","Cardiovascular System","Calcium Channel Blockers","Dihydropyridine Calcium Channel Blockers","Isradipine",277102,"Calcium Channel Blockers.qs","Code/00_inputs/canonical_drug_formulations.csv","Pharmaceutical formulation included in canonical event definition."
"Calcium Channel Blockers","Cardiovascular System","Calcium Channel Blockers","Dihydropyridine Calcium Channel Blockers","Isradipine",277103,"Calcium Channel Blockers.qs","Code/00_inputs/canonical_drug_formulations.csv","Pharmaceutical formulation included in canonical event definition."
"Calcium Channel Blockers","Cardiovascular System","Calcium Channel Blockers","Dihydropyridine Calcium Channel Blockers","Nifedipine",186301,"Calcium Channel Blockers.qs","Code/00_inputs/canonical_drug_formulations.csv","Pharmaceutical formulation included in canonical event definition."
"Calcium Channel Blockers","Cardiovascular System","Calcium Channel Blockers","Dihydropyridine Calcium Channel Blockers","Nifedipine",186302,"Calcium Channel Blockers.qs","Code/00_inputs/canonical_drug_formulations.csv","Pharmaceutical formulation included in canonical event definition."
"Calcium Channel Blockers","Cardiovascular System","Calcium Channel Blockers","Dihydropyridine Calcium Channel Blockers","Nifedipine",186303,"Calcium Channel Blockers.qs","Code/00_inputs/canonical_drug_formulations.csv","Pharmaceutical formulation included in canonical event definition."
"Calcium Channel Blockers","Cardiovascular System","Calcium Channel Blockers","Dihydropyridine Calcium Channel Blockers","Nifedipine",186304,"Calcium Channel Blockers.qs","Code/00_inputs/canonical_drug_formulations.csv","Pharmaceutical formulation included in canonical event definition."
"Calcium Channel Blockers","Cardiovascular System","Calcium Channel Blockers","Dihydropyridine Calcium Channel Blockers","Nifedipine",186305,"Calcium Channel Blockers.qs","Code/00_inputs/canonical_drug_formulations.csv","Pharmaceutical formulation included in canonical event definition."
"Calcium Channel Blockers","Cardiovascular System","Calcium Channel Blockers","Dihydropyridine Calcium Channel Blockers","Nifedipine",186306,"Calcium Channel Blockers.qs","Code/00_inputs/canonical_drug_formulations.csv","Pharmaceutical formulation included in canonical event definition."
"Calcium Channel Blockers","Cardiovascular System","Calcium Channel Blockers","Other Calcium Channel Blockers","Perhexiline maleate",194901,"Calcium Channel Blockers.qs","Code/00_inputs/canonical_drug_formulations.csv","Pharmaceutical formulation included in canonical event definition."
"Calcium Channel Blockers","Cardiovascular System","Calcium Channel Blockers","Other Calcium Channel Blockers","Verapamil Hydrochloride",231712,"Calcium Channel Blockers.qs","Code/00_inputs/canonical_drug_formulations.csv","Pharmaceutical formulation included in canonical event definition."
"Calcium Channel Blockers","Cardiovascular System","Calcium Channel Blockers","Other Calcium Channel Blockers","Verapamil hydrochloride",231701,"Calcium Channel Blockers.qs","Code/00_inputs/canonical_drug_formulations.csv","Pharmaceutical formulation included in canonical event definition."
"Calcium Channel Blockers","Cardiovascular System","Calcium Channel Blockers","Other Calcium Channel Blockers","Verapamil hydrochloride",231702,"Calcium Channel Blockers.qs","Code/00_inputs/canonical_drug_formulations.csv","Pharmaceutical formulation included in canonical event definition."
"Calcium Channel Blockers","Cardiovascular System","Calcium Channel Blockers","Other Calcium Channel Blockers","Verapamil hydrochloride",231703,"Calcium Channel Blockers.qs","Code/00_inputs/canonical_drug_formulations.csv","Pharmaceutical formulation included in canonical event definition."
"Calcium Channel Blockers","Cardiovascular System","Calcium Channel Blockers","Other Calcium Channel Blockers","Verapamil hydrochloride",231707,"Calcium Channel Blockers.qs","Code/00_inputs/canonical_drug_formulations.csv","Pharmaceutical formulation included in canonical event definition."
"Calcium Channel Blockers","Cardiovascular System","Calcium Channel Blockers","Other Calcium Channel Blockers","Verapamil hydrochloride",231708,"Calcium Channel Blockers.qs","Code/00_inputs/canonical_drug_formulations.csv","Pharmaceutical formulation included in canonical event definition."
"Calcium Channel Blockers","Cardiovascular System","Calcium Channel Blockers","Other Calcium Channel Blockers","Verapamil hydrochloride",231709,"Calcium Channel Blockers.qs","Code/00_inputs/canonical_drug_formulations.csv","Pharmaceutical formulation included in canonical event definition."
"Calcium Channel Blockers","Cardiovascular System","Calcium Channel Blockers","Other Calcium Channel Blockers","Verapamil hydrochloride",231710,"Calcium Channel Blockers.qs","Code/00_inputs/canonical_drug_formulations.csv","Pharmaceutical formulation included in canonical event definition."
"Calcium Channel Blockers","Cardiovascular System","Calcium Channel Blockers","Other Calcium Channel Blockers","Verapamil hydrochloride",231711,"Calcium Channel Blockers.qs","Code/00_inputs/canonical_drug_formulations.csv","Pharmaceutical formulation included in canonical event definition."
"Cephalosporins and Cephamycins","Infections - Agents for Systemic Use","Cephalosporins and Cephamycins","Cephalosporins and Cephamycins","Cefaclor monohydrate",122801,"Cephalosporins and Cephamycins.qs","Code/00_inputs/canonical_drug_formulations.csv","Pharmaceutical formulation included in canonical event definition."
"Cephalosporins and Cephamycins","Infections - Agents for Systemic Use","Cephalosporins and Cephamycins","Cephalosporins and Cephamycins","Cefaclor monohydrate",122802,"Cephalosporins and Cephamycins.qs","Code/00_inputs/canonical_drug_formulations.csv","Pharmaceutical formulation included in canonical event definition."
"Cephalosporins and Cephamycins","Infections - Agents for Systemic Use","Cephalosporins and Cephamycins","Cephalosporins and Cephamycins","Cefalexin",123401,"Cephalosporins and Cephamycins.qs","Code/00_inputs/canonical_drug_formulations.csv","Pharmaceutical formulation included in canonical event definition."
"Cephalosporins and Cephamycins","Infections - Agents for Systemic Use","Cephalosporins and Cephamycins","Cephalosporins and Cephamycins","Cefalexin",123402,"Cephalosporins and Cephamycins.qs","Code/00_inputs/canonical_drug_formulations.csv","Pharmaceutical formulation included in canonical event definition."
"Cephalosporins and Cephamycins","Infections - Agents for Systemic Use","Cephalosporins and Cephamycins","Cephalosporins and Cephamycins","Cefalexin",123403,"Cephalosporins and Cephamycins.qs","Code/00_inputs/canonical_drug_formulations.csv","Pharmaceutical formulation included in canonical event definition."
"Cephalosporins and Cephamycins","Infections - Agents for Systemic Use","Cephalosporins and Cephamycins","Cephalosporins and Cephamycins","Cefalexin",123404,"Cephalosporins and Cephamycins.qs","Code/00_inputs/canonical_drug_formulations.csv","Pharmaceutical formulation included in canonical event definition."
"Cephalosporins and Cephamycins","Infections - Agents for Systemic Use","Cephalosporins and Cephamycins","Cephalosporins and Cephamycins","Cefalexin",123425,"Cephalosporins and Cephamycins.qs","Code/00_inputs/canonical_drug_formulations.csv","Pharmaceutical formulation included in canonical event definition."
"Cephalosporins and Cephamycins","Infections - Agents for Systemic Use","Cephalosporins and Cephamycins","Cephalosporins and Cephamycins","Cefamandole nafate",123001,"Cephalosporins and Cephamycins.qs","Code/00_inputs/canonical_drug_formulations.csv","Pharmaceutical formulation included in canonical event definition."
"Cephalosporins and Cephamycins","Infections - Agents for Systemic Use","Cephalosporins and Cephamycins","Cephalosporins and Cephamycins","Cefamandole nafate",123002,"Cephalosporins and Cephamycins.qs","Code/00_inputs/canonical_drug_formulations.csv","Pharmaceutical formulation included in canonical event definition."
"Cephalosporins and Cephamycins","Infections - Agents for Systemic Use","Cephalosporins and Cephamycins","Cephalosporins and Cephamycins","Cefazolin",123601,"Cephalosporins and Cephamycins.qs","Code/00_inputs/canonical_drug_formulations.csv","Pharmaceutical formulation included in canonical event definition."
"Cephalosporins and Cephamycins","Infections - Agents for Systemic Use","Cephalosporins and Cephamycins","Cephalosporins and Cephamycins","Cefazolin",123602,"Cephalosporins and Cephamycins.qs","Code/00_inputs/canonical_drug_formulations.csv","Pharmaceutical formulation included in canonical event definition."
"Cephalosporins and Cephamycins","Infections - Agents for Systemic Use","Cephalosporins and Cephamycins","Cephalosporins and Cephamycins","Cefoxitin sodium",123101,"Cephalosporins and Cephamycins.qs","Code/00_inputs/canonical_drug_formulations.csv","Pharmaceutical formulation included in canonical event definition."
"Cephalosporins and Cephamycins","Infections - Agents for Systemic Use","Cephalosporins and Cephamycins","Cephalosporins and Cephamycins","Ceftazidime",881201,"Cephalosporins and Cephamycins.qs","Code/00_inputs/canonical_drug_formulations.csv","Pharmaceutical formulation included in canonical event definition."
"Cephalosporins and Cephamycins","Infections - Agents for Systemic Use","Cephalosporins and Cephamycins","Cephalosporins and Cephamycins","Ceftazidime",881202,"Cephalosporins and Cephamycins.qs","Code/00_inputs/canonical_drug_formulations.csv","Pharmaceutical formulation included in canonical event definition."
"Cephalosporins and Cephamycins","Infections - Agents for Systemic Use","Cephalosporins and Cephamycins","Cephalosporins and Cephamycins","Ceftazidime",881203,"Cephalosporins and Cephamycins.qs","Code/00_inputs/canonical_drug_formulations.csv","Pharmaceutical formulation included in canonical event definition."
"Cephalosporins and Cephamycins","Infections - Agents for Systemic Use","Cephalosporins and Cephamycins","Cephalosporins and Cephamycins","Ceftriaxone",123201,"Cephalosporins and Cephamycins.qs","Code/00_inputs/canonical_drug_formulations.csv","Pharmaceutical formulation included in canonical event definition."
"Cephalosporins and Cephamycins","Infections - Agents for Systemic Use","Cephalosporins and Cephamycins","Cephalosporins and Cephamycins","Ceftriaxone",123202,"Cephalosporins and Cephamycins.qs","Code/00_inputs/canonical_drug_formulations.csv","Pharmaceutical formulation included in canonical event definition."
"Cephalosporins and Cephamycins","Infections - Agents for Systemic Use","Cephalosporins and Cephamycins","Cephalosporins and Cephamycins","Ceftriaxone",123203,"Cephalosporins and Cephamycins.qs","Code/00_inputs/canonical_drug_formulations.csv","Pharmaceutical formulation included in canonical event definition."
"Cephalosporins and Cephamycins","Infections - Agents for Systemic Use","Cephalosporins and Cephamycins","Cephalosporins and Cephamycins","Cefuroxime axetil",108102,"Cephalosporins and Cephamycins.qs","Code/00_inputs/canonical_drug_formulations.csv","Pharmaceutical formulation included in canonical event definition."
"Cephalosporins and Cephamycins","Infections - Agents for Systemic Use","Cephalosporins and Cephamycins","Cephalosporins and Cephamycins","Cefuroxime sodium",123301,"Cephalosporins and Cephamycins.qs","Code/00_inputs/canonical_drug_formulations.csv","Pharmaceutical formulation included in canonical event definition."
"Cephalosporins and Cephamycins","Infections - Agents for Systemic Use","Cephalosporins and Cephamycins","Cephalosporins and Cephamycins","Cefuroxime sodium",123302,"Cephalosporins and Cephamycins.qs","Code/00_inputs/canonical_drug_formulations.csv","Pharmaceutical formulation included in canonical event definition."
"Cephalosporins and Cephamycins","Infections - Agents for Systemic Use","Cephalosporins and Cephamycins","Cephalosporins and Cephamycins","Cefuroxime sodium",123303,"Cephalosporins and Cephamycins.qs","Code/00_inputs/canonical_drug_formulations.csv","Pharmaceutical formulation included in canonical event definition."
"Cephalosporins and Cephamycins","Infections - Agents for Systemic Use","Cephalosporins and Cephamycins","Cephalosporins and Cephamycins","Cephalothin sodium",123501,"Cephalosporins and Cephamycins.qs","Code/00_inputs/canonical_drug_formulations.csv","Pharmaceutical formulation included in canonical event definition."
"Cephalosporins and Cephamycins","Infections - Agents for Systemic Use","Cephalosporins and Cephamycins","Cephalosporins and Cephamycins","Cephradine",123701,"Cephalosporins and Cephamycins.qs","Code/00_inputs/canonical_drug_formulations.csv","Pharmaceutical formulation included in canonical event definition."
"Cephalosporins and Cephamycins","Infections - Agents for Systemic Use","Cephalosporins and Cephamycins","Cephalosporins and Cephamycins","Cephradine",123702,"Cephalosporins and Cephamycins.qs","Code/00_inputs/canonical_drug_formulations.csv","Pharmaceutical formulation included in canonical event definition."
"Cephalosporins and Cephamycins","Infections - Agents for Systemic Use","Cephalosporins and Cephamycins","Cephalosporins and Cephamycins","Cephradine",123703,"Cephalosporins and Cephamycins.qs","Code/00_inputs/canonical_drug_formulations.csv","Pharmaceutical formulation included in canonical event definition."
"Cephalosporins and Cephamycins","Infections - Agents for Systemic Use","Cephalosporins and Cephamycins","Cephalosporins and Cephamycins","Cephradine",123704,"Cephalosporins and Cephamycins.qs","Code/00_inputs/canonical_drug_formulations.csv","Pharmaceutical formulation included in canonical event definition."
"Diabetes","Alimentary Tract and Metabolism","Diabetes","Alpha Glucosidase Inhibitors","Acarbose",124701,"Diabetes.qs","Code/00_inputs/canonical_drug_formulations.csv","Pharmaceutical formulation included in canonical event definition."
"Diabetes","Alimentary Tract and Metabolism","Diabetes","Alpha Glucosidase Inhibitors","Acarbose",124702,"Diabetes.qs","Code/00_inputs/canonical_drug_formulations.csv","Pharmaceutical formulation included in canonical event definition."
"Diabetes","Alimentary Tract and Metabolism","Diabetes","Hyperglycaemic Agents","Chlorpropamide",106801,"Diabetes.qs","Code/00_inputs/canonical_drug_formulations.csv","Pharmaceutical formulation included in canonical event definition."
"Diabetes","Alimentary Tract and Metabolism","Diabetes","Oral Hypoglycaemic Agents","Glibenclamide",156701,"Diabetes.qs","Code/00_inputs/canonical_drug_formulations.csv","Pharmaceutical formulation included in canonical event definition."
"Diabetes","Alimentary Tract and Metabolism","Diabetes","Oral Hypoglycaemic Agents","Glibenclamide",156702,"Diabetes.qs","Code/00_inputs/canonical_drug_formulations.csv","Pharmaceutical formulation included in canonical event definition."
"Diabetes","Alimentary Tract and Metabolism","Diabetes","Oral Hypoglycaemic Agents","Gliclazide",156801,"Diabetes.qs","Code/00_inputs/canonical_drug_formulations.csv","Pharmaceutical formulation included in canonical event definition."
"Diabetes","Alimentary Tract and Metabolism","Diabetes","Oral Hypoglycaemic Agents","Glipizide",156901,"Diabetes.qs","Code/00_inputs/canonical_drug_formulations.csv","Pharmaceutical formulation included in canonical event definition."
"Diabetes","Alimentary Tract and Metabolism","Diabetes","Insulin - Short-acting Preparations","Insulin Neutral",164826,"Diabetes.qs","Code/00_inputs/canonical_drug_formulations.csv","Pharmaceutical formulation included in canonical event definition."
"Diabetes","Alimentary Tract and Metabolism","Diabetes","Insulin - Rapid Acting Preparations","Insulin aspart",378325,"Diabetes.qs","Code/00_inputs/canonical_drug_formulations.csv","Pharmaceutical formulation included in canonical event definition."
"Diabetes","Alimentary Tract and Metabolism","Diabetes","Insulin - Rapid Acting Preparations","Insulin aspart",378326,"Diabetes.qs","Code/00_inputs/canonical_drug_formulations.csv","Pharmaceutical formulation included in canonical event definition."
"Diabetes","Alimentary Tract and Metabolism","Diabetes","Insulin - Rapid Acting Preparations","Insulin aspart",378327,"Diabetes.qs","Code/00_inputs/canonical_drug_formulations.csv","Pharmaceutical formulation included in canonical event definition."
"Diabetes","Alimentary Tract and Metabolism","Diabetes","Insulin - Intermediate-acting Preparations","Insulin aspart with insulin aspart protamine",398227,"Diabetes.qs","Code/00_inputs/canonical_drug_formulations.csv","Pharmaceutical formulation included in canonical event definition."
"Diabetes","Alimentary Tract and Metabolism","Diabetes","Insulin - Long-acting Preparations","Insulin glargine",385725,"Diabetes.qs","Code/00_inputs/canonical_drug_formulations.csv","Pharmaceutical formulation included in canonical event definition."
"Diabetes","Alimentary Tract and Metabolism","Diabetes","Insulin - Long-acting Preparations","Insulin glargine",385726,"Diabetes.qs","Code/00_inputs/canonical_drug_formulations.csv","Pharmaceutical formulation included in canonical event definition."
"Diabetes","Alimentary Tract and Metabolism","Diabetes","Insulin - Long-acting Preparations","Insulin glargine",385727,"Diabetes.qs","Code/00_inputs/canonical_drug_formulations.csv","Pharmaceutical formulation included in canonical event definition."
"Diabetes","Alimentary Tract and Metabolism","Diabetes","Insulin - Rapid Acting Preparations","Insulin glulisine",390825,"Diabetes.qs","Code/00_inputs/canonical_drug_formulations.csv","Pharmaceutical formulation included in canonical event definition."
"Diabetes","Alimentary Tract and Metabolism","Diabetes","Insulin - Rapid Acting Preparations","Insulin glulisine",390826,"Diabetes.qs","Code/00_inputs/canonical_drug_formulations.csv","Pharmaceutical formulation included in canonical event definition."
"Diabetes","Alimentary Tract and Metabolism","Diabetes","Insulin - Rapid Acting Preparations","Insulin glulisine",390827,"Diabetes.qs","Code/00_inputs/canonical_drug_formulations.csv","Pharmaceutical formulation included in canonical event definition."
"Diabetes","Alimentary Tract and Metabolism","Diabetes","Insulin - Intermediate-acting Preparations","Insulin isophane",164902,"Diabetes.qs","Code/00_inputs/canonical_drug_formulations.csv","Pharmaceutical formulation included in canonical event definition."
"Diabetes","Alimentary Tract and Metabolism","Diabetes","Insulin - Intermediate-acting Preparations","Insulin isophane",164903,"Diabetes.qs","Code/00_inputs/canonical_drug_formulations.csv","Pharmaceutical formulation included in canonical event definition."
"Diabetes","Alimentary Tract and Metabolism","Diabetes","Insulin - Intermediate-acting Preparations","Insulin isophane",164904,"Diabetes.qs","Code/00_inputs/canonical_drug_formulations.csv","Pharmaceutical formulation included in canonical event definition."
"Diabetes","Alimentary Tract and Metabolism","Diabetes","Insulin - Intermediate-acting Preparations","Insulin isophane",164925,"Diabetes.qs","Code/00_inputs/canonical_drug_formulations.csv","Pharmaceutical formulation included in canonical event definition."
"Diabetes","Alimentary Tract and Metabolism","Diabetes","Insulin - Intermediate-acting Preparations","Insulin isophane with insulin neutral",630001,"Diabetes.qs","Code/00_inputs/canonical_drug_formulations.csv","Pharmaceutical formulation included in canonical event definition."
"Diabetes","Alimentary Tract and Metabolism","Diabetes","Insulin - Intermediate-acting Preparations","Insulin isophane with insulin neutral",630002,"Diabetes.qs","Code/00_inputs/canonical_drug_formulations.csv","Pharmaceutical formulation included in canonical event definition."
"Diabetes","Alimentary Tract and Metabolism","Diabetes","Insulin - Intermediate-acting Preparations","Insulin isophane with insulin neutral",630003,"Diabetes.qs","Code/00_inputs/canonical_drug_formulations.csv","Pharmaceutical formulation included in canonical event definition."
"Diabetes","Alimentary Tract and Metabolism","Diabetes","Insulin - Intermediate-acting Preparations","Insulin isophane with insulin neutral",630005,"Diabetes.qs","Code/00_inputs/canonical_drug_formulations.csv","Pharmaceutical formulation included in canonical event definition."
"Diabetes","Alimentary Tract and Metabolism","Diabetes","Insulin - Rapid Acting Preparations","Insulin lispro",119201,"Diabetes.qs","Code/00_inputs/canonical_drug_formulations.csv","Pharmaceutical formulation included in canonical event definition."
"Diabetes","Alimentary Tract and Metabolism","Diabetes","Insulin - Rapid Acting Preparations","Insulin lispro",119202,"Diabetes.qs","Code/00_inputs/canonical_drug_formulations.csv","Pharmaceutical formulation included in canonical event definition."
"Diabetes","Alimentary Tract and Metabolism","Diabetes","Insulin - Intermediate-acting Preparations","Insulin lispro with insulin lispro protamine",388225,"Diabetes.qs","Code/00_inputs/canonical_drug_formulations.csv","Pharmaceutical formulation included in canonical event definition."
"Diabetes","Alimentary Tract and Metabolism","Diabetes","Insulin - Intermediate-acting Preparations","Insulin lispro with insulin lispro protamine",388226,"Diabetes.qs","Code/00_inputs/canonical_drug_formulations.csv","Pharmaceutical formulation included in canonical event definition."
"Diabetes","Alimentary Tract and Metabolism","Diabetes","Insulin - Short-acting Preparations","Insulin neutral",164801,"Diabetes.qs","Code/00_inputs/canonical_drug_formulations.csv","Pharmaceutical formulation included in canonical event definition."
"Diabetes","Alimentary Tract and Metabolism","Diabetes","Insulin - Short-acting Preparations","Insulin neutral",164802,"Diabetes.qs","Code/00_inputs/canonical_drug_formulations.csv","Pharmaceutical formulation included in canonical event definition."
"Diabetes","Alimentary Tract and Metabolism","Diabetes","Insulin - Short-acting Preparations","Insulin neutral",164803,"Diabetes.qs","Code/00_inputs/canonical_drug_formulations.csv","Pharmaceutical formulation included in canonical event definition."
"Diabetes","Alimentary Tract and Metabolism","Diabetes","Insulin - Short-acting Preparations","Insulin neutral",164825,"Diabetes.qs","Code/00_inputs/canonical_drug_formulations.csv","Pharmaceutical formulation included in canonical event definition."
"Diabetes","Alimentary Tract and Metabolism","Diabetes","Insulin - Intermediate-acting Preparations","Insulin zinc suspension",165501,"Diabetes.qs","Code/00_inputs/canonical_drug_formulations.csv","Pharmaceutical formulation included in canonical event definition."
"Diabetes","Alimentary Tract and Metabolism","Diabetes","Insulin - Intermediate-acting Preparations","Insulin zinc suspension",165502,"Diabetes.qs","Code/00_inputs/canonical_drug_formulations.csv","Pharmaceutical formulation included in canonical event definition."
"Diabetes","Alimentary Tract and Metabolism","Diabetes","Oral Hypoglycaemic Agents","Metformin hydrochloride",179401,"Diabetes.qs","Code/00_inputs/canonical_drug_formulations.csv","Pharmaceutical formulation included in canonical event definition."
"Diabetes","Alimentary Tract and Metabolism","Diabetes","Oral Hypoglycaemic Agents","Metformin hydrochloride",179402,"Diabetes.qs","Code/00_inputs/canonical_drug_formulations.csv","Pharmaceutical formulation included in canonical event definition."
"Diabetes","Alimentary Tract and Metabolism","Diabetes","Oral Hypoglycaemic Agents","Pioglitazone",380025,"Diabetes.qs","Code/00_inputs/canonical_drug_formulations.csv","Pharmaceutical formulation included in canonical event definition."
"Diabetes","Alimentary Tract and Metabolism","Diabetes","Oral Hypoglycaemic Agents","Pioglitazone",380026,"Diabetes.qs","Code/00_inputs/canonical_drug_formulations.csv","Pharmaceutical formulation included in canonical event definition."
"Diabetes","Alimentary Tract and Metabolism","Diabetes","Oral Hypoglycaemic Agents","Pioglitazone",380027,"Diabetes.qs","Code/00_inputs/canonical_drug_formulations.csv","Pharmaceutical formulation included in canonical event definition."
"Diabetes","Alimentary Tract and Metabolism","Diabetes","Insulin - Long-acting Preparations","Rosiglitazone",373925,"Diabetes.qs","Code/00_inputs/canonical_drug_formulations.csv","Pharmaceutical formulation included in canonical event definition."
"Diabetes","Alimentary Tract and Metabolism","Diabetes","Insulin - Long-acting Preparations","Rosiglitazone",373926,"Diabetes.qs","Code/00_inputs/canonical_drug_formulations.csv","Pharmaceutical formulation included in canonical event definition."
"Diabetes","Alimentary Tract and Metabolism","Diabetes","Insulin - Long-acting Preparations","Tolazamide",227601,"Diabetes.qs","Code/00_inputs/canonical_drug_formulations.csv","Pharmaceutical formulation included in canonical event definition."
"Diabetes","Alimentary Tract and Metabolism","Diabetes","Oral Hypoglycaemic Agents","Tolbutamide",227701,"Diabetes.qs","Code/00_inputs/canonical_drug_formulations.csv","Pharmaceutical formulation included in canonical event definition."
"Diabetes","Alimentary Tract and Metabolism","Diabetes","Oral Hypoglycaemic Agents","Vildagliptin",410325,"Diabetes.qs","Code/00_inputs/canonical_drug_formulations.csv","Pharmaceutical formulation included in canonical event definition."
"Diabetes","Alimentary Tract and Metabolism","Diabetes","Oral Hypoglycaemic Agents","Vildagliptin with metformin hydrochloride",410425,"Diabetes.qs","Code/00_inputs/canonical_drug_formulations.csv","Pharmaceutical formulation included in canonical event definition."
"Diabetes","Alimentary Tract and Metabolism","Diabetes","Oral Hypoglycaemic Agents","Vildagliptin with metformin hydrochloride",410426,"Diabetes.qs","Code/00_inputs/canonical_drug_formulations.csv","Pharmaceutical formulation included in canonical event definition."
"Diuretics","Cardiovascular System","Diuretics","Thiazide and Related Diuretics","Bendrofluazide",111603,"Diuretics.qs","Code/00_inputs/canonical_drug_formulations.csv","Pharmaceutical formulation included in canonical event definition."
"Diuretics","Cardiovascular System","Diuretics","Thiazide and Related Diuretics","Bendroflumethiazide [Bendrofluazide]",111601,"Diuretics.qs","Code/00_inputs/canonical_drug_formulations.csv","Pharmaceutical formulation included in canonical event definition."
"Diuretics","Cardiovascular System","Diuretics","Thiazide and Related Diuretics","Bendroflumethiazide [Bendrofluazide]",111602,"Diuretics.qs","Code/00_inputs/canonical_drug_formulations.csv","Pharmaceutical formulation included in canonical event definition."
"Diuretics","Cardiovascular System","Diuretics","Thiazide and Related Diuretics","Chlorothiazide",128201,"Diuretics.qs","Code/00_inputs/canonical_drug_formulations.csv","Pharmaceutical formulation included in canonical event definition."
"Diuretics","Cardiovascular System","Diuretics","Thiazide and Related Diuretics","Chlorothiazide",128202,"Diuretics.qs","Code/00_inputs/canonical_drug_formulations.csv","Pharmaceutical formulation included in canonical event definition."
"Diuretics","Cardiovascular System","Diuretics","Thiazide and Related Diuretics","Chlortalidone [Chlorthalidone]",129001,"Diuretics.qs","Code/00_inputs/canonical_drug_formulations.csv","Pharmaceutical formulation included in canonical event definition."
"Diuretics","Cardiovascular System","Diuretics","Thiazide and Related Diuretics","Cyclopenthiazide",136701,"Diuretics.qs","Code/00_inputs/canonical_drug_formulations.csv","Pharmaceutical formulation included in canonical event definition."
"Diuretics","Cardiovascular System","Diuretics","Thiazide and Related Diuretics","Indapamide",164301,"Diuretics.qs","Code/00_inputs/canonical_drug_formulations.csv","Pharmaceutical formulation included in canonical event definition."
"Diuretics","Cardiovascular System","Diuretics","Thiazide and Related Diuretics","Methyclothiazide",180101,"Diuretics.qs","Code/00_inputs/canonical_drug_formulations.csv","Pharmaceutical formulation included in canonical event definition."
"Immuno_compromised","Oncology Agents and Immunosuppressants","Immuno_compromised","Endocrine Therapy","Abiraterone acetate",404825,"Immuno_compromised.qs","Code/00_inputs/canonical_drug_formulations.csv","Pharmaceutical formulation included in canonical event definition."
"Immuno_compromised","Oncology Agents and Immunosuppressants","Immuno_compromised","Monoclonal Antibodies","Adalimumab",383625,"Immuno_compromised.qs","Code/00_inputs/canonical_drug_formulations.csv","Pharmaceutical formulation included in canonical event definition."
"Immuno_compromised","Oncology Agents and Immunosuppressants","Immuno_compromised","Monoclonal Antibodies","Adalimumab",383626,"Immuno_compromised.qs","Code/00_inputs/canonical_drug_formulations.csv","Pharmaceutical formulation included in canonical event definition."
"Immuno_compromised","Oncology Agents and Immunosuppressants","Immuno_compromised","Monoclonal Antibodies","Adalimumab",383627,"Immuno_compromised.qs","Code/00_inputs/canonical_drug_formulations.csv","Pharmaceutical formulation included in canonical event definition."
"Immuno_compromised","Oncology Agents and Immunosuppressants","Immuno_compromised","Monoclonal Antibodies","Adalimumab",383628,"Immuno_compromised.qs","Code/00_inputs/canonical_drug_formulations.csv","Pharmaceutical formulation included in canonical event definition."
"Immuno_compromised","Oncology Agents and Immunosuppressants","Immuno_compromised","Protein-tyrosine Kinase Inhibitors","Alectinib",412125,"Immuno_compromised.qs","Code/00_inputs/canonical_drug_formulations.csv","Pharmaceutical formulation included in canonical event definition."
"Immuno_compromised","Oncology Agents and Immunosuppressants","Immuno_compromised","Endocrine Therapy","Aminoglutethimide",105501,"Immuno_compromised.qs","Code/00_inputs/canonical_drug_formulations.csv","Pharmaceutical formulation included in canonical event definition."
"Immuno_compromised","Oncology Agents and Immunosuppressants","Immuno_compromised","Other Cytotoxic Agents","Amsacrine",389725,"Immuno_compromised.qs","Code/00_inputs/canonical_drug_formulations.csv","Pharmaceutical formulation included in canonical event definition."
"Immuno_compromised","Oncology Agents and Immunosuppressants","Immuno_compromised","Other Cytotoxic Agents","Amsacrine",389726,"Immuno_compromised.qs","Code/00_inputs/canonical_drug_formulations.csv","Pharmaceutical formulation included in canonical event definition."
"Immuno_compromised","Oncology Agents and Immunosuppressants","Immuno_compromised","Other Cytotoxic Agents","Anagrelide hydrochloride",384325,"Immuno_compromised.qs","Code/00_inputs/canonical_drug_formulations.csv","Pharmaceutical formulation included in canonical event definition."
"Immuno_compromised","Oncology Agents and Immunosuppressants","Immuno_compromised","Aromatase Inhibitors","Anastrozole",115801,"Immuno_compromised.qs","Code/00_inputs/canonical_drug_formulations.csv","Pharmaceutical formulation included in canonical event definition."
"Immuno_compromised","Oncology Agents and Immunosuppressants","Immuno_compromised","Endocrine Therapy","Anastrozole-DP",388625,"Immuno_compromised.qs","Code/00_inputs/canonical_drug_formulations.csv","Pharmaceutical formulation included in canonical event definition."
"Immuno_compromised","Oncology Agents and Immunosuppressants","Immuno_compromised","Monoclonal Antibodies","Antithymocyte Gobulin",375125,"Immuno_compromised.qs","Code/00_inputs/canonical_drug_formulations.csv","Pharmaceutical formulation included in canonical event definition."
"Immuno_compromised","Oncology Agents and Immunosuppressants","Immuno_compromised","Monoclonal Antibodies","Antithymocyte Gobulin",375126,"Immuno_compromised.qs","Code/00_inputs/canonical_drug_formulations.csv","Pharmaceutical formulation included in canonical event definition."
"Immuno_compromised","Oncology Agents and Immunosuppressants","Immuno_compromised","Other Cytotoxic Agents","Arsenic trioxide",384425,"Immuno_compromised.qs","Code/00_inputs/canonical_drug_formulations.csv","Pharmaceutical formulation included in canonical event definition."
"Immuno_compromised","Oncology Agents and Immunosuppressants","Immuno_compromised","Other Cytotoxic Agents","Arsenic trioxide",384426,"Immuno_compromised.qs","Code/00_inputs/canonical_drug_formulations.csv","Pharmaceutical formulation included in canonical event definition."
"Immuno_compromised","Oncology Agents and Immunosuppressants","Immuno_compromised","Other Cytotoxic Agents","Arsenic trioxide",384427,"Immuno_compromised.qs","Code/00_inputs/canonical_drug_formulations.csv","Pharmaceutical formulation included in canonical event definition."
"Immuno_compromised","Oncology Agents and Immunosuppressants","Immuno_compromised","Antimetabolites","Azacitidine",403425,"Immuno_compromised.qs","Code/00_inputs/canonical_drug_formulations.csv","Pharmaceutical formulation included in canonical event definition."
"Immuno_compromised","Oncology Agents and Immunosuppressants","Immuno_compromised","Antimetabolites","Azacitidine",403426,"Immuno_compromised.qs","Code/00_inputs/canonical_drug_formulations.csv","Pharmaceutical formulation included in canonical event definition."
"Immuno_compromised","Oncology Agents and Immunosuppressants","Immuno_compromised","Cytotoxic Immunosuppressants","Azathioprine",110001,"Immuno_compromised.qs","Code/00_inputs/canonical_drug_formulations.csv","Pharmaceutical formulation included in canonical event definition."
"Immuno_compromised","Oncology Agents and Immunosuppressants","Immuno_compromised","Cytotoxic Immunosuppressants","Azathioprine",110002,"Immuno_compromised.qs","Code/00_inputs/canonical_drug_formulations.csv","Pharmaceutical formulation included in canonical event definition."
"Immuno_compromised","Oncology Agents and Immunosuppressants","Immuno_compromised","Cytotoxic Immunosuppressants","Azathioprine",110003,"Immuno_compromised.qs","Code/00_inputs/canonical_drug_formulations.csv","Pharmaceutical formulation included in canonical event definition."
"Immuno_compromised","Oncology Agents and Immunosuppressants","Immuno_compromised","Cytotoxic Immunosuppressants","Azathioprine",110025,"Immuno_compromised.qs","Code/00_inputs/canonical_drug_formulations.csv","Pharmaceutical formulation included in canonical event definition."
"Immuno_compromised","Oncology Agents and Immunosuppressants","Immuno_compromised","Alkylating Agents","Bendamustine hydrochloride",408425,"Immuno_compromised.qs","Code/00_inputs/canonical_drug_formulations.csv","Pharmaceutical formulation included in canonical event definition."
"Immuno_compromised","Oncology Agents and Immunosuppressants","Immuno_compromised","Alkylating Agents","Bendamustine hydrochloride",408426,"Immuno_compromised.qs","Code/00_inputs/canonical_drug_formulations.csv","Pharmaceutical formulation included in canonical event definition."
"Immuno_compromised","Oncology Agents and Immunosuppressants","Immuno_compromised","Alkylating Agents","Bendamustine hydrochloride",408427,"Immuno_compromised.qs","Code/00_inputs/canonical_drug_formulations.csv","Pharmaceutical formulation included in canonical event definition."
"Immuno_compromised","Oncology Agents and Immunosuppressants","Immuno_compromised","Endocrine Therapy","Bicalutamide",388325,"Immuno_compromised.qs","Code/00_inputs/canonical_drug_formulations.csv","Pharmaceutical formulation included in canonical event definition."
"Immuno_compromised","Oncology Agents and Immunosuppressants","Immuno_compromised","Other Cytotoxic Agents","Bleomycin sulphate",381225,"Immuno_compromised.qs","Code/00_inputs/canonical_drug_formulations.csv","Pharmaceutical formulation included in canonical event definition."
"Immuno_compromised","Oncology Agents and Immunosuppressants","Immuno_compromised","Other Cytotoxic Agents","Bleomycin sulphate",381226,"Immuno_compromised.qs","Code/00_inputs/canonical_drug_formulations.csv","Pharmaceutical formulation included in canonical event definition."
"Immuno_compromised","Oncology Agents and Immunosuppressants","Immuno_compromised","Other Cytotoxic Agents","Bortezomib",393625,"Immuno_compromised.qs","Code/00_inputs/canonical_drug_formulations.csv","Pharmaceutical formulation included in canonical event definition."
"Immuno_compromised","Oncology Agents and Immunosuppressants","Immuno_compromised","Other Cytotoxic Agents","Bortezomib",393626,"Immuno_compromised.qs","Code/00_inputs/canonical_drug_formulations.csv","Pharmaceutical formulation included in canonical event definition."
"Immuno_compromised","Oncology Agents and Immunosuppressants","Immuno_compromised","Other Cytotoxic Agents","Bortezomib",393627,"Immuno_compromised.qs","Code/00_inputs/canonical_drug_formulations.csv","Pharmaceutical formulation included in canonical event definition."
"Immuno_compromised","Oncology Agents and Immunosuppressants","Immuno_compromised","Alkylating Agents","Busulfan",117301,"Immuno_compromised.qs","Code/00_inputs/canonical_drug_formulations.csv","Pharmaceutical formulation included in canonical event definition."
"Immuno_compromised","Oncology Agents and Immunosuppressants","Immuno_compromised","Antimetabolites","Calcium folinate",119801,"Immuno_compromised.qs","Code/00_inputs/canonical_drug_formulations.csv","Pharmaceutical formulation included in canonical event definition."
"Immuno_compromised","Oncology Agents and Immunosuppressants","Immuno_compromised","Antimetabolites","Calcium folinate",119802,"Immuno_compromised.qs","Code/00_inputs/canonical_drug_formulations.csv","Pharmaceutical formulation included in canonical event definition."
"Immuno_compromised","Oncology Agents and Immunosuppressants","Immuno_compromised","Antimetabolites","Calcium folinate",119803,"Immuno_compromised.qs","Code/00_inputs/canonical_drug_formulations.csv","Pharmaceutical formulation included in canonical event definition."
"Immuno_compromised","Oncology Agents and Immunosuppressants","Immuno_compromised","Antimetabolites","Calcium folinate",119804,"Immuno_compromised.qs","Code/00_inputs/canonical_drug_formulations.csv","Pharmaceutical formulation included in canonical event definition."
"Immuno_compromised","Oncology Agents and Immunosuppressants","Immuno_compromised","Antimetabolites","Calcium folinate",119825,"Immuno_compromised.qs","Code/00_inputs/canonical_drug_formulations.csv","Pharmaceutical formulation included in canonical event definition."
"Immuno_compromised","Oncology Agents and Immunosuppressants","Immuno_compromised","Antimetabolites","Calcium folinate",119826,"Immuno_compromised.qs","Code/00_inputs/canonical_drug_formulations.csv","Pharmaceutical formulation included in canonical event definition."
"Immuno_compromised","Oncology Agents and Immunosuppressants","Immuno_compromised","Antimetabolites","Calcium folinate",119827,"Immuno_compromised.qs","Code/00_inputs/canonical_drug_formulations.csv","Pharmaceutical formulation included in canonical event definition."
"Immuno_compromised","Oncology Agents and Immunosuppressants","Immuno_compromised","Antimetabolites","Calcium folinate",119828,"Immuno_compromised.qs","Code/00_inputs/canonical_drug_formulations.csv","Pharmaceutical formulation included in canonical event definition."
"Immuno_compromised","Oncology Agents and Immunosuppressants","Immuno_compromised","Antimetabolites","Calcium folinate",119829,"Immuno_compromised.qs","Code/00_inputs/canonical_drug_formulations.csv","Pharmaceutical formulation included in canonical event definition."
"Immuno_compromised","Oncology Agents and Immunosuppressants","Immuno_compromised","Antimetabolites","Calcium folinate",119830,"Immuno_compromised.qs","Code/00_inputs/canonical_drug_formulations.csv","Pharmaceutical formulation included in canonical event definition."
"Immuno_compromised","Oncology Agents and Immunosuppressants","Immuno_compromised","Antimetabolites","Calcium folinate",119831,"Immuno_compromised.qs","Code/00_inputs/canonical_drug_formulations.csv","Pharmaceutical formulation included in canonical event definition."
"Immuno_compromised","Oncology Agents and Immunosuppressants","Immuno_compromised","Antimetabolites","Calcium folinate",119832,"Immuno_compromised.qs","Code/00_inputs/canonical_drug_formulations.csv","Pharmaceutical formulation included in canonical event definition."
"Immuno_compromised","Oncology Agents and Immunosuppressants","Immuno_compromised","Antimetabolites","Capecitabine",380825,"Immuno_compromised.qs","Code/00_inputs/canonical_drug_formulations.csv","Pharmaceutical formulation included in canonical event definition."
"Immuno_compromised","Oncology Agents and Immunosuppressants","Immuno_compromised","Antimetabolites","Capecitabine",380826,"Immuno_compromised.qs","Code/00_inputs/canonical_drug_formulations.csv","Pharmaceutical formulation included in canonical event definition."
"Immuno_compromised","Oncology Agents and Immunosuppressants","Immuno_compromised","Alkylating Agents","Carboplatin",382525,"Immuno_compromised.qs","Code/00_inputs/canonical_drug_formulations.csv","Pharmaceutical formulation included in canonical event definition."
"Immuno_compromised","Oncology Agents and Immunosuppressants","Immuno_compromised","Alkylating Agents","Carboplatin",382526,"Immuno_compromised.qs","Code/00_inputs/canonical_drug_formulations.csv","Pharmaceutical formulation included in canonical event definition."
"Immuno_compromised","Oncology Agents and Immunosuppressants","Immuno_compromised","Alkylating Agents","Carboplatin",382527,"Immuno_compromised.qs","Code/00_inputs/canonical_drug_formulations.csv","Pharmaceutical formulation included in canonical event definition."
"Immuno_compromised","Oncology Agents and Immunosuppressants","Immuno_compromised","Alkylating Agents","Carboplatin",382528,"Immuno_compromised.qs","Code/00_inputs/canonical_drug_formulations.csv","Pharmaceutical formulation included in canonical event definition."
"Immuno_compromised","Oncology Agents and Immunosuppressants","Immuno_compromised","Alkylating Agents","Carboplatin",382529,"Immuno_compromised.qs","Code/00_inputs/canonical_drug_formulations.csv","Pharmaceutical formulation included in canonical event definition."
"Immuno_compromised","Oncology Agents and Immunosuppressants","Immuno_compromised","Alkylating Agents","Carmustine",383725,"Immuno_compromised.qs","Code/00_inputs/canonical_drug_formulations.csv","Pharmaceutical formulation included in canonical event definition."
"Immuno_compromised","Oncology Agents and Immunosuppressants","Immuno_compromised","Alkylating Agents","Carmustine",383726,"Immuno_compromised.qs","Code/00_inputs/canonical_drug_formulations.csv","Pharmaceutical formulation included in canonical event definition."
"Immuno_compromised","Oncology Agents and Immunosuppressants","Immuno_compromised","Monoclonal Antibodies","Cetuximab",409425,"Immuno_compromised.qs","Code/00_inputs/canonical_drug_formulations.csv","Pharmaceutical formulation included in canonical event definition."
"Immuno_compromised","Oncology Agents and Immunosuppressants","Immuno_compromised","Monoclonal Antibodies","Cetuximab",409426,"Immuno_compromised.qs","Code/00_inputs/canonical_drug_formulations.csv","Pharmaceutical formulation included in canonical event definition."
"Immuno_compromised","Oncology Agents and Immunosuppressants","Immuno_compromised","Monoclonal Antibodies","Cetuximab",409427,"Immuno_compromised.qs","Code/00_inputs/canonical_drug_formulations.csv","Pharmaceutical formulation included in canonical event definition."
"Immuno_compromised","Oncology Agents and Immunosuppressants","Immuno_compromised","Alkylating Agents","Chlorambucil",125501,"Immuno_compromised.qs","Code/00_inputs/canonical_drug_formulations.csv","Pharmaceutical formulation included in canonical event definition."
"Immuno_compromised","Oncology Agents and Immunosuppressants","Immuno_compromised","Alkylating Agents","Chlorambucil",125502,"Immuno_compromised.qs","Code/00_inputs/canonical_drug_formulations.csv","Pharmaceutical formulation included in canonical event definition."
"Immuno_compromised","Oncology Agents and Immunosuppressants","Immuno_compromised","Other Immunosuppressants","Ciclosporin",242101,"Immuno_compromised.qs","Code/00_inputs/canonical_drug_formulations.csv","Pharmaceutical formulation included in canonical event definition."
"Immuno_compromised","Oncology Agents and Immunosuppressants","Immuno_compromised","Other Immunosuppressants","Ciclosporin",242102,"Immuno_compromised.qs","Code/00_inputs/canonical_drug_formulations.csv","Pharmaceutical formulation included in canonical event definition."
"Immuno_compromised","Oncology Agents and Immunosuppressants","Immuno_compromised","Other Immunosuppressants","Ciclosporin",242103,"Immuno_compromised.qs","Code/00_inputs/canonical_drug_formulations.csv","Pharmaceutical formulation included in canonical event definition."
"Immuno_compromised","Oncology Agents and Immunosuppressants","Immuno_compromised","Other Immunosuppressants","Ciclosporin",242125,"Immuno_compromised.qs","Code/00_inputs/canonical_drug_formulations.csv","Pharmaceutical formulation included in canonical event definition."
"Immuno_compromised","Oncology Agents and Immunosuppressants","Immuno_compromised","Alkylating Agents","Cisplatin",382625,"Immuno_compromised.qs","Code/00_inputs/canonical_drug_formulations.csv","Pharmaceutical formulation included in canonical event definition."
"Immuno_compromised","Oncology Agents and Immunosuppressants","Immuno_compromised","Alkylating Agents","Cisplatin",382626,"Immuno_compromised.qs","Code/00_inputs/canonical_drug_formulations.csv","Pharmaceutical formulation included in canonical event definition."
"Immuno_compromised","Oncology Agents and Immunosuppressants","Immuno_compromised","Alkylating Agents","Cisplatin",382627,"Immuno_compromised.qs","Code/00_inputs/canonical_drug_formulations.csv","Pharmaceutical formulation included in canonical event definition."
"Immuno_compromised","Oncology Agents and Immunosuppressants","Immuno_compromised","Antimetabolites","Cladribine",384025,"Immuno_compromised.qs","Code/00_inputs/canonical_drug_formulations.csv","Pharmaceutical formulation included in canonical event definition."
"Immuno_compromised","Oncology Agents and Immunosuppressants","Immuno_compromised","Antimetabolites","Cladribine",384026,"Immuno_compromised.qs","Code/00_inputs/canonical_drug_formulations.csv","Pharmaceutical formulation included in canonical event definition."
"Immuno_compromised","Oncology Agents and Immunosuppressants","Immuno_compromised","Antimetabolites","Cladribine",384027,"Immuno_compromised.qs","Code/00_inputs/canonical_drug_formulations.csv","Pharmaceutical formulation included in canonical event definition."
"Immuno_compromised","Oncology Agents and Immunosuppressants","Immuno_compromised","Other Cytotoxic Agents","Colaspase [L-asparaginase]",383325,"Immuno_compromised.qs","Code/00_inputs/canonical_drug_formulations.csv","Pharmaceutical formulation included in canonical event definition."
"Immuno_compromised","Oncology Agents and Immunosuppressants","Immuno_compromised","Other Cytotoxic Agents","Colaspase [L-asparaginase]",383326,"Immuno_compromised.qs","Code/00_inputs/canonical_drug_formulations.csv","Pharmaceutical formulation included in canonical event definition."
"Immuno_compromised","Oncology Agents and Immunosuppressants","Immuno_compromised","Alkylating Agents","Cyclophosphamide",136901,"Immuno_compromised.qs","Code/00_inputs/canonical_drug_formulations.csv","Pharmaceutical formulation included in canonical event definition."
"Immuno_compromised","Oncology Agents and Immunosuppressants","Immuno_compromised","Alkylating Agents","Cyclophosphamide",136902,"Immuno_compromised.qs","Code/00_inputs/canonical_drug_formulations.csv","Pharmaceutical formulation included in canonical event definition."
"Immuno_compromised","Oncology Agents and Immunosuppressants","Immuno_compromised","Alkylating Agents","Cyclophosphamide",136903,"Immuno_compromised.qs","Code/00_inputs/canonical_drug_formulations.csv","Pharmaceutical formulation included in canonical event definition."
"Immuno_compromised","Oncology Agents and Immunosuppressants","Immuno_compromised","Alkylating Agents","Cyclophosphamide",136904,"Immuno_compromised.qs","Code/00_inputs/canonical_drug_formulations.csv","Pharmaceutical formulation included in canonical event definition."
"Immuno_compromised","Oncology Agents and Immunosuppressants","Immuno_compromised","Alkylating Agents","Cyclophosphamide",136925,"Immuno_compromised.qs","Code/00_inputs/canonical_drug_formulations.csv","Pharmaceutical formulation included in canonical event definition."
"Immuno_compromised","Oncology Agents and Immunosuppressants","Immuno_compromised","Alkylating Agents","Cyclophosphamide",136926,"Immuno_compromised.qs","Code/00_inputs/canonical_drug_formulations.csv","Pharmaceutical formulation included in canonical event definition."
"Immuno_compromised","Oncology Agents and Immunosuppressants","Immuno_compromised","Antimetabolites","Cytarabine",137101,"Immuno_compromised.qs","Code/00_inputs/canonical_drug_formulations.csv","Pharmaceutical formulation included in canonical event definition."
"Immuno_compromised","Oncology Agents and Immunosuppressants","Immuno_compromised","Antimetabolites","Cytarabine",137102,"Immuno_compromised.qs","Code/00_inputs/canonical_drug_formulations.csv","Pharmaceutical formulation included in canonical event definition."
"Immuno_compromised","Oncology Agents and Immunosuppressants","Immuno_compromised","Antimetabolites","Cytarabine",137103,"Immuno_compromised.qs","Code/00_inputs/canonical_drug_formulations.csv","Pharmaceutical formulation included in canonical event definition."
"Immuno_compromised","Oncology Agents and Immunosuppressants","Immuno_compromised","Antimetabolites","Cytarabine",137104,"Immuno_compromised.qs","Code/00_inputs/canonical_drug_formulations.csv","Pharmaceutical formulation included in canonical event definition."
"Immuno_compromised","Oncology Agents and Immunosuppressants","Immuno_compromised","Antimetabolites","Cytarabine",137125,"Immuno_compromised.qs","Code/00_inputs/canonical_drug_formulations.csv","Pharmaceutical formulation included in canonical event definition."
"Immuno_compromised","Oncology Agents and Immunosuppressants","Immuno_compromised","Antimetabolites","Cytarabine",137126,"Immuno_compromised.qs","Code/00_inputs/canonical_drug_formulations.csv","Pharmaceutical formulation included in canonical event definition."
"Immuno_compromised","Oncology Agents and Immunosuppressants","Immuno_compromised","Antimetabolites","Cytarabine",137127,"Immuno_compromised.qs","Code/00_inputs/canonical_drug_formulations.csv","Pharmaceutical formulation included in canonical event definition."
"Immuno_compromised","Oncology Agents and Immunosuppressants","Immuno_compromised","Other Cytotoxic Agents","Dacarbazine",382725,"Immuno_compromised.qs","Code/00_inputs/canonical_drug_formulations.csv","Pharmaceutical formulation included in canonical event definition."
"Immuno_compromised","Oncology Agents and Immunosuppressants","Immuno_compromised","Other Cytotoxic Agents","Dacarbazine",382726,"Immuno_compromised.qs","Code/00_inputs/canonical_drug_formulations.csv","Pharmaceutical formulation included in canonical event definition."
"Immuno_compromised","Oncology Agents and Immunosuppressants","Immuno_compromised","Other Cytotoxic Agents","Dactinomycin [Actinomycin D]",384625,"Immuno_compromised.qs","Code/00_inputs/canonical_drug_formulations.csv","Pharmaceutical formulation included in canonical event definition."
"Immuno_compromised","Oncology Agents and Immunosuppressants","Immuno_compromised","Other Cytotoxic Agents","Dactinomycin [Actinomycin D]",384626,"Immuno_compromised.qs","Code/00_inputs/canonical_drug_formulations.csv","Pharmaceutical formulation included in canonical event definition."
"Immuno_compromised","Oncology Agents and Immunosuppressants","Immuno_compromised","Protein-tyrosine Kinase Inhibitors","Dasatinib",389425,"Immuno_compromised.qs","Code/00_inputs/canonical_drug_formulations.csv","Pharmaceutical formulation included in canonical event definition."
"Immuno_compromised","Oncology Agents and Immunosuppressants","Immuno_compromised","Protein-tyrosine Kinase Inhibitors","Dasatinib",389426,"Immuno_compromised.qs","Code/00_inputs/canonical_drug_formulations.csv","Pharmaceutical formulation included in canonical event definition."
"Immuno_compromised","Oncology Agents and Immunosuppressants","Immuno_compromised","Protein-tyrosine Kinase Inhibitors","Dasatinib",389427,"Immuno_compromised.qs","Code/00_inputs/canonical_drug_formulations.csv","Pharmaceutical formulation included in canonical event definition."
"Immuno_compromised","Oncology Agents and Immunosuppressants","Immuno_compromised","Protein-tyrosine Kinase Inhibitors","Dasatinib",389428,"Immuno_compromised.qs","Code/00_inputs/canonical_drug_formulations.csv","Pharmaceutical formulation included in canonical event definition."
"Immuno_compromised","Oncology Agents and Immunosuppressants","Immuno_compromised","Other Cytotoxic Agents","Daunorubicin",382825,"Immuno_compromised.qs","Code/00_inputs/canonical_drug_formulations.csv","Pharmaceutical formulation included in canonical event definition."
"Immuno_compromised","Oncology Agents and Immunosuppressants","Immuno_compromised","Other Cytotoxic Agents","Daunorubicin",382826,"Immuno_compromised.qs","Code/00_inputs/canonical_drug_formulations.csv","Pharmaceutical formulation included in canonical event definition."
"Immuno_compromised","Oncology Agents and Immunosuppressants","Immuno_compromised","Other Cytotoxic Agents","Daunorubicin",382827,"Immuno_compromised.qs","Code/00_inputs/canonical_drug_formulations.csv","Pharmaceutical formulation included in canonical event definition."
"Immuno_compromised","Oncology Agents and Immunosuppressants","Immuno_compromised","Other Cytotoxic Agents","Docetaxel",383425,"Immuno_compromised.qs","Code/00_inputs/canonical_drug_formulations.csv","Pharmaceutical formulation included in canonical event definition."
"Immuno_compromised","Oncology Agents and Immunosuppressants","Immuno_compromised","Other Cytotoxic Agents","Docetaxel",383426,"Immuno_compromised.qs","Code/00_inputs/canonical_drug_formulations.csv","Pharmaceutical formulation included in canonical event definition."
"Immuno_compromised","Oncology Agents and Immunosuppressants","Immuno_compromised","Other Cytotoxic Agents","Docetaxel",383427,"Immuno_compromised.qs","Code/00_inputs/canonical_drug_formulations.csv","Pharmaceutical formulation included in canonical event definition."
"Immuno_compromised","Oncology Agents and Immunosuppressants","Immuno_compromised","Other Cytotoxic Agents","Docetaxel",383428,"Immuno_compromised.qs","Code/00_inputs/canonical_drug_formulations.csv","Pharmaceutical formulation included in canonical event definition."
"Immuno_compromised","Oncology Agents and Immunosuppressants","Immuno_compromised","Other Cytotoxic Agents","Docetaxel",383429,"Immuno_compromised.qs","Code/00_inputs/canonical_drug_formulations.csv","Pharmaceutical formulation included in canonical event definition."
"Immuno_compromised","Oncology Agents and Immunosuppressants","Immuno_compromised","Other Cytotoxic Agents","Docetaxel",383430,"Immuno_compromised.qs","Code/00_inputs/canonical_drug_formulations.csv","Pharmaceutical formulation included in canonical event definition."
"Immuno_compromised","Oncology Agents and Immunosuppressants","Immuno_compromised","Other Cytotoxic Agents","Docetaxel",383431,"Immuno_compromised.qs","Code/00_inputs/canonical_drug_formulations.csv","Pharmaceutical formulation included in canonical event definition."
"Immuno_compromised","Oncology Agents and Immunosuppressants","Immuno_compromised","Other Cytotoxic Agents","Doxorubicin hydrochloride",381325,"Immuno_compromised.qs","Code/00_inputs/canonical_drug_formulations.csv","Pharmaceutical formulation included in canonical event definition."
"Immuno_compromised","Oncology Agents and Immunosuppressants","Immuno_compromised","Other Cytotoxic Agents","Doxorubicin hydrochloride",381326,"Immuno_compromised.qs","Code/00_inputs/canonical_drug_formulations.csv","Pharmaceutical formulation included in canonical event definition."
"Immuno_compromised","Oncology Agents and Immunosuppressants","Immuno_compromised","Other Cytotoxic Agents","Doxorubicin hydrochloride",381327,"Immuno_compromised.qs","Code/00_inputs/canonical_drug_formulations.csv","Pharmaceutical formulation included in canonical event definition."
"Immuno_compromised","Oncology Agents and Immunosuppressants","Immuno_compromised","Other Cytotoxic Agents","Doxorubicin hydrochloride",381328,"Immuno_compromised.qs","Code/00_inputs/canonical_drug_formulations.csv","Pharmaceutical formulation included in canonical event definition."
"Immuno_compromised","Oncology Agents and Immunosuppressants","Immuno_compromised","Other Cytotoxic Agents","Doxorubicin hydrochloride",381329,"Immuno_compromised.qs","Code/00_inputs/canonical_drug_formulations.csv","Pharmaceutical formulation included in canonical event definition."
"Immuno_compromised","Oncology Agents and Immunosuppressants","Immuno_compromised","Other Cytotoxic Agents","Doxorubicin hydrochloride",381330,"Immuno_compromised.qs","Code/00_inputs/canonical_drug_formulations.csv","Pharmaceutical formulation included in canonical event definition."
"Immuno_compromised","Oncology Agents and Immunosuppressants","Immuno_compromised","Other Cytotoxic Agents","Epirubicin hydrochloride",381425,"Immuno_compromised.qs","Code/00_inputs/canonical_drug_formulations.csv","Pharmaceutical formulation included in canonical event definition."
"Immuno_compromised","Oncology Agents and Immunosuppressants","Immuno_compromised","Other Cytotoxic Agents","Epirubicin hydrochloride",381426,"Immuno_compromised.qs","Code/00_inputs/canonical_drug_formulations.csv","Pharmaceutical formulation included in canonical event definition."
"Immuno_compromised","Oncology Agents and Immunosuppressants","Immuno_compromised","Other Cytotoxic Agents","Epirubicin hydrochloride",381427,"Immuno_compromised.qs","Code/00_inputs/canonical_drug_formulations.csv","Pharmaceutical formulation included in canonical event definition."
"Immuno_compromised","Oncology Agents and Immunosuppressants","Immuno_compromised","Other Cytotoxic Agents","Epirubicin hydrochloride",381428,"Immuno_compromised.qs","Code/00_inputs/canonical_drug_formulations.csv","Pharmaceutical formulation included in canonical event definition."
"Immuno_compromised","Oncology Agents and Immunosuppressants","Immuno_compromised","Other Cytotoxic Agents","Epirubicin hydrochloride",381429,"Immuno_compromised.qs","Code/00_inputs/canonical_drug_formulations.csv","Pharmaceutical formulation included in canonical event definition."
"Immuno_compromised","Oncology Agents and Immunosuppressants","Immuno_compromised","Protein-tyrosine Kinase Inhibitors","Erlotinib",391625,"Immuno_compromised.qs","Code/00_inputs/canonical_drug_formulations.csv","Pharmaceutical formulation included in canonical event definition."
"Immuno_compromised","Oncology Agents and Immunosuppressants","Immuno_compromised","Protein-tyrosine Kinase Inhibitors","Erlotinib",391626,"Immuno_compromised.qs","Code/00_inputs/canonical_drug_formulations.csv","Pharmaceutical formulation included in canonical event definition."
"Immuno_compromised","Musculoskeletal System","Immuno_compromised","Antirheumatoid Agents","Etanercept",371825,"Immuno_compromised.qs","Code/00_inputs/canonical_drug_formulations.csv","Pharmaceutical formulation included in canonical event definition."
"Immuno_compromised","Oncology Agents and Immunosuppressants","Immuno_compromised","Fusion Proteins","Etanercept",378625,"Immuno_compromised.qs","Code/00_inputs/canonical_drug_formulations.csv","Pharmaceutical formulation included in canonical event definition."
"Immuno_compromised","Oncology Agents and Immunosuppressants","Immuno_compromised","Fusion Proteins","Etanercept",378626,"Immuno_compromised.qs","Code/00_inputs/canonical_drug_formulations.csv","Pharmaceutical formulation included in canonical event definition."
"Immuno_compromised","Oncology Agents and Immunosuppressants","Immuno_compromised","Fusion Proteins","Etanercept",378627,"Immuno_compromised.qs","Code/00_inputs/canonical_drug_formulations.csv","Pharmaceutical formulation included in canonical event definition."
"Immuno_compromised","Oncology Agents and Immunosuppressants","Immuno_compromised","Other Cytotoxic Agents","Etoposide",243301,"Immuno_compromised.qs","Code/00_inputs/canonical_drug_formulations.csv","Pharmaceutical formulation included in canonical event definition."
"Immuno_compromised","Oncology Agents and Immunosuppressants","Immuno_compromised","Other Cytotoxic Agents","Etoposide",243302,"Immuno_compromised.qs","Code/00_inputs/canonical_drug_formulations.csv","Pharmaceutical formulation included in canonical event definition."
"Immuno_compromised","Oncology Agents and Immunosuppressants","Immuno_compromised","Other Cytotoxic Agents","Etoposide",243303,"Immuno_compromised.qs","Code/00_inputs/canonical_drug_formulations.csv","Pharmaceutical formulation included in canonical event definition."
"Immuno_compromised","Oncology Agents and Immunosuppressants","Immuno_compromised","Other Cytotoxic Agents","Etoposide",243325,"Immuno_compromised.qs","Code/00_inputs/canonical_drug_formulations.csv","Pharmaceutical formulation included in canonical event definition."
"Immuno_compromised","Oncology Agents and Immunosuppressants","Immuno_compromised","Other Cytotoxic Agents","Etoposide phosphate",384725,"Immuno_compromised.qs","Code/00_inputs/canonical_drug_formulations.csv","Pharmaceutical formulation included in canonical event definition."
"Immuno_compromised","Oncology Agents and Immunosuppressants","Immuno_compromised","Other Cytotoxic Agents","Etoposide phosphate",384726,"Immuno_compromised.qs","Code/00_inputs/canonical_drug_formulations.csv","Pharmaceutical formulation included in canonical event definition."
"Immuno_compromised","Oncology Agents and Immunosuppressants","Immuno_compromised","Other Immunosuppressants","Everolimus",404025,"Immuno_compromised.qs","Code/00_inputs/canonical_drug_formulations.csv","Pharmaceutical formulation included in canonical event definition."
"Immuno_compromised","Oncology Agents and Immunosuppressants","Immuno_compromised","Other Immunosuppressants","Everolimus",404026,"Immuno_compromised.qs","Code/00_inputs/canonical_drug_formulations.csv","Pharmaceutical formulation included in canonical event definition."
"Immuno_compromised","Oncology Agents and Immunosuppressants","Immuno_compromised","Aromatase Inhibitors","Exemestane",387225,"Immuno_compromised.qs","Code/00_inputs/canonical_drug_formulations.csv","Pharmaceutical formulation included in canonical event definition."
"Immuno_compromised","Oncology Agents and Immunosuppressants","Immuno_compromised","Antimetabolites","Fludarabine phosphate",381025,"Immuno_compromised.qs","Code/00_inputs/canonical_drug_formulations.csv","Pharmaceutical formulation included in canonical event definition."
"Immuno_compromised","Oncology Agents and Immunosuppressants","Immuno_compromised","Antimetabolites","Fludarabine phosphate",381026,"Immuno_compromised.qs","Code/00_inputs/canonical_drug_formulations.csv","Pharmaceutical formulation included in canonical event definition."
"Immuno_compromised","Oncology Agents and Immunosuppressants","Immuno_compromised","Antimetabolites","Fludarabine phosphate",381027,"Immuno_compromised.qs","Code/00_inputs/canonical_drug_formulations.csv","Pharmaceutical formulation included in canonical event definition."
"Immuno_compromised","Oncology Agents and Immunosuppressants","Immuno_compromised","Antimetabolites","Fluorouracil",152902,"Immuno_compromised.qs","Code/00_inputs/canonical_drug_formulations.csv","Pharmaceutical formulation included in canonical event definition."
"Immuno_compromised","Oncology Agents and Immunosuppressants","Immuno_compromised","Antimetabolites","Fluorouracil",152903,"Immuno_compromised.qs","Code/00_inputs/canonical_drug_formulations.csv","Pharmaceutical formulation included in canonical event definition."
"Immuno_compromised","Oncology Agents and Immunosuppressants","Immuno_compromised","Antimetabolites","Fluorouracil",152904,"Immuno_compromised.qs","Code/00_inputs/canonical_drug_formulations.csv","Pharmaceutical formulation included in canonical event definition."
"Immuno_compromised","Oncology Agents and Immunosuppressants","Immuno_compromised","Antimetabolites","Fluorouracil",152925,"Immuno_compromised.qs","Code/00_inputs/canonical_drug_formulations.csv","Pharmaceutical formulation included in canonical event definition."
"Immuno_compromised","Oncology Agents and Immunosuppressants","Immuno_compromised","Antimetabolites","Fluorouracil",152926,"Immuno_compromised.qs","Code/00_inputs/canonical_drug_formulations.csv","Pharmaceutical formulation included in canonical event definition."
"Immuno_compromised","Oncology Agents and Immunosuppressants","Immuno_compromised","Antimetabolites","Fluorouracil",152927,"Immuno_compromised.qs","Code/00_inputs/canonical_drug_formulations.csv","Pharmaceutical formulation included in canonical event definition."
"Immuno_compromised","Oncology Agents and Immunosuppressants","Immuno_compromised","Antimetabolites","Fluorouracil",152928,"Immuno_compromised.qs","Code/00_inputs/canonical_drug_formulations.csv","Pharmaceutical formulation included in canonical event definition."
"Immuno_compromised","Oncology Agents and Immunosuppressants","Immuno_compromised","Antimetabolites","Fluorouracil",152929,"Immuno_compromised.qs","Code/00_inputs/canonical_drug_formulations.csv","Pharmaceutical formulation included in canonical event definition."
"Immuno_compromised","Oncology Agents and Immunosuppressants","Immuno_compromised","Antimetabolites","Fluorouracil",152930,"Immuno_compromised.qs","Code/00_inputs/canonical_drug_formulations.csv","Pharmaceutical formulation included in canonical event definition."
"Immuno_compromised","Oncology Agents and Immunosuppressants","Immuno_compromised","Endocrine Therapy","Flutamide",153701,"Immuno_compromised.qs","Code/00_inputs/canonical_drug_formulations.csv","Pharmaceutical formulation included in canonical event definition."
"Immuno_compromised","Oncology Agents and Immunosuppressants","Immuno_compromised","Endocrine Therapy","Fulvestrant",412625,"Immuno_compromised.qs","Code/00_inputs/canonical_drug_formulations.csv","Pharmaceutical formulation included in canonical event definition."
"Immuno_compromised","Oncology Agents and Immunosuppressants","Immuno_compromised","Protein-tyrosine Kinase Inhibitors","Gefitinib",396625,"Immuno_compromised.qs","Code/00_inputs/canonical_drug_formulations.csv","Pharmaceutical formulation included in canonical event definition."
"Immuno_compromised","Oncology Agents and Immunosuppressants","Immuno_compromised","Antimetabolites","Gemcitabine hydrochloride",384225,"Immuno_compromised.qs","Code/00_inputs/canonical_drug_formulations.csv","Pharmaceutical formulation included in canonical event definition."
"Immuno_compromised","Oncology Agents and Immunosuppressants","Immuno_compromised","Antimetabolites","Gemcitabine hydrochloride",384226,"Immuno_compromised.qs","Code/00_inputs/canonical_drug_formulations.csv","Pharmaceutical formulation included in canonical event definition."
"Immuno_compromised","Oncology Agents and Immunosuppressants","Immuno_compromised","Antimetabolites","Gemcitabine hydrochloride",384227,"Immuno_compromised.qs","Code/00_inputs/canonical_drug_formulations.csv","Pharmaceutical formulation included in canonical event definition."
"Immuno_compromised","Oncology Agents and Immunosuppressants","Immuno_compromised","Antimetabolites","Gemcitabine hydrochloride",384228,"Immuno_compromised.qs","Code/00_inputs/canonical_drug_formulations.csv","Pharmaceutical formulation included in canonical event definition."
"Immuno_compromised","Oncology Agents and Immunosuppressants","Immuno_compromised","Other Cytotoxic Agents","Hydroxyurea [hydroxycarbamide]",162601,"Immuno_compromised.qs","Code/00_inputs/canonical_drug_formulations.csv","Pharmaceutical formulation included in canonical event definition."
"Immuno_compromised","Oncology Agents and Immunosuppressants","Immuno_compromised","Other Cytotoxic Agents","Idarubicin hydrochloride",384825,"Immuno_compromised.qs","Code/00_inputs/canonical_drug_formulations.csv","Pharmaceutical formulation included in canonical event definition."
"Immuno_compromised","Oncology Agents and Immunosuppressants","Immuno_compromised","Other Cytotoxic Agents","Idarubicin hydrochloride",384826,"Immuno_compromised.qs","Code/00_inputs/canonical_drug_formulations.csv","Pharmaceutical formulation included in canonical event definition."
"Immuno_compromised","Oncology Agents and Immunosuppressants","Immuno_compromised","Other Cytotoxic Agents","Idarubicin hydrochloride",384827,"Immuno_compromised.qs","Code/00_inputs/canonical_drug_formulations.csv","Pharmaceutical formulation included in canonical event definition."
"Immuno_compromised","Oncology Agents and Immunosuppressants","Immuno_compromised","Other Cytotoxic Agents","Idarubicin hydrochloride",384828,"Immuno_compromised.qs","Code/00_inputs/canonical_drug_formulations.csv","Pharmaceutical formulation included in canonical event definition."
"Immuno_compromised","Oncology Agents and Immunosuppressants","Immuno_compromised","Other Cytotoxic Agents","Idarubicin hydrochloride",384829,"Immuno_compromised.qs","Code/00_inputs/canonical_drug_formulations.csv","Pharmaceutical formulation included in canonical event definition."
"Immuno_compromised","Oncology Agents and Immunosuppressants","Immuno_compromised","Alkylating Agents","Ifosfamide",381925,"Immuno_compromised.qs","Code/00_inputs/canonical_drug_formulations.csv","Pharmaceutical formulation included in canonical event definition."
"Immuno_compromised","Oncology Agents and Immunosuppressants","Immuno_compromised","Alkylating Agents","Ifosfamide",381926,"Immuno_compromised.qs","Code/00_inputs/canonical_drug_formulations.csv","Pharmaceutical formulation included in canonical event definition."
"Immuno_compromised","Oncology Agents and Immunosuppressants","Immuno_compromised","Alkylating Agents","Ifosfamide",381927,"Immuno_compromised.qs","Code/00_inputs/canonical_drug_formulations.csv","Pharmaceutical formulation included in canonical event definition."
"Immuno_compromised","Oncology Agents and Immunosuppressants","Immuno_compromised","Monoclonal Antibodies","Infliximab",411425,"Immuno_compromised.qs","Code/00_inputs/canonical_drug_formulations.csv","Pharmaceutical formulation included in canonical event definition."
"Immuno_compromised","Oncology Agents and Immunosuppressants","Immuno_compromised","Monoclonal Antibodies","Infliximab",411426,"Immuno_compromised.qs","Code/00_inputs/canonical_drug_formulations.csv","Pharmaceutical formulation included in canonical event definition."
"Immuno_compromised","Oncology Agents and Immunosuppressants","Immuno_compromised","Immune Modulators","Interferon Alpha-2B",244505,"Immuno_compromised.qs","Code/00_inputs/canonical_drug_formulations.csv","Pharmaceutical formulation included in canonical event definition."
"Immuno_compromised","Oncology Agents and Immunosuppressants","Immuno_compromised","Immune Modulators","Interferon Gamma-1b",101801,"Immuno_compromised.qs","Code/00_inputs/canonical_drug_formulations.csv","Pharmaceutical formulation included in canonical event definition."
"Immuno_compromised","Oncology Agents and Immunosuppressants","Immuno_compromised","Antimetabolites","Irinotecan hydrochloride",381125,"Immuno_compromised.qs","Code/00_inputs/canonical_drug_formulations.csv","Pharmaceutical formulation included in canonical event definition."
"Immuno_compromised","Oncology Agents and Immunosuppressants","Immuno_compromised","Antimetabolites","Irinotecan hydrochloride",381126,"Immuno_compromised.qs","Code/00_inputs/canonical_drug_formulations.csv","Pharmaceutical formulation included in canonical event definition."
"Immuno_compromised","Oncology Agents and Immunosuppressants","Immuno_compromised","Antimetabolites","Irinotecan hydrochloride",381127,"Immuno_compromised.qs","Code/00_inputs/canonical_drug_formulations.csv","Pharmaceutical formulation included in canonical event definition."
"Immuno_compromised","Oncology Agents and Immunosuppressants","Immuno_compromised","Protein-tyrosine Kinase Inhibitors","Lapatinib ditosylate",394425,"Immuno_compromised.qs","Code/00_inputs/canonical_drug_formulations.csv","Pharmaceutical formulation included in canonical event definition."
"Immuno_compromised","Oncology Agents and Immunosuppressants","Immuno_compromised","Other Cytotoxic Agents","Lenalidomide",403525,"Immuno_compromised.qs","Code/00_inputs/canonical_drug_formulations.csv","Pharmaceutical formulation included in canonical event definition."
"Immuno_compromised","Oncology Agents and Immunosuppressants","Immuno_compromised","Other Cytotoxic Agents","Lenalidomide",403526,"Immuno_compromised.qs","Code/00_inputs/canonical_drug_formulations.csv","Pharmaceutical formulation included in canonical event definition."
"Immuno_compromised","Oncology Agents and Immunosuppressants","Immuno_compromised","Other Cytotoxic Agents","Lenalidomide",403527,"Immuno_compromised.qs","Code/00_inputs/canonical_drug_formulations.csv","Pharmaceutical formulation included in canonical event definition."
"Immuno_compromised","Oncology Agents and Immunosuppressants","Immuno_compromised","Other Cytotoxic Agents","Lenalidomide",403528,"Immuno_compromised.qs","Code/00_inputs/canonical_drug_formulations.csv","Pharmaceutical formulation included in canonical event definition."
"Immuno_compromised","Oncology Agents and Immunosuppressants","Immuno_compromised","Aromatase Inhibitors","Letrozole",118101,"Immuno_compromised.qs","Code/00_inputs/canonical_drug_formulations.csv","Pharmaceutical formulation included in canonical event definition."
"Immuno_compromised","Oncology Agents and Immunosuppressants","Immuno_compromised","Alkylating Agents","Lomustine",383825,"Immuno_compromised.qs","Code/00_inputs/canonical_drug_formulations.csv","Pharmaceutical formulation included in canonical event definition."
"Immuno_compromised","Oncology Agents and Immunosuppressants","Immuno_compromised","Alkylating Agents","Lomustine",383826,"Immuno_compromised.qs","Code/00_inputs/canonical_drug_formulations.csv","Pharmaceutical formulation included in canonical event definition."
"Immuno_compromised","Oncology Agents and Immunosuppressants","Immuno_compromised","Endocrine Therapy","Megestrol acetate",177201,"Immuno_compromised.qs","Code/00_inputs/canonical_drug_formulations.csv","Pharmaceutical formulation included in canonical event definition."
"Immuno_compromised","Oncology Agents and Immunosuppressants","Immuno_compromised","Alkylating Agents","Melphalan",177301,"Immuno_compromised.qs","Code/00_inputs/canonical_drug_formulations.csv","Pharmaceutical formulation included in canonical event definition."
"Immuno_compromised","Oncology Agents and Immunosuppressants","Immuno_compromised","Alkylating Agents","Melphalan",177302,"Immuno_compromised.qs","Code/00_inputs/canonical_drug_formulations.csv","Pharmaceutical formulation included in canonical event definition."
"Immuno_compromised","Oncology Agents and Immunosuppressants","Immuno_compromised","Alkylating Agents","Melphalan",177325,"Immuno_compromised.qs","Code/00_inputs/canonical_drug_formulations.csv","Pharmaceutical formulation included in canonical event definition."
"Immuno_compromised","Oncology Agents and Immunosuppressants","Immuno_compromised","Monoclonal Antibodies","Mepolizumab",412725,"Immuno_compromised.qs","Code/00_inputs/canonical_drug_formulations.csv","Pharmaceutical formulation included in canonical event definition."
"Immuno_compromised","Oncology Agents and Immunosuppressants","Immuno_compromised","Antimetabolites","Mercaptopurine",178101,"Immuno_compromised.qs","Code/00_inputs/canonical_drug_formulations.csv","Pharmaceutical formulation included in canonical event definition."
"Immuno_compromised","Oncology Agents and Immunosuppressants","Immuno_compromised","Antimetabolites","Mercaptopurine",178102,"Immuno_compromised.qs","Code/00_inputs/canonical_drug_formulations.csv","Pharmaceutical formulation included in canonical event definition."
"Immuno_compromised","Oncology Agents and Immunosuppressants","Immuno_compromised","Antimetabolites","Mercaptopurine",178125,"Immuno_compromised.qs","Code/00_inputs/canonical_drug_formulations.csv","Pharmaceutical formulation included in canonical event definition."
"Immuno_compromised","Oncology Agents and Immunosuppressants","Immuno_compromised","Other Cytotoxic Agents","Mesna",382025,"Immuno_compromised.qs","Code/00_inputs/canonical_drug_formulations.csv","Pharmaceutical formulation included in canonical event definition."
"Immuno_compromised","Oncology Agents and Immunosuppressants","Immuno_compromised","Other Cytotoxic Agents","Mesna",382026,"Immuno_compromised.qs","Code/00_inputs/canonical_drug_formulations.csv","Pharmaceutical formulation included in canonical event definition."
"Immuno_compromised","Oncology Agents and Immunosuppressants","Immuno_compromised","Other Cytotoxic Agents","Mesna",382027,"Immuno_compromised.qs","Code/00_inputs/canonical_drug_formulations.csv","Pharmaceutical formulation included in canonical event definition."
"Immuno_compromised","Oncology Agents and Immunosuppressants","Immuno_compromised","Other Cytotoxic Agents","Mesna",382028,"Immuno_compromised.qs","Code/00_inputs/canonical_drug_formulations.csv","Pharmaceutical formulation included in canonical event definition."
"Immuno_compromised","Oncology Agents and Immunosuppressants","Immuno_compromised","Other Cytotoxic Agents","Mesna",382029,"Immuno_compromised.qs","Code/00_inputs/canonical_drug_formulations.csv","Pharmaceutical formulation included in canonical event definition."
"Immuno_compromised","Oncology Agents and Immunosuppressants","Immuno_compromised","Antimetabolites","Methotrexate",179701,"Immuno_compromised.qs","Code/00_inputs/canonical_drug_formulations.csv","Pharmaceutical formulation included in canonical event definition."
"Immuno_compromised","Oncology Agents and Immunosuppressants","Immuno_compromised","Antimetabolites","Methotrexate",179702,"Immuno_compromised.qs","Code/00_inputs/canonical_drug_formulations.csv","Pharmaceutical formulation included in canonical event definition."
"Immuno_compromised","Oncology Agents and Immunosuppressants","Immuno_compromised","Antimetabolites","Methotrexate",179704,"Immuno_compromised.qs","Code/00_inputs/canonical_drug_formulations.csv","Pharmaceutical formulation included in canonical event definition."
"Immuno_compromised","Oncology Agents and Immunosuppressants","Immuno_compromised","Antimetabolites","Methotrexate",179705,"Immuno_compromised.qs","Code/00_inputs/canonical_drug_formulations.csv","Pharmaceutical formulation included in canonical event definition."
"Immuno_compromised","Oncology Agents and Immunosuppressants","Immuno_compromised","Antimetabolites","Methotrexate",179707,"Immuno_compromised.qs","Code/00_inputs/canonical_drug_formulations.csv","Pharmaceutical formulation included in canonical event definition."
"Immuno_compromised","Oncology Agents and Immunosuppressants","Immuno_compromised","Antimetabolites","Methotrexate",179709,"Immuno_compromised.qs","Code/00_inputs/canonical_drug_formulations.csv","Pharmaceutical formulation included in canonical event definition."
"Immuno_compromised","Oncology Agents and Immunosuppressants","Immuno_compromised","Antimetabolites","Methotrexate",179710,"Immuno_compromised.qs","Code/00_inputs/canonical_drug_formulations.csv","Pharmaceutical formulation included in canonical event definition."
"Immuno_compromised","Oncology Agents and Immunosuppressants","Immuno_compromised","Antimetabolites","Methotrexate",179711,"Immuno_compromised.qs","Code/00_inputs/canonical_drug_formulations.csv","Pharmaceutical formulation included in canonical event definition."
"Immuno_compromised","Oncology Agents and Immunosuppressants","Immuno_compromised","Antimetabolites","Methotrexate",179712,"Immuno_compromised.qs","Code/00_inputs/canonical_drug_formulations.csv","Pharmaceutical formulation included in canonical event definition."
"Immuno_compromised","Oncology Agents and Immunosuppressants","Immuno_compromised","Antimetabolites","Methotrexate",179725,"Immuno_compromised.qs","Code/00_inputs/canonical_drug_formulations.csv","Pharmaceutical formulation included in canonical event definition."
"Immuno_compromised","Oncology Agents and Immunosuppressants","Immuno_compromised","Antimetabolites","Methotrexate",179726,"Immuno_compromised.qs","Code/00_inputs/canonical_drug_formulations.csv","Pharmaceutical formulation included in canonical event definition."
"Immuno_compromised","Oncology Agents and Immunosuppressants","Immuno_compromised","Antimetabolites","Methotrexate",179727,"Immuno_compromised.qs","Code/00_inputs/canonical_drug_formulations.csv","Pharmaceutical formulation included in canonical event definition."
"Immuno_compromised","Oncology Agents and Immunosuppressants","Immuno_compromised","Antimetabolites","Methotrexate",179728,"Immuno_compromised.qs","Code/00_inputs/canonical_drug_formulations.csv","Pharmaceutical formulation included in canonical event definition."
"Immuno_compromised","Oncology Agents and Immunosuppressants","Immuno_compromised","Antimetabolites","Methotrexate",179729,"Immuno_compromised.qs","Code/00_inputs/canonical_drug_formulations.csv","Pharmaceutical formulation included in canonical event definition."
"Immuno_compromised","Oncology Agents and Immunosuppressants","Immuno_compromised","Antimetabolites","Methotrexate",179730,"Immuno_compromised.qs","Code/00_inputs/canonical_drug_formulations.csv","Pharmaceutical formulation included in canonical event definition."
"Immuno_compromised","Oncology Agents and Immunosuppressants","Immuno_compromised","Antimetabolites","Methotrexate",179731,"Immuno_compromised.qs","Code/00_inputs/canonical_drug_formulations.csv","Pharmaceutical formulation included in canonical event definition."
"Immuno_compromised","Oncology Agents and Immunosuppressants","Immuno_compromised","Antimetabolites","Methotrexate",179732,"Immuno_compromised.qs","Code/00_inputs/canonical_drug_formulations.csv","Pharmaceutical formulation included in canonical event definition."
"Immuno_compromised","Oncology Agents and Immunosuppressants","Immuno_compromised","Antimetabolites","Methotrexate",179733,"Immuno_compromised.qs","Code/00_inputs/canonical_drug_formulations.csv","Pharmaceutical formulation included in canonical event definition."
"Immuno_compromised","Oncology Agents and Immunosuppressants","Immuno_compromised","Antimetabolites","Methotrexate",179734,"Immuno_compromised.qs","Code/00_inputs/canonical_drug_formulations.csv","Pharmaceutical formulation included in canonical event definition."
"Immuno_compromised","Oncology Agents and Immunosuppressants","Immuno_compromised","Other Cytotoxic Agents","Mitomycin C",384925,"Immuno_compromised.qs","Code/00_inputs/canonical_drug_formulations.csv","Pharmaceutical formulation included in canonical event definition."
"Immuno_compromised","Oncology Agents and Immunosuppressants","Immuno_compromised","Other Cytotoxic Agents","Mitomycin C",384926,"Immuno_compromised.qs","Code/00_inputs/canonical_drug_formulations.csv","Pharmaceutical formulation included in canonical event definition."
"Immuno_compromised","Oncology Agents and Immunosuppressants","Immuno_compromised","Other Cytotoxic Agents","Mitomycin C",384927,"Immuno_compromised.qs","Code/00_inputs/canonical_drug_formulations.csv","Pharmaceutical formulation included in canonical event definition."
"Immuno_compromised","Oncology Agents and Immunosuppressants","Immuno_compromised","Other Cytotoxic Agents","Mitomycin C",384928,"Immuno_compromised.qs","Code/00_inputs/canonical_drug_formulations.csv","Pharmaceutical formulation included in canonical event definition."
"Immuno_compromised","Oncology Agents and Immunosuppressants","Immuno_compromised","Other Cytotoxic Agents","Mitomycin C",384929,"Immuno_compromised.qs","Code/00_inputs/canonical_drug_formulations.csv","Pharmaceutical formulation included in canonical event definition."
"Immuno_compromised","Oncology Agents and Immunosuppressants","Immuno_compromised","Other Cytotoxic Agents","Mitozantrone",382125,"Immuno_compromised.qs","Code/00_inputs/canonical_drug_formulations.csv","Pharmaceutical formulation included in canonical event definition."
"Immuno_compromised","Oncology Agents and Immunosuppressants","Immuno_compromised","Other Cytotoxic Agents","Mitozantrone",382126,"Immuno_compromised.qs","Code/00_inputs/canonical_drug_formulations.csv","Pharmaceutical formulation included in canonical event definition."
"Immuno_compromised","Oncology Agents and Immunosuppressants","Immuno_compromised","Other Cytotoxic Agents","Mitozantrone",382127,"Immuno_compromised.qs","Code/00_inputs/canonical_drug_formulations.csv","Pharmaceutical formulation included in canonical event definition."
"Immuno_compromised","Oncology Agents and Immunosuppressants","Immuno_compromised","Other Cytotoxic Agents","Mitozantrone",382128,"Immuno_compromised.qs","Code/00_inputs/canonical_drug_formulations.csv","Pharmaceutical formulation included in canonical event definition."
"Immuno_compromised","Oncology Agents and Immunosuppressants","Immuno_compromised","Cytotoxic Immunosuppressants","Mycophenolate mofetil",103401,"Immuno_compromised.qs","Code/00_inputs/canonical_drug_formulations.csv","Pharmaceutical formulation included in canonical event definition."
"Immuno_compromised","Oncology Agents and Immunosuppressants","Immuno_compromised","Cytotoxic Immunosuppressants","Mycophenolate mofetil",103425,"Immuno_compromised.qs","Code/00_inputs/canonical_drug_formulations.csv","Pharmaceutical formulation included in canonical event definition."
"Immuno_compromised","Oncology Agents and Immunosuppressants","Immuno_compromised","Cytotoxic Immunosuppressants","Mycophenolate mofetil",103426,"Immuno_compromised.qs","Code/00_inputs/canonical_drug_formulations.csv","Pharmaceutical formulation included in canonical event definition."
"Immuno_compromised","Oncology Agents and Immunosuppressants","Immuno_compromised","Cytotoxic Immunosuppressants","Mycophenolate mofetil",103427,"Immuno_compromised.qs","Code/00_inputs/canonical_drug_formulations.csv","Pharmaceutical formulation included in canonical event definition."
"Immuno_compromised","Oncology Agents and Immunosuppressants","Immuno_compromised","Protein-tyrosine Kinase Inhibitors","Nilotinib",403825,"Immuno_compromised.qs","Code/00_inputs/canonical_drug_formulations.csv","Pharmaceutical formulation included in canonical event definition."
"Immuno_compromised","Oncology Agents and Immunosuppressants","Immuno_compromised","Protein-tyrosine Kinase Inhibitors","Nilotinib",403826,"Immuno_compromised.qs","Code/00_inputs/canonical_drug_formulations.csv","Pharmaceutical formulation included in canonical event definition."
"Immuno_compromised","Oncology Agents and Immunosuppressants","Immuno_compromised","Programmed Cell Death-1 (PD-1) Inhibitors","Nivolumab",406925,"Immuno_compromised.qs","Code/00_inputs/canonical_drug_formulations.csv","Pharmaceutical formulation included in canonical event definition."
"Immuno_compromised","Oncology Agents and Immunosuppressants","Immuno_compromised","Programmed Cell Death-1 (PD-1) Inhibitors","Nivolumab",406926,"Immuno_compromised.qs","Code/00_inputs/canonical_drug_formulations.csv","Pharmaceutical formulation included in canonical event definition."
"Immuno_compromised","Oncology Agents and Immunosuppressants","Immuno_compromised","Programmed Cell Death-1 (PD-1) Inhibitors","Nivolumab",406927,"Immuno_compromised.qs","Code/00_inputs/canonical_drug_formulations.csv","Pharmaceutical formulation included in canonical event definition."
"Immuno_compromised","Oncology Agents and Immunosuppressants","Immuno_compromised","Monoclonal Antibodies","Obinutuzumab",407825,"Immuno_compromised.qs","Code/00_inputs/canonical_drug_formulations.csv","Pharmaceutical formulation included in canonical event definition."
"Immuno_compromised","Oncology Agents and Immunosuppressants","Immuno_compromised","Monoclonal Antibodies","Obinutuzumab",407826,"Immuno_compromised.qs","Code/00_inputs/canonical_drug_formulations.csv","Pharmaceutical formulation included in canonical event definition."
"Immuno_compromised","Oncology Agents and Immunosuppressants","Immuno_compromised","Endocrine Therapy","Octreotide",251101,"Immuno_compromised.qs","Code/00_inputs/canonical_drug_formulations.csv","Pharmaceutical formulation included in canonical event definition."
"Immuno_compromised","Oncology Agents and Immunosuppressants","Immuno_compromised","Endocrine Therapy","Octreotide",251102,"Immuno_compromised.qs","Code/00_inputs/canonical_drug_formulations.csv","Pharmaceutical formulation included in canonical event definition."
"Immuno_compromised","Oncology Agents and Immunosuppressants","Immuno_compromised","Endocrine Therapy","Octreotide",251103,"Immuno_compromised.qs","Code/00_inputs/canonical_drug_formulations.csv","Pharmaceutical formulation included in canonical event definition."
"Immuno_compromised","Oncology Agents and Immunosuppressants","Immuno_compromised","Endocrine Therapy","Octreotide",251104,"Immuno_compromised.qs","Code/00_inputs/canonical_drug_formulations.csv","Pharmaceutical formulation included in canonical event definition."
"Immuno_compromised","Oncology Agents and Immunosuppressants","Immuno_compromised","Endocrine Therapy","Octreotide",251105,"Immuno_compromised.qs","Code/00_inputs/canonical_drug_formulations.csv","Pharmaceutical formulation included in canonical event definition."
"Immuno_compromised","Oncology Agents and Immunosuppressants","Immuno_compromised","Endocrine Therapy","Octreotide",251106,"Immuno_compromised.qs","Code/00_inputs/canonical_drug_formulations.csv","Pharmaceutical formulation included in canonical event definition."
"Immuno_compromised","Oncology Agents and Immunosuppressants","Immuno_compromised","Endocrine Therapy","Octreotide",251126,"Immuno_compromised.qs","Code/00_inputs/canonical_drug_formulations.csv","Pharmaceutical formulation included in canonical event definition."
"Immuno_compromised","Oncology Agents and Immunosuppressants","Immuno_compromised","Endocrine Therapy","Octreotide",251127,"Immuno_compromised.qs","Code/00_inputs/canonical_drug_formulations.csv","Pharmaceutical formulation included in canonical event definition."
"Immuno_compromised","Oncology Agents and Immunosuppressants","Immuno_compromised","Endocrine Therapy","Octreotide",251128,"Immuno_compromised.qs","Code/00_inputs/canonical_drug_formulations.csv","Pharmaceutical formulation included in canonical event definition."
"Immuno_compromised","Oncology Agents and Immunosuppressants","Immuno_compromised","Endocrine Therapy","Octreotide",251129,"Immuno_compromised.qs","Code/00_inputs/canonical_drug_formulations.csv","Pharmaceutical formulation included in canonical event definition."
"Immuno_compromised","Oncology Agents and Immunosuppressants","Immuno_compromised","Endocrine Therapy","Octreotide",251130,"Immuno_compromised.qs","Code/00_inputs/canonical_drug_formulations.csv","Pharmaceutical formulation included in canonical event definition."
"Immuno_compromised","Oncology Agents and Immunosuppressants","Immuno_compromised","Other Cytotoxic Agents","Olaparib",412325,"Immuno_compromised.qs","Code/00_inputs/canonical_drug_formulations.csv","Pharmaceutical formulation included in canonical event definition."
"Immuno_compromised","Oncology Agents and Immunosuppressants","Immuno_compromised","Other Cytotoxic Agents","Olaparib",412326,"Immuno_compromised.qs","Code/00_inputs/canonical_drug_formulations.csv","Pharmaceutical formulation included in canonical event definition."
"Immuno_compromised","Oncology Agents and Immunosuppressants","Immuno_compromised","Other Cytotoxic Agents","Olaparib",412327,"Immuno_compromised.qs","Code/00_inputs/canonical_drug_formulations.csv","Pharmaceutical formulation included in canonical event definition."
"Immuno_compromised","Oncology Agents and Immunosuppressants","Immuno_compromised","Monoclonal Antibodies","Omalizumab",403925,"Immuno_compromised.qs","Code/00_inputs/canonical_drug_formulations.csv","Pharmaceutical formulation included in canonical event definition."
"Immuno_compromised","Oncology Agents and Immunosuppressants","Immuno_compromised","Monoclonal Antibodies","Omalizumab",403926,"Immuno_compromised.qs","Code/00_inputs/canonical_drug_formulations.csv","Pharmaceutical formulation included in canonical event definition."
"Immuno_compromised","Oncology Agents and Immunosuppressants","Immuno_compromised","Alkylating Agents","Oxaliplatin",383225,"Immuno_compromised.qs","Code/00_inputs/canonical_drug_formulations.csv","Pharmaceutical formulation included in canonical event definition."
"Immuno_compromised","Oncology Agents and Immunosuppressants","Immuno_compromised","Alkylating Agents","Oxaliplatin",383226,"Immuno_compromised.qs","Code/00_inputs/canonical_drug_formulations.csv","Pharmaceutical formulation included in canonical event definition."
"Immuno_compromised","Oncology Agents and Immunosuppressants","Immuno_compromised","Alkylating Agents","Oxaliplatin",383227,"Immuno_compromised.qs","Code/00_inputs/canonical_drug_formulations.csv","Pharmaceutical formulation included in canonical event definition."
"Immuno_compromised","Oncology Agents and Immunosuppressants","Immuno_compromised","Alkylating Agents","Oxaliplatin",383228,"Immuno_compromised.qs","Code/00_inputs/canonical_drug_formulations.csv","Pharmaceutical formulation included in canonical event definition."
"Immuno_compromised","Oncology Agents and Immunosuppressants","Immuno_compromised","Alkylating Agents","Oxaliplatin",383229,"Immuno_compromised.qs","Code/00_inputs/canonical_drug_formulations.csv","Pharmaceutical formulation included in canonical event definition."
"Immuno_compromised","Oncology Agents and Immunosuppressants","Immuno_compromised","Other Cytotoxic Agents","Paclitaxel",381525,"Immuno_compromised.qs","Code/00_inputs/canonical_drug_formulations.csv","Pharmaceutical formulation included in canonical event definition."
"Immuno_compromised","Oncology Agents and Immunosuppressants","Immuno_compromised","Other Cytotoxic Agents","Paclitaxel",381526,"Immuno_compromised.qs","Code/00_inputs/canonical_drug_formulations.csv","Pharmaceutical formulation included in canonical event definition."
"Immuno_compromised","Oncology Agents and Immunosuppressants","Immuno_compromised","Other Cytotoxic Agents","Paclitaxel",381527,"Immuno_compromised.qs","Code/00_inputs/canonical_drug_formulations.csv","Pharmaceutical formulation included in canonical event definition."
"Immuno_compromised","Oncology Agents and Immunosuppressants","Immuno_compromised","Other Cytotoxic Agents","Paclitaxel",381528,"Immuno_compromised.qs","Code/00_inputs/canonical_drug_formulations.csv","Pharmaceutical formulation included in canonical event definition."
"Immuno_compromised","Oncology Agents and Immunosuppressants","Immuno_compromised","Other Cytotoxic Agents","Paclitaxel",381529,"Immuno_compromised.qs","Code/00_inputs/canonical_drug_formulations.csv","Pharmaceutical formulation included in canonical event definition."
"Immuno_compromised","Oncology Agents and Immunosuppressants","Immuno_compromised","Other Cytotoxic Agents","Paclitaxel",381530,"Immuno_compromised.qs","Code/00_inputs/canonical_drug_formulations.csv","Pharmaceutical formulation included in canonical event definition."
"Immuno_compromised","Oncology Agents and Immunosuppressants","Immuno_compromised","Protein-tyrosine Kinase Inhibitors","Palbociclib",412525,"Immuno_compromised.qs","Code/00_inputs/canonical_drug_formulations.csv","Pharmaceutical formulation included in canonical event definition."
"Immuno_compromised","Oncology Agents and Immunosuppressants","Immuno_compromised","Protein-tyrosine Kinase Inhibitors","Palbociclib",412526,"Immuno_compromised.qs","Code/00_inputs/canonical_drug_formulations.csv","Pharmaceutical formulation included in canonical event definition."
"Immuno_compromised","Oncology Agents and Immunosuppressants","Immuno_compromised","Protein-tyrosine Kinase Inhibitors","Palbociclib",412527,"Immuno_compromised.qs","Code/00_inputs/canonical_drug_formulations.csv","Pharmaceutical formulation included in canonical event definition."
"Immuno_compromised","Oncology Agents and Immunosuppressants","Immuno_compromised","Protein-tyrosine Kinase Inhibitors","Pazopanib",394325,"Immuno_compromised.qs","Code/00_inputs/canonical_drug_formulations.csv","Pharmaceutical formulation included in canonical event definition."
"Immuno_compromised","Oncology Agents and Immunosuppressants","Immuno_compromised","Protein-tyrosine Kinase Inhibitors","Pazopanib",394326,"Immuno_compromised.qs","Code/00_inputs/canonical_drug_formulations.csv","Pharmaceutical formulation included in canonical event definition."
"Immuno_compromised","Oncology Agents and Immunosuppressants","Immuno_compromised","Other Cytotoxic Agents","Pegaspargase",400525,"Immuno_compromised.qs","Code/00_inputs/canonical_drug_formulations.csv","Pharmaceutical formulation included in canonical event definition."
"Immuno_compromised","Oncology Agents and Immunosuppressants","Immuno_compromised","Other Cytotoxic Agents","Pegaspargase",400526,"Immuno_compromised.qs","Code/00_inputs/canonical_drug_formulations.csv","Pharmaceutical formulation included in canonical event definition."
"Immuno_compromised","Oncology Agents and Immunosuppressants","Immuno_compromised","Programmed Cell Death-1 (PD-1) Inhibitors","Pembrolizumab",407225,"Immuno_compromised.qs","Code/00_inputs/canonical_drug_formulations.csv","Pharmaceutical formulation included in canonical event definition."
"Immuno_compromised","Oncology Agents and Immunosuppressants","Immuno_compromised","Programmed Cell Death-1 (PD-1) Inhibitors","Pembrolizumab",407226,"Immuno_compromised.qs","Code/00_inputs/canonical_drug_formulations.csv","Pharmaceutical formulation included in canonical event definition."
"Immuno_compromised","Oncology Agents and Immunosuppressants","Immuno_compromised","Programmed Cell Death-1 (PD-1) Inhibitors","Pembrolizumab",407227,"Immuno_compromised.qs","Code/00_inputs/canonical_drug_formulations.csv","Pharmaceutical formulation included in canonical event definition."
"Immuno_compromised","Oncology Agents and Immunosuppressants","Immuno_compromised","Antimetabolites","Pemetrexed",408825,"Immuno_compromised.qs","Code/00_inputs/canonical_drug_formulations.csv","Pharmaceutical formulation included in canonical event definition."
"Immuno_compromised","Oncology Agents and Immunosuppressants","Immuno_compromised","Antimetabolites","Pemetrexed",408826,"Immuno_compromised.qs","Code/00_inputs/canonical_drug_formulations.csv","Pharmaceutical formulation included in canonical event definition."
"Immuno_compromised","Oncology Agents and Immunosuppressants","Immuno_compromised","Antimetabolites","Pemetrexed",408827,"Immuno_compromised.qs","Code/00_inputs/canonical_drug_formulations.csv","Pharmaceutical formulation included in canonical event definition."
"Immuno_compromised","Oncology Agents and Immunosuppressants","Immuno_compromised","Other Cytotoxic Agents","Pentostatin [Deoxycoformycin]",385025,"Immuno_compromised.qs","Code/00_inputs/canonical_drug_formulations.csv","Pharmaceutical formulation included in canonical event definition."
"Immuno_compromised","Oncology Agents and Immunosuppressants","Immuno_compromised","Monoclonal Antibodies","Pertuzumab",407725,"Immuno_compromised.qs","Code/00_inputs/canonical_drug_formulations.csv","Pharmaceutical formulation included in canonical event definition."
"Immuno_compromised","Oncology Agents and Immunosuppressants","Immuno_compromised","Monoclonal Antibodies","Pertuzumab",407726,"Immuno_compromised.qs","Code/00_inputs/canonical_drug_formulations.csv","Pharmaceutical formulation included in canonical event definition."
"Immuno_compromised","Oncology Agents and Immunosuppressants","Immuno_compromised","Monoclonal Antibodies","Pertuzumab",407727,"Immuno_compromised.qs","Code/00_inputs/canonical_drug_formulations.csv","Pharmaceutical formulation included in canonical event definition."
"Immuno_compromised","Oncology Agents and Immunosuppressants","Immuno_compromised","Other Cytotoxic Agents","Procarbazine hydrochloride",204701,"Immuno_compromised.qs","Code/00_inputs/canonical_drug_formulations.csv","Pharmaceutical formulation included in canonical event definition."
"Immuno_compromised","Oncology Agents and Immunosuppressants","Immuno_compromised","Protein-tyrosine Kinase Inhibitors","Ruxolitinib",410625,"Immuno_compromised.qs","Code/00_inputs/canonical_drug_formulations.csv","Pharmaceutical formulation included in canonical event definition."
"Immuno_compromised","Oncology Agents and Immunosuppressants","Immuno_compromised","Protein-tyrosine Kinase Inhibitors","Ruxolitinib",410626,"Immuno_compromised.qs","Code/00_inputs/canonical_drug_formulations.csv","Pharmaceutical formulation included in canonical event definition."
"Immuno_compromised","Oncology Agents and Immunosuppressants","Immuno_compromised","Protein-tyrosine Kinase Inhibitors","Ruxolitinib",410627,"Immuno_compromised.qs","Code/00_inputs/canonical_drug_formulations.csv","Pharmaceutical formulation included in canonical event definition."
"Immuno_compromised","Oncology Agents and Immunosuppressants","Immuno_compromised","Monoclonal Antibodies","Secukinumab",410725,"Immuno_compromised.qs","Code/00_inputs/canonical_drug_formulations.csv","Pharmaceutical formulation included in canonical event definition."
"Immuno_compromised","Oncology Agents and Immunosuppressants","Immuno_compromised","Monoclonal Antibodies","Siltuximab",406425,"Immuno_compromised.qs","Code/00_inputs/canonical_drug_formulations.csv","Pharmaceutical formulation included in canonical event definition."
"Immuno_compromised","Oncology Agents and Immunosuppressants","Immuno_compromised","Monoclonal Antibodies","Siltuximab",406426,"Immuno_compromised.qs","Code/00_inputs/canonical_drug_formulations.csv","Pharmaceutical formulation included in canonical event definition."
"Immuno_compromised","Oncology Agents and Immunosuppressants","Immuno_compromised","Monoclonal Antibodies","Sirolimus",376925,"Immuno_compromised.qs","Code/00_inputs/canonical_drug_formulations.csv","Pharmaceutical formulation included in canonical event definition."
"Immuno_compromised","Oncology Agents and Immunosuppressants","Immuno_compromised","Monoclonal Antibodies","Sirolimus",376926,"Immuno_compromised.qs","Code/00_inputs/canonical_drug_formulations.csv","Pharmaceutical formulation included in canonical event definition."
"Immuno_compromised","Oncology Agents and Immunosuppressants","Immuno_compromised","Other Immunosuppressants","Sirolimus",386925,"Immuno_compromised.qs","Code/00_inputs/canonical_drug_formulations.csv","Pharmaceutical formulation included in canonical event definition."
"Immuno_compromised","Oncology Agents and Immunosuppressants","Immuno_compromised","Other Immunosuppressants","Sirolimus",386926,"Immuno_compromised.qs","Code/00_inputs/canonical_drug_formulations.csv","Pharmaceutical formulation included in canonical event definition."
"Immuno_compromised","Oncology Agents and Immunosuppressants","Immuno_compromised","Other Immunosuppressants","Sirolimus",386927,"Immuno_compromised.qs","Code/00_inputs/canonical_drug_formulations.csv","Pharmaceutical formulation included in canonical event definition."
"Immuno_compromised","Oncology Agents and Immunosuppressants","Immuno_compromised","Endocrine Therapy","Stilboestrol",218301,"Immuno_compromised.qs","Code/00_inputs/canonical_drug_formulations.csv","Pharmaceutical formulation included in canonical event definition."
"Immuno_compromised","Oncology Agents and Immunosuppressants","Immuno_compromised","Protein-tyrosine Kinase Inhibitors","Sunitinib",392125,"Immuno_compromised.qs","Code/00_inputs/canonical_drug_formulations.csv","Pharmaceutical formulation included in canonical event definition."
"Immuno_compromised","Oncology Agents and Immunosuppressants","Immuno_compromised","Protein-tyrosine Kinase Inhibitors","Sunitinib",392126,"Immuno_compromised.qs","Code/00_inputs/canonical_drug_formulations.csv","Pharmaceutical formulation included in canonical event definition."
"Immuno_compromised","Oncology Agents and Immunosuppressants","Immuno_compromised","Protein-tyrosine Kinase Inhibitors","Sunitinib",392127,"Immuno_compromised.qs","Code/00_inputs/canonical_drug_formulations.csv","Pharmaceutical formulation included in canonical event definition."
"Immuno_compromised","Oncology Agents and Immunosuppressants","Immuno_compromised","Other Immunosuppressants","Tacrolimus",108801,"Immuno_compromised.qs","Code/00_inputs/canonical_drug_formulations.csv","Pharmaceutical formulation included in canonical event definition."
"Immuno_compromised","Oncology Agents and Immunosuppressants","Immuno_compromised","Other Immunosuppressants","Tacrolimus",108802,"Immuno_compromised.qs","Code/00_inputs/canonical_drug_formulations.csv","Pharmaceutical formulation included in canonical event definition."
"Immuno_compromised","Oncology Agents and Immunosuppressants","Immuno_compromised","Other Immunosuppressants","Tacrolimus",108825,"Immuno_compromised.qs","Code/00_inputs/canonical_drug_formulations.csv","Pharmaceutical formulation included in canonical event definition."
"Immuno_compromised","Oncology Agents and Immunosuppressants","Immuno_compromised","Other Immunosuppressants","Tacrolimus",108826,"Immuno_compromised.qs","Code/00_inputs/canonical_drug_formulations.csv","Pharmaceutical formulation included in canonical event definition."
"Immuno_compromised","Oncology Agents and Immunosuppressants","Immuno_compromised","Endocrine Therapy","Tamoxifen citrate",221801,"Immuno_compromised.qs","Code/00_inputs/canonical_drug_formulations.csv","Pharmaceutical formulation included in canonical event definition."
"Immuno_compromised","Oncology Agents and Immunosuppressants","Immuno_compromised","Endocrine Therapy","Tamoxifen citrate",221802,"Immuno_compromised.qs","Code/00_inputs/canonical_drug_formulations.csv","Pharmaceutical formulation included in canonical event definition."
"Immuno_compromised","Oncology Agents and Immunosuppressants","Immuno_compromised","Other Cytotoxic Agents","Temozolomide",373325,"Immuno_compromised.qs","Code/00_inputs/canonical_drug_formulations.csv","Pharmaceutical formulation included in canonical event definition."
"Immuno_compromised","Oncology Agents and Immunosuppressants","Immuno_compromised","Other Cytotoxic Agents","Temozolomide",373326,"Immuno_compromised.qs","Code/00_inputs/canonical_drug_formulations.csv","Pharmaceutical formulation included in canonical event definition."
"Immuno_compromised","Oncology Agents and Immunosuppressants","Immuno_compromised","Other Cytotoxic Agents","Temozolomide",373327,"Immuno_compromised.qs","Code/00_inputs/canonical_drug_formulations.csv","Pharmaceutical formulation included in canonical event definition."
"Immuno_compromised","Oncology Agents and Immunosuppressants","Immuno_compromised","Other Cytotoxic Agents","Temozolomide",385625,"Immuno_compromised.qs","Code/00_inputs/canonical_drug_formulations.csv","Pharmaceutical formulation included in canonical event definition."
"Immuno_compromised","Oncology Agents and Immunosuppressants","Immuno_compromised","Other Cytotoxic Agents","Temozolomide",385626,"Immuno_compromised.qs","Code/00_inputs/canonical_drug_formulations.csv","Pharmaceutical formulation included in canonical event definition."
"Immuno_compromised","Oncology Agents and Immunosuppressants","Immuno_compromised","Other Cytotoxic Agents","Temozolomide",385627,"Immuno_compromised.qs","Code/00_inputs/canonical_drug_formulations.csv","Pharmaceutical formulation included in canonical event definition."
"Immuno_compromised","Oncology Agents and Immunosuppressants","Immuno_compromised","Other Cytotoxic Agents","Temozolomide",385628,"Immuno_compromised.qs","Code/00_inputs/canonical_drug_formulations.csv","Pharmaceutical formulation included in canonical event definition."
"Immuno_compromised","Oncology Agents and Immunosuppressants","Immuno_compromised","Other Cytotoxic Agents","Temozolomide",385629,"Immuno_compromised.qs","Code/00_inputs/canonical_drug_formulations.csv","Pharmaceutical formulation included in canonical event definition."
"Immuno_compromised","Oncology Agents and Immunosuppressants","Immuno_compromised","Other Cytotoxic Agents","Temozolomide",385630,"Immuno_compromised.qs","Code/00_inputs/canonical_drug_formulations.csv","Pharmaceutical formulation included in canonical event definition."
"Immuno_compromised","Oncology Agents and Immunosuppressants","Immuno_compromised","Other Cytotoxic Agents","Teniposide",385125,"Immuno_compromised.qs","Code/00_inputs/canonical_drug_formulations.csv","Pharmaceutical formulation included in canonical event definition."
"Immuno_compromised","Oncology Agents and Immunosuppressants","Immuno_compromised","Other Cytotoxic Agents","Teniposide",385126,"Immuno_compromised.qs","Code/00_inputs/canonical_drug_formulations.csv","Pharmaceutical formulation included in canonical event definition."
"Immuno_compromised","Oncology Agents and Immunosuppressants","Immuno_compromised","Other Cytotoxic Agents","Thalidomide",384525,"Immuno_compromised.qs","Code/00_inputs/canonical_drug_formulations.csv","Pharmaceutical formulation included in canonical event definition."
"Immuno_compromised","Oncology Agents and Immunosuppressants","Immuno_compromised","Other Cytotoxic Agents","Thalidomide",384526,"Immuno_compromised.qs","Code/00_inputs/canonical_drug_formulations.csv","Pharmaceutical formulation included in canonical event definition."
"Immuno_compromised","Oncology Agents and Immunosuppressants","Immuno_compromised","Antimetabolites","Thioguanine",225201,"Immuno_compromised.qs","Code/00_inputs/canonical_drug_formulations.csv","Pharmaceutical formulation included in canonical event definition."
"Immuno_compromised","Oncology Agents and Immunosuppressants","Immuno_compromised","Alkylating Agents","Thiotepa",225701,"Immuno_compromised.qs","Code/00_inputs/canonical_drug_formulations.csv","Pharmaceutical formulation included in canonical event definition."
"Immuno_compromised","Sensory Organs","Immuno_compromised","Other Eye Preparations","Thiotepa",225702,"Immuno_compromised.qs","Code/00_inputs/canonical_drug_formulations.csv","Pharmaceutical formulation included in canonical event definition."
"Immuno_compromised","Oncology Agents and Immunosuppressants","Immuno_compromised","Alkylating Agents","Thiotepa",225725,"Immuno_compromised.qs","Code/00_inputs/canonical_drug_formulations.csv","Pharmaceutical formulation included in canonical event definition."
"Immuno_compromised","Oncology Agents and Immunosuppressants","Immuno_compromised","Monoclonal Antibodies","Tocilizumab",411525,"Immuno_compromised.qs","Code/00_inputs/canonical_drug_formulations.csv","Pharmaceutical formulation included in canonical event definition."
"Immuno_compromised","Oncology Agents and Immunosuppressants","Immuno_compromised","Monoclonal Antibodies","Tocilizumab",411526,"Immuno_compromised.qs","Code/00_inputs/canonical_drug_formulations.csv","Pharmaceutical formulation included in canonical event definition."
"Immuno_compromised","Oncology Agents and Immunosuppressants","Immuno_compromised","Monoclonal Antibodies","Tocilizumab",411527,"Immuno_compromised.qs","Code/00_inputs/canonical_drug_formulations.csv","Pharmaceutical formulation included in canonical event definition."
"Immuno_compromised","Oncology Agents and Immunosuppressants","Immuno_compromised","Monoclonal Antibodies","Tocilizumab",411528,"Immuno_compromised.qs","Code/00_inputs/canonical_drug_formulations.csv","Pharmaceutical formulation included in canonical event definition."
"Immuno_compromised","Oncology Agents and Immunosuppressants","Immuno_compromised","Aromatase Inhibitors","Toremifene",371525,"Immuno_compromised.qs","Code/00_inputs/canonical_drug_formulations.csv","Pharmaceutical formulation included in canonical event definition."
"Immuno_compromised","Oncology Agents and Immunosuppressants","Immuno_compromised","Monoclonal Antibodies","Trastuzumab",381825,"Immuno_compromised.qs","Code/00_inputs/canonical_drug_formulations.csv","Pharmaceutical formulation included in canonical event definition."
"Immuno_compromised","Oncology Agents and Immunosuppressants","Immuno_compromised","Monoclonal Antibodies","Trastuzumab",381826,"Immuno_compromised.qs","Code/00_inputs/canonical_drug_formulations.csv","Pharmaceutical formulation included in canonical event definition."
"Immuno_compromised","Oncology Agents and Immunosuppressants","Immuno_compromised","Monoclonal Antibodies","Trastuzumab",381827,"Immuno_compromised.qs","Code/00_inputs/canonical_drug_formulations.csv","Pharmaceutical formulation included in canonical event definition."
"Immuno_compromised","Oncology Agents and Immunosuppressants","Immuno_compromised","Monoclonal Antibodies","Trastuzumab emtansine",412225,"Immuno_compromised.qs","Code/00_inputs/canonical_drug_formulations.csv","Pharmaceutical formulation included in canonical event definition."
"Immuno_compromised","Oncology Agents and Immunosuppressants","Immuno_compromised","Monoclonal Antibodies","Trastuzumab emtansine",412226,"Immuno_compromised.qs","Code/00_inputs/canonical_drug_formulations.csv","Pharmaceutical formulation included in canonical event definition."
"Immuno_compromised","Oncology Agents and Immunosuppressants","Immuno_compromised","Monoclonal Antibodies","Trastuzumab emtansine",412227,"Immuno_compromised.qs","Code/00_inputs/canonical_drug_formulations.csv","Pharmaceutical formulation included in canonical event definition."
"Immuno_compromised","Dermatologicals","Immuno_compromised","Antiacne Preparations","Tretinoin",228601,"Immuno_compromised.qs","Code/00_inputs/canonical_drug_formulations.csv","Pharmaceutical formulation included in canonical event definition."
"Immuno_compromised","Dermatologicals","Immuno_compromised","Antiacne Preparations","Tretinoin",228602,"Immuno_compromised.qs","Code/00_inputs/canonical_drug_formulations.csv","Pharmaceutical formulation included in canonical event definition."
"Immuno_compromised","Dermatologicals","Immuno_compromised","Antiacne Preparations","Tretinoin",228603,"Immuno_compromised.qs","Code/00_inputs/canonical_drug_formulations.csv","Pharmaceutical formulation included in canonical event definition."
"Immuno_compromised","Dermatologicals","Immuno_compromised","Antiacne Preparations","Tretinoin",228604,"Immuno_compromised.qs","Code/00_inputs/canonical_drug_formulations.csv","Pharmaceutical formulation included in canonical event definition."
"Immuno_compromised","Oncology Agents and Immunosuppressants","Immuno_compromised","Other Cytotoxic Agents","Tretinoin",228625,"Immuno_compromised.qs","Code/00_inputs/canonical_drug_formulations.csv","Pharmaceutical formulation included in canonical event definition."
"Immuno_compromised","Dermatologicals","Immuno_compromised","Antiacne Preparations","Tretinoin",228626,"Immuno_compromised.qs","Code/00_inputs/canonical_drug_formulations.csv","Pharmaceutical formulation included in canonical event definition."
"Immuno_compromised","Oncology Agents and Immunosuppressants","Immuno_compromised","Other Cytotoxic Agents","Venetoclax",412025,"Immuno_compromised.qs","Code/00_inputs/canonical_drug_formulations.csv","Pharmaceutical formulation included in canonical event definition."
"Immuno_compromised","Oncology Agents and Immunosuppressants","Immuno_compromised","Other Cytotoxic Agents","Venetoclax",412026,"Immuno_compromised.qs","Code/00_inputs/canonical_drug_formulations.csv","Pharmaceutical formulation included in canonical event definition."
"Immuno_compromised","Oncology Agents and Immunosuppressants","Immuno_compromised","Other Cytotoxic Agents","Venetoclax",412027,"Immuno_compromised.qs","Code/00_inputs/canonical_drug_formulations.csv","Pharmaceutical formulation included in canonical event definition."
"Immuno_compromised","Oncology Agents and Immunosuppressants","Immuno_compromised","Other Cytotoxic Agents","Venetoclax",412028,"Immuno_compromised.qs","Code/00_inputs/canonical_drug_formulations.csv","Pharmaceutical formulation included in canonical event definition."
"Immuno_compromised","Oncology Agents and Immunosuppressants","Immuno_compromised","Other Cytotoxic Agents","Vinblastine sulphate",231901,"Immuno_compromised.qs","Code/00_inputs/canonical_drug_formulations.csv","Pharmaceutical formulation included in canonical event definition."
"Immuno_compromised","Oncology Agents and Immunosuppressants","Immuno_compromised","Other Cytotoxic Agents","Vinblastine sulphate",231925,"Immuno_compromised.qs","Code/00_inputs/canonical_drug_formulations.csv","Pharmaceutical formulation included in canonical event definition."
"Immuno_compromised","Oncology Agents and Immunosuppressants","Immuno_compromised","Other Cytotoxic Agents","Vincristine sulphate",232001,"Immuno_compromised.qs","Code/00_inputs/canonical_drug_formulations.csv","Pharmaceutical formulation included in canonical event definition."
"Immuno_compromised","Oncology Agents and Immunosuppressants","Immuno_compromised","Other Cytotoxic Agents","Vincristine sulphate",232002,"Immuno_compromised.qs","Code/00_inputs/canonical_drug_formulations.csv","Pharmaceutical formulation included in canonical event definition."
"Immuno_compromised","Oncology Agents and Immunosuppressants","Immuno_compromised","Other Cytotoxic Agents","Vincristine sulphate",232025,"Immuno_compromised.qs","Code/00_inputs/canonical_drug_formulations.csv","Pharmaceutical formulation included in canonical event definition."
"Immuno_compromised","Oncology Agents and Immunosuppressants","Immuno_compromised","Other Cytotoxic Agents","Vinorelbine",381625,"Immuno_compromised.qs","Code/00_inputs/canonical_drug_formulations.csv","Pharmaceutical formulation included in canonical event definition."
"Immuno_compromised","Oncology Agents and Immunosuppressants","Immuno_compromised","Other Cytotoxic Agents","Vinorelbine",381626,"Immuno_compromised.qs","Code/00_inputs/canonical_drug_formulations.csv","Pharmaceutical formulation included in canonical event definition."
"Immuno_compromised","Oncology Agents and Immunosuppressants","Immuno_compromised","Other Cytotoxic Agents","Vinorelbine",381627,"Immuno_compromised.qs","Code/00_inputs/canonical_drug_formulations.csv","Pharmaceutical formulation included in canonical event definition."
"Lipid-Modifying Agents","Cardiovascular System","Lipid-Modifying Agents","HMG CoA Reductase Inhibitors (Statins)","Atorvastatin",113701,"Lipid-Modifying Agents.qs","Code/00_inputs/canonical_drug_formulations.csv","Pharmaceutical formulation included in canonical event definition."
"Lipid-Modifying Agents","Cardiovascular System","Lipid-Modifying Agents","HMG CoA Reductase Inhibitors (Statins)","Atorvastatin",113702,"Lipid-Modifying Agents.qs","Code/00_inputs/canonical_drug_formulations.csv","Pharmaceutical formulation included in canonical event definition."
"Lipid-Modifying Agents","Cardiovascular System","Lipid-Modifying Agents","HMG CoA Reductase Inhibitors (Statins)","Atorvastatin",113703,"Lipid-Modifying Agents.qs","Code/00_inputs/canonical_drug_formulations.csv","Pharmaceutical formulation included in canonical event definition."
"Lipid-Modifying Agents","Cardiovascular System","Lipid-Modifying Agents","HMG CoA Reductase Inhibitors (Statins)","Atorvastatin",113725,"Lipid-Modifying Agents.qs","Code/00_inputs/canonical_drug_formulations.csv","Pharmaceutical formulation included in canonical event definition."
"Lipid-Modifying Agents","Cardiovascular System","Lipid-Modifying Agents","Selective Cholesterol Absorption Inhibitors","Ezetimibe with simvastatin",385325,"Lipid-Modifying Agents.qs","Code/00_inputs/canonical_drug_formulations.csv","Pharmaceutical formulation included in canonical event definition."
"Lipid-Modifying Agents","Cardiovascular System","Lipid-Modifying Agents","Selective Cholesterol Absorption Inhibitors","Ezetimibe with simvastatin",385326,"Lipid-Modifying Agents.qs","Code/00_inputs/canonical_drug_formulations.csv","Pharmaceutical formulation included in canonical event definition."
"Lipid-Modifying Agents","Cardiovascular System","Lipid-Modifying Agents","Selective Cholesterol Absorption Inhibitors","Ezetimibe with simvastatin",385327,"Lipid-Modifying Agents.qs","Code/00_inputs/canonical_drug_formulations.csv","Pharmaceutical formulation included in canonical event definition."
"Lipid-Modifying Agents","Cardiovascular System","Lipid-Modifying Agents","Selective Cholesterol Absorption Inhibitors","Ezetimibe with simvastatin",385328,"Lipid-Modifying Agents.qs","Code/00_inputs/canonical_drug_formulations.csv","Pharmaceutical formulation included in canonical event definition."
"Lipid-Modifying Agents","Cardiovascular System","Lipid-Modifying Agents","HMG CoA Reductase Inhibitors (Statins)","Fluvastatin",106301,"Lipid-Modifying Agents.qs","Code/00_inputs/canonical_drug_formulations.csv","Pharmaceutical formulation included in canonical event definition."
"Lipid-Modifying Agents","Cardiovascular System","Lipid-Modifying Agents","HMG CoA Reductase Inhibitors (Statins)","Fluvastatin",106302,"Lipid-Modifying Agents.qs","Code/00_inputs/canonical_drug_formulations.csv","Pharmaceutical formulation included in canonical event definition."
"Lipid-Modifying Agents","Cardiovascular System","Lipid-Modifying Agents","HMG CoA Reductase Inhibitors (Statins)","Pravastatin",278002,"Lipid-Modifying Agents.qs","Code/00_inputs/canonical_drug_formulations.csv","Pharmaceutical formulation included in canonical event definition."
"Lipid-Modifying Agents","Cardiovascular System","Lipid-Modifying Agents","HMG CoA Reductase Inhibitors (Statins)","Pravastatin",278003,"Lipid-Modifying Agents.qs","Code/00_inputs/canonical_drug_formulations.csv","Pharmaceutical formulation included in canonical event definition."
"Lipid-Modifying Agents","Cardiovascular System","Lipid-Modifying Agents","HMG CoA Reductase Inhibitors (Statins)","Pravastatin",278025,"Lipid-Modifying Agents.qs","Code/00_inputs/canonical_drug_formulations.csv","Pharmaceutical formulation included in canonical event definition."
"Lipid-Modifying Agents","Cardiovascular System","Lipid-Modifying Agents","HMG CoA Reductase Inhibitors (Statins)","Simvastatin",251301,"Lipid-Modifying Agents.qs","Code/00_inputs/canonical_drug_formulations.csv","Pharmaceutical formulation included in canonical event definition."
"Lipid-Modifying Agents","Cardiovascular System","Lipid-Modifying Agents","HMG CoA Reductase Inhibitors (Statins)","Simvastatin",251302,"Lipid-Modifying Agents.qs","Code/00_inputs/canonical_drug_formulations.csv","Pharmaceutical formulation included in canonical event definition."
"Lipid-Modifying Agents","Cardiovascular System","Lipid-Modifying Agents","HMG CoA Reductase Inhibitors (Statins)","Simvastatin",251303,"Lipid-Modifying Agents.qs","Code/00_inputs/canonical_drug_formulations.csv","Pharmaceutical formulation included in canonical event definition."
"Lipid-Modifying Agents","Cardiovascular System","Lipid-Modifying Agents","HMG CoA Reductase Inhibitors (Statins)","Simvastatin",251304,"Lipid-Modifying Agents.qs","Code/00_inputs/canonical_drug_formulations.csv","Pharmaceutical formulation included in canonical event definition."
"Lipid-Modifying Agents","Cardiovascular System","Lipid-Modifying Agents","HMG CoA Reductase Inhibitors (Statins)","Simvastatin",251325,"Lipid-Modifying Agents.qs","Code/00_inputs/canonical_drug_formulations.csv","Pharmaceutical formulation included in canonical event definition."
"Macrolides","Infections - Agents for Systemic Use","Macrolides","Macrolides","Azithromycin",117801,"Macrolides.qs","Code/00_inputs/canonical_drug_formulations.csv","Pharmaceutical formulation included in canonical event definition."
"Macrolides","Infections - Agents for Systemic Use","Macrolides","Macrolides","Azithromycin",117825,"Macrolides.qs","Code/00_inputs/canonical_drug_formulations.csv","Pharmaceutical formulation included in canonical event definition."
"Macrolides","Infections - Agents for Systemic Use","Macrolides","Macrolides","Azithromycin",117826,"Macrolides.qs","Code/00_inputs/canonical_drug_formulations.csv","Pharmaceutical formulation included in canonical event definition."
"Macrolides","Infections - Agents for Systemic Use","Macrolides","Macrolides","Clarithromycin",280901,"Macrolides.qs","Code/00_inputs/canonical_drug_formulations.csv","Pharmaceutical formulation included in canonical event definition."
"Macrolides","Infections - Agents for Systemic Use","Macrolides","Macrolides","Clarithromycin",280902,"Macrolides.qs","Code/00_inputs/canonical_drug_formulations.csv","Pharmaceutical formulation included in canonical event definition."
"Macrolides","Infections - Agents for Systemic Use","Macrolides","Macrolides","Clarithromycin",280926,"Macrolides.qs","Code/00_inputs/canonical_drug_formulations.csv","Pharmaceutical formulation included in canonical event definition."
"Macrolides","Infections - Agents for Systemic Use","Macrolides","Macrolides","Erythromycin",146504,"Macrolides.qs","Code/00_inputs/canonical_drug_formulations.csv","Pharmaceutical formulation included in canonical event definition."
"Macrolides","Infections - Agents for Systemic Use","Macrolides","Macrolides","Erythromycin",146505,"Macrolides.qs","Code/00_inputs/canonical_drug_formulations.csv","Pharmaceutical formulation included in canonical event definition."
"Macrolides","Infections - Agents for Systemic Use","Macrolides","Macrolides","Erythromycin (as lactobionate)",602801,"Macrolides.qs","Code/00_inputs/canonical_drug_formulations.csv","Pharmaceutical formulation included in canonical event definition."
"Macrolides","Infections - Agents for Systemic Use","Macrolides","Macrolides","Erythromycin (as lactobionate)",602802,"Macrolides.qs","Code/00_inputs/canonical_drug_formulations.csv","Pharmaceutical formulation included in canonical event definition."
"Macrolides","Infections - Agents for Systemic Use","Macrolides","Macrolides","Erythromycin estolate",146602,"Macrolides.qs","Code/00_inputs/canonical_drug_formulations.csv","Pharmaceutical formulation included in canonical event definition."
"Macrolides","Infections - Agents for Systemic Use","Macrolides","Macrolides","Erythromycin estolate",146603,"Macrolides.qs","Code/00_inputs/canonical_drug_formulations.csv","Pharmaceutical formulation included in canonical event definition."
"Macrolides","Infections - Agents for Systemic Use","Macrolides","Macrolides","Erythromycin estolate",146604,"Macrolides.qs","Code/00_inputs/canonical_drug_formulations.csv","Pharmaceutical formulation included in canonical event definition."
"Macrolides","Infections - Agents for Systemic Use","Macrolides","Macrolides","Erythromycin estolate",146605,"Macrolides.qs","Code/00_inputs/canonical_drug_formulations.csv","Pharmaceutical formulation included in canonical event definition."
"Macrolides","Infections - Agents for Systemic Use","Macrolides","Macrolides","Erythromycin ethyl succinate",602601,"Macrolides.qs","Code/00_inputs/canonical_drug_formulations.csv","Pharmaceutical formulation included in canonical event definition."
"Macrolides","Infections - Agents for Systemic Use","Macrolides","Macrolides","Erythromycin ethyl succinate",602602,"Macrolides.qs","Code/00_inputs/canonical_drug_formulations.csv","Pharmaceutical formulation included in canonical event definition."
"Macrolides","Infections - Agents for Systemic Use","Macrolides","Macrolides","Erythromycin ethyl succinate",602603,"Macrolides.qs","Code/00_inputs/canonical_drug_formulations.csv","Pharmaceutical formulation included in canonical event definition."
"Macrolides","Infections - Agents for Systemic Use","Macrolides","Macrolides","Erythromycin ethyl succinate",602605,"Macrolides.qs","Code/00_inputs/canonical_drug_formulations.csv","Pharmaceutical formulation included in canonical event definition."
"Macrolides","Infections - Agents for Systemic Use","Macrolides","Macrolides","Erythromycin ethyl succinate",602606,"Macrolides.qs","Code/00_inputs/canonical_drug_formulations.csv","Pharmaceutical formulation included in canonical event definition."
"Macrolides","Infections - Agents for Systemic Use","Macrolides","Macrolides","Erythromycin stearate",602702,"Macrolides.qs","Code/00_inputs/canonical_drug_formulations.csv","Pharmaceutical formulation included in canonical event definition."
"Macrolides","Infections - Agents for Systemic Use","Macrolides","Macrolides","Erythromycin stearate",602703,"Macrolides.qs","Code/00_inputs/canonical_drug_formulations.csv","Pharmaceutical formulation included in canonical event definition."
"Macrolides","Infections - Agents for Systemic Use","Macrolides","Macrolides","Erythromycin stearate",602704,"Macrolides.qs","Code/00_inputs/canonical_drug_formulations.csv","Pharmaceutical formulation included in canonical event definition."
"Macrolides","Infections - Agents for Systemic Use","Macrolides","Macrolides","Roxithromycin",279001,"Macrolides.qs","Code/00_inputs/canonical_drug_formulations.csv","Pharmaceutical formulation included in canonical event definition."
"Macrolides","Infections - Agents for Systemic Use","Macrolides","Macrolides","Roxithromycin",279002,"Macrolides.qs","Code/00_inputs/canonical_drug_formulations.csv","Pharmaceutical formulation included in canonical event definition."
"Macrolides","Infections - Agents for Systemic Use","Macrolides","Macrolides","Roxithromycin",279025,"Macrolides.qs","Code/00_inputs/canonical_drug_formulations.csv","Pharmaceutical formulation included in canonical event definition."
"Non-Steroidal Anti-Inflammatory Drugs","Musculoskeletal System","Non-Steroidal Anti-Inflammatory Drugs","NSAIDs Other","Celecoxib",127101,"Non-Steroidal Anti-Inflammatory Drugs.qs","Code/00_inputs/canonical_drug_formulations.csv","Pharmaceutical formulation included in canonical event definition."
"Non-Steroidal Anti-Inflammatory Drugs","Musculoskeletal System","Non-Steroidal Anti-Inflammatory Drugs","NSAIDs Other","Celecoxib",127102,"Non-Steroidal Anti-Inflammatory Drugs.qs","Code/00_inputs/canonical_drug_formulations.csv","Pharmaceutical formulation included in canonical event definition."
"Non-Steroidal Anti-Inflammatory Drugs","Musculoskeletal System","Non-Steroidal Anti-Inflammatory Drugs","NSAIDs Other","Celecoxib",408125,"Non-Steroidal Anti-Inflammatory Drugs.qs","Code/00_inputs/canonical_drug_formulations.csv","Pharmaceutical formulation included in canonical event definition."
"Non-Steroidal Anti-Inflammatory Drugs","Musculoskeletal System","Non-Steroidal Anti-Inflammatory Drugs","NSAIDs Other","Celecoxib",408126,"Non-Steroidal Anti-Inflammatory Drugs.qs","Code/00_inputs/canonical_drug_formulations.csv","Pharmaceutical formulation included in canonical event definition."
"Non-Steroidal Anti-Inflammatory Drugs","Musculoskeletal System","Non-Steroidal Anti-Inflammatory Drugs","Non-Steroidal Anti-Inflammatory Drugs","Diclofenac sodium",140101,"Non-Steroidal Anti-Inflammatory Drugs.qs","Code/00_inputs/canonical_drug_formulations.csv","Pharmaceutical formulation included in canonical event definition."
"Non-Steroidal Anti-Inflammatory Drugs","Musculoskeletal System","Non-Steroidal Anti-Inflammatory Drugs","Non-Steroidal Anti-Inflammatory Drugs","Diclofenac sodium",140102,"Non-Steroidal Anti-Inflammatory Drugs.qs","Code/00_inputs/canonical_drug_formulations.csv","Pharmaceutical formulation included in canonical event definition."
"Non-Steroidal Anti-Inflammatory Drugs","Musculoskeletal System","Non-Steroidal Anti-Inflammatory Drugs","Non-Steroidal Anti-Inflammatory Drugs","Diclofenac sodium",140103,"Non-Steroidal Anti-Inflammatory Drugs.qs","Code/00_inputs/canonical_drug_formulations.csv","Pharmaceutical formulation included in canonical event definition."
"Non-Steroidal Anti-Inflammatory Drugs","Musculoskeletal System","Non-Steroidal Anti-Inflammatory Drugs","Non-Steroidal Anti-Inflammatory Drugs","Diclofenac sodium",140105,"Non-Steroidal Anti-Inflammatory Drugs.qs","Code/00_inputs/canonical_drug_formulations.csv","Pharmaceutical formulation included in canonical event definition."
"Non-Steroidal Anti-Inflammatory Drugs","Musculoskeletal System","Non-Steroidal Anti-Inflammatory Drugs","Non-Steroidal Anti-Inflammatory Drugs","Diclofenac sodium",140106,"Non-Steroidal Anti-Inflammatory Drugs.qs","Code/00_inputs/canonical_drug_formulations.csv","Pharmaceutical formulation included in canonical event definition."
"Non-Steroidal Anti-Inflammatory Drugs","Musculoskeletal System","Non-Steroidal Anti-Inflammatory Drugs","Non-Steroidal Anti-Inflammatory Drugs","Diclofenac sodium",140107,"Non-Steroidal Anti-Inflammatory Drugs.qs","Code/00_inputs/canonical_drug_formulations.csv","Pharmaceutical formulation included in canonical event definition."
"Non-Steroidal Anti-Inflammatory Drugs","Musculoskeletal System","Non-Steroidal Anti-Inflammatory Drugs","Non-Steroidal Anti-Inflammatory Drugs","Diclofenac sodium",140108,"Non-Steroidal Anti-Inflammatory Drugs.qs","Code/00_inputs/canonical_drug_formulations.csv","Pharmaceutical formulation included in canonical event definition."
"Non-Steroidal Anti-Inflammatory Drugs","Musculoskeletal System","Non-Steroidal Anti-Inflammatory Drugs","Non-Steroidal Anti-Inflammatory Drugs","Diclofenac sodium",140109,"Non-Steroidal Anti-Inflammatory Drugs.qs","Code/00_inputs/canonical_drug_formulations.csv","Pharmaceutical formulation included in canonical event definition."
"Non-Steroidal Anti-Inflammatory Drugs","Musculoskeletal System","Non-Steroidal Anti-Inflammatory Drugs","Non-Steroidal Anti-Inflammatory Drugs","Diclofenac sodium",140111,"Non-Steroidal Anti-Inflammatory Drugs.qs","Code/00_inputs/canonical_drug_formulations.csv","Pharmaceutical formulation included in canonical event definition."
"Non-Steroidal Anti-Inflammatory Drugs","Musculoskeletal System","Non-Steroidal Anti-Inflammatory Drugs","Non-Steroidal Anti-Inflammatory Drugs","Diclofenac sodium",140112,"Non-Steroidal Anti-Inflammatory Drugs.qs","Code/00_inputs/canonical_drug_formulations.csv","Pharmaceutical formulation included in canonical event definition."
"Non-Steroidal Anti-Inflammatory Drugs","Musculoskeletal System","Non-Steroidal Anti-Inflammatory Drugs","Non-Steroidal Anti-Inflammatory Drugs","Diclofenac sodium",140113,"Non-Steroidal Anti-Inflammatory Drugs.qs","Code/00_inputs/canonical_drug_formulations.csv","Pharmaceutical formulation included in canonical event definition."
"Non-Steroidal Anti-Inflammatory Drugs","Musculoskeletal System","Non-Steroidal Anti-Inflammatory Drugs","Non-Steroidal Anti-Inflammatory Drugs","Diflunisal",141101,"Non-Steroidal Anti-Inflammatory Drugs.qs","Code/00_inputs/canonical_drug_formulations.csv","Pharmaceutical formulation included in canonical event definition."
"Non-Steroidal Anti-Inflammatory Drugs","Musculoskeletal System","Non-Steroidal Anti-Inflammatory Drugs","Non-Steroidal Anti-Inflammatory Drugs","Diflunisal",141102,"Non-Steroidal Anti-Inflammatory Drugs.qs","Code/00_inputs/canonical_drug_formulations.csv","Pharmaceutical formulation included in canonical event definition."
"Non-Steroidal Anti-Inflammatory Drugs","Musculoskeletal System","Non-Steroidal Anti-Inflammatory Drugs","Non-Steroidal Anti-Inflammatory Drugs","Fenbufen",148901,"Non-Steroidal Anti-Inflammatory Drugs.qs","Code/00_inputs/canonical_drug_formulations.csv","Pharmaceutical formulation included in canonical event definition."
"Non-Steroidal Anti-Inflammatory Drugs","Musculoskeletal System","Non-Steroidal Anti-Inflammatory Drugs","Non-Steroidal Anti-Inflammatory Drugs","Fenoprofen Calcium",149001,"Non-Steroidal Anti-Inflammatory Drugs.qs","Code/00_inputs/canonical_drug_formulations.csv","Pharmaceutical formulation included in canonical event definition."
"Non-Steroidal Anti-Inflammatory Drugs","Musculoskeletal System","Non-Steroidal Anti-Inflammatory Drugs","Non-Steroidal Anti-Inflammatory Drugs","Fenoprofen Calcium",149002,"Non-Steroidal Anti-Inflammatory Drugs.qs","Code/00_inputs/canonical_drug_formulations.csv","Pharmaceutical formulation included in canonical event definition."
"Non-Steroidal Anti-Inflammatory Drugs","Musculoskeletal System","Non-Steroidal Anti-Inflammatory Drugs","Non-Steroidal Anti-Inflammatory Drugs","Flurbiprofen",153601,"Non-Steroidal Anti-Inflammatory Drugs.qs","Code/00_inputs/canonical_drug_formulations.csv","Pharmaceutical formulation included in canonical event definition."
"Non-Steroidal Anti-Inflammatory Drugs","Musculoskeletal System","Non-Steroidal Anti-Inflammatory Drugs","Non-Steroidal Anti-Inflammatory Drugs","Flurbiprofen",153602,"Non-Steroidal Anti-Inflammatory Drugs.qs","Code/00_inputs/canonical_drug_formulations.csv","Pharmaceutical formulation included in canonical event definition."
"Non-Steroidal Anti-Inflammatory Drugs","Musculoskeletal System","Non-Steroidal Anti-Inflammatory Drugs","Non-Steroidal Anti-Inflammatory Drugs","Flurbiprofen",153603,"Non-Steroidal Anti-Inflammatory Drugs.qs","Code/00_inputs/canonical_drug_formulations.csv","Pharmaceutical formulation included in canonical event definition."
"Non-Steroidal Anti-Inflammatory Drugs","Musculoskeletal System","Non-Steroidal Anti-Inflammatory Drugs","Non-Steroidal Anti-Inflammatory Drugs","Ibuprofen",279801,"Non-Steroidal Anti-Inflammatory Drugs.qs","Code/00_inputs/canonical_drug_formulations.csv","Pharmaceutical formulation included in canonical event definition."
"Non-Steroidal Anti-Inflammatory Drugs","Musculoskeletal System","Non-Steroidal Anti-Inflammatory Drugs","Non-Steroidal Anti-Inflammatory Drugs","Ibuprofen",279802,"Non-Steroidal Anti-Inflammatory Drugs.qs","Code/00_inputs/canonical_drug_formulations.csv","Pharmaceutical formulation included in canonical event definition."
"Non-Steroidal Anti-Inflammatory Drugs","Musculoskeletal System","Non-Steroidal Anti-Inflammatory Drugs","Non-Steroidal Anti-Inflammatory Drugs","Ibuprofen",279803,"Non-Steroidal Anti-Inflammatory Drugs.qs","Code/00_inputs/canonical_drug_formulations.csv","Pharmaceutical formulation included in canonical event definition."
"Non-Steroidal Anti-Inflammatory Drugs","Musculoskeletal System","Non-Steroidal Anti-Inflammatory Drugs","Non-Steroidal Anti-Inflammatory Drugs","Ibuprofen",279804,"Non-Steroidal Anti-Inflammatory Drugs.qs","Code/00_inputs/canonical_drug_formulations.csv","Pharmaceutical formulation included in canonical event definition."
"Non-Steroidal Anti-Inflammatory Drugs","Musculoskeletal System","Non-Steroidal Anti-Inflammatory Drugs","Non-Steroidal Anti-Inflammatory Drugs","Ibuprofen",279805,"Non-Steroidal Anti-Inflammatory Drugs.qs","Code/00_inputs/canonical_drug_formulations.csv","Pharmaceutical formulation included in canonical event definition."
"Non-Steroidal Anti-Inflammatory Drugs","Musculoskeletal System","Non-Steroidal Anti-Inflammatory Drugs","NSAIDs Other","Indomethacin",164501,"Non-Steroidal Anti-Inflammatory Drugs.qs","Code/00_inputs/canonical_drug_formulations.csv","Pharmaceutical formulation included in canonical event definition."
"Non-Steroidal Anti-Inflammatory Drugs","Musculoskeletal System","Non-Steroidal Anti-Inflammatory Drugs","NSAIDs Other","Indomethacin",164502,"Non-Steroidal Anti-Inflammatory Drugs.qs","Code/00_inputs/canonical_drug_formulations.csv","Pharmaceutical formulation included in canonical event definition."
"Non-Steroidal Anti-Inflammatory Drugs","Musculoskeletal System","Non-Steroidal Anti-Inflammatory Drugs","NSAIDs Other","Indomethacin",164503,"Non-Steroidal Anti-Inflammatory Drugs.qs","Code/00_inputs/canonical_drug_formulations.csv","Pharmaceutical formulation included in canonical event definition."
"Non-Steroidal Anti-Inflammatory Drugs","Musculoskeletal System","Non-Steroidal Anti-Inflammatory Drugs","NSAIDs Other","Indomethacin",164504,"Non-Steroidal Anti-Inflammatory Drugs.qs","Code/00_inputs/canonical_drug_formulations.csv","Pharmaceutical formulation included in canonical event definition."
"Non-Steroidal Anti-Inflammatory Drugs","Musculoskeletal System","Non-Steroidal Anti-Inflammatory Drugs","Non-Steroidal Anti-Inflammatory Drugs","Ketoprofen",169701,"Non-Steroidal Anti-Inflammatory Drugs.qs","Code/00_inputs/canonical_drug_formulations.csv","Pharmaceutical formulation included in canonical event definition."
"Non-Steroidal Anti-Inflammatory Drugs","Musculoskeletal System","Non-Steroidal Anti-Inflammatory Drugs","Non-Steroidal Anti-Inflammatory Drugs","Ketoprofen",169702,"Non-Steroidal Anti-Inflammatory Drugs.qs","Code/00_inputs/canonical_drug_formulations.csv","Pharmaceutical formulation included in canonical event definition."
"Non-Steroidal Anti-Inflammatory Drugs","Musculoskeletal System","Non-Steroidal Anti-Inflammatory Drugs","Non-Steroidal Anti-Inflammatory Drugs","Ketoprofen",169703,"Non-Steroidal Anti-Inflammatory Drugs.qs","Code/00_inputs/canonical_drug_formulations.csv","Pharmaceutical formulation included in canonical event definition."
"Non-Steroidal Anti-Inflammatory Drugs","Musculoskeletal System","Non-Steroidal Anti-Inflammatory Drugs","Non-Steroidal Anti-Inflammatory Drugs","Ketoprofen",169704,"Non-Steroidal Anti-Inflammatory Drugs.qs","Code/00_inputs/canonical_drug_formulations.csv","Pharmaceutical formulation included in canonical event definition."
"Non-Steroidal Anti-Inflammatory Drugs","Musculoskeletal System","Non-Steroidal Anti-Inflammatory Drugs","Non-Steroidal Anti-Inflammatory Drugs","Ketoprofen",169705,"Non-Steroidal Anti-Inflammatory Drugs.qs","Code/00_inputs/canonical_drug_formulations.csv","Pharmaceutical formulation included in canonical event definition."
"Non-Steroidal Anti-Inflammatory Drugs","Musculoskeletal System","Non-Steroidal Anti-Inflammatory Drugs","Non-Steroidal Anti-Inflammatory Drugs","Ketoprofen",169706,"Non-Steroidal Anti-Inflammatory Drugs.qs","Code/00_inputs/canonical_drug_formulations.csv","Pharmaceutical formulation included in canonical event definition."
"Non-Steroidal Anti-Inflammatory Drugs","Musculoskeletal System","Non-Steroidal Anti-Inflammatory Drugs","Non-Steroidal Anti-Inflammatory Drugs","Ketoprofen",169707,"Non-Steroidal Anti-Inflammatory Drugs.qs","Code/00_inputs/canonical_drug_formulations.csv","Pharmaceutical formulation included in canonical event definition."
"Non-Steroidal Anti-Inflammatory Drugs","Musculoskeletal System","Non-Steroidal Anti-Inflammatory Drugs","Non-Steroidal Anti-Inflammatory Drugs","Ketoprofen",169708,"Non-Steroidal Anti-Inflammatory Drugs.qs","Code/00_inputs/canonical_drug_formulations.csv","Pharmaceutical formulation included in canonical event definition."
"Non-Steroidal Anti-Inflammatory Drugs","Musculoskeletal System","Non-Steroidal Anti-Inflammatory Drugs","Non-Steroidal Anti-Inflammatory Drugs","Mefenamic acid",176901,"Non-Steroidal Anti-Inflammatory Drugs.qs","Code/00_inputs/canonical_drug_formulations.csv","Pharmaceutical formulation included in canonical event definition."
"Non-Steroidal Anti-Inflammatory Drugs","Musculoskeletal System","Non-Steroidal Anti-Inflammatory Drugs","NSAIDs Other","Meloxicam",391225,"Non-Steroidal Anti-Inflammatory Drugs.qs","Code/00_inputs/canonical_drug_formulations.csv","Pharmaceutical formulation included in canonical event definition."
"Non-Steroidal Anti-Inflammatory Drugs","Musculoskeletal System","Non-Steroidal Anti-Inflammatory Drugs","Non-Steroidal Anti-Inflammatory Drugs","Naproxen",278205,"Non-Steroidal Anti-Inflammatory Drugs.qs","Code/00_inputs/canonical_drug_formulations.csv","Pharmaceutical formulation included in canonical event definition."
"Non-Steroidal Anti-Inflammatory Drugs","Musculoskeletal System","Non-Steroidal Anti-Inflammatory Drugs","Non-Steroidal Anti-Inflammatory Drugs","Naproxen",278206,"Non-Steroidal Anti-Inflammatory Drugs.qs","Code/00_inputs/canonical_drug_formulations.csv","Pharmaceutical formulation included in canonical event definition."
"Non-Steroidal Anti-Inflammatory Drugs","Musculoskeletal System","Non-Steroidal Anti-Inflammatory Drugs","Non-Steroidal Anti-Inflammatory Drugs","Naproxen",278207,"Non-Steroidal Anti-Inflammatory Drugs.qs","Code/00_inputs/canonical_drug_formulations.csv","Pharmaceutical formulation included in canonical event definition."
"Non-Steroidal Anti-Inflammatory Drugs","Musculoskeletal System","Non-Steroidal Anti-Inflammatory Drugs","Non-Steroidal Anti-Inflammatory Drugs","Naproxen",278208,"Non-Steroidal Anti-Inflammatory Drugs.qs","Code/00_inputs/canonical_drug_formulations.csv","Pharmaceutical formulation included in canonical event definition."
"Non-Steroidal Anti-Inflammatory Drugs","Musculoskeletal System","Non-Steroidal Anti-Inflammatory Drugs","Non-Steroidal Anti-Inflammatory Drugs","Naproxen",278209,"Non-Steroidal Anti-Inflammatory Drugs.qs","Code/00_inputs/canonical_drug_formulations.csv","Pharmaceutical formulation included in canonical event definition."
"Non-Steroidal Anti-Inflammatory Drugs","Musculoskeletal System","Non-Steroidal Anti-Inflammatory Drugs","Non-Steroidal Anti-Inflammatory Drugs","Naproxen",278210,"Non-Steroidal Anti-Inflammatory Drugs.qs","Code/00_inputs/canonical_drug_formulations.csv","Pharmaceutical formulation included in canonical event definition."
"Non-Steroidal Anti-Inflammatory Drugs","Musculoskeletal System","Non-Steroidal Anti-Inflammatory Drugs","Non-Steroidal Anti-Inflammatory Drugs","Naproxen",278211,"Non-Steroidal Anti-Inflammatory Drugs.qs","Code/00_inputs/canonical_drug_formulations.csv","Pharmaceutical formulation included in canonical event definition."
"Non-Steroidal Anti-Inflammatory Drugs","Musculoskeletal System","Non-Steroidal Anti-Inflammatory Drugs","Non-Steroidal Anti-Inflammatory Drugs","Naproxen",278212,"Non-Steroidal Anti-Inflammatory Drugs.qs","Code/00_inputs/canonical_drug_formulations.csv","Pharmaceutical formulation included in canonical event definition."
"Non-Steroidal Anti-Inflammatory Drugs","Musculoskeletal System","Non-Steroidal Anti-Inflammatory Drugs","Non-Steroidal Anti-Inflammatory Drugs","Naproxen sodium",278301,"Non-Steroidal Anti-Inflammatory Drugs.qs","Code/00_inputs/canonical_drug_formulations.csv","Pharmaceutical formulation included in canonical event definition."
"Non-Steroidal Anti-Inflammatory Drugs","Musculoskeletal System","Non-Steroidal Anti-Inflammatory Drugs","Non-Steroidal Anti-Inflammatory Drugs","Naproxen sodium",278302,"Non-Steroidal Anti-Inflammatory Drugs.qs","Code/00_inputs/canonical_drug_formulations.csv","Pharmaceutical formulation included in canonical event definition."
"Non-Steroidal Anti-Inflammatory Drugs","Musculoskeletal System","Non-Steroidal Anti-Inflammatory Drugs","NSAIDs Other","Phenylbutazone",249401,"Non-Steroidal Anti-Inflammatory Drugs.qs","Code/00_inputs/canonical_drug_formulations.csv","Pharmaceutical formulation included in canonical event definition."
"Non-Steroidal Anti-Inflammatory Drugs","Musculoskeletal System","Non-Steroidal Anti-Inflammatory Drugs","NSAIDs Other","Phenylbutazone",249425,"Non-Steroidal Anti-Inflammatory Drugs.qs","Code/00_inputs/canonical_drug_formulations.csv","Pharmaceutical formulation included in canonical event definition."
"Non-Steroidal Anti-Inflammatory Drugs","Musculoskeletal System","Non-Steroidal Anti-Inflammatory Drugs","NSAIDs Other","Piroxicam",199603,"Non-Steroidal Anti-Inflammatory Drugs.qs","Code/00_inputs/canonical_drug_formulations.csv","Pharmaceutical formulation included in canonical event definition."
"Non-Steroidal Anti-Inflammatory Drugs","Musculoskeletal System","Non-Steroidal Anti-Inflammatory Drugs","NSAIDs Other","Piroxicam",199604,"Non-Steroidal Anti-Inflammatory Drugs.qs","Code/00_inputs/canonical_drug_formulations.csv","Pharmaceutical formulation included in canonical event definition."
"Non-Steroidal Anti-Inflammatory Drugs","Musculoskeletal System","Non-Steroidal Anti-Inflammatory Drugs","NSAIDs Other","Piroxicam",199605,"Non-Steroidal Anti-Inflammatory Drugs.qs","Code/00_inputs/canonical_drug_formulations.csv","Pharmaceutical formulation included in canonical event definition."
"Non-Steroidal Anti-Inflammatory Drugs","Musculoskeletal System","Non-Steroidal Anti-Inflammatory Drugs","NSAIDs Other","Piroxicam",199606,"Non-Steroidal Anti-Inflammatory Drugs.qs","Code/00_inputs/canonical_drug_formulations.csv","Pharmaceutical formulation included in canonical event definition."
"Non-Steroidal Anti-Inflammatory Drugs","Musculoskeletal System","Non-Steroidal Anti-Inflammatory Drugs","NSAIDs Other","Piroxicam",199607,"Non-Steroidal Anti-Inflammatory Drugs.qs","Code/00_inputs/canonical_drug_formulations.csv","Pharmaceutical formulation included in canonical event definition."
"Non-Steroidal Anti-Inflammatory Drugs","Musculoskeletal System","Non-Steroidal Anti-Inflammatory Drugs","NSAIDs Other","Rofecoxib",373425,"Non-Steroidal Anti-Inflammatory Drugs.qs","Code/00_inputs/canonical_drug_formulations.csv","Pharmaceutical formulation included in canonical event definition."
"Non-Steroidal Anti-Inflammatory Drugs","Musculoskeletal System","Non-Steroidal Anti-Inflammatory Drugs","NSAIDs Other","Rofecoxib",373426,"Non-Steroidal Anti-Inflammatory Drugs.qs","Code/00_inputs/canonical_drug_formulations.csv","Pharmaceutical formulation included in canonical event definition."
"Non-Steroidal Anti-Inflammatory Drugs","Musculoskeletal System","Non-Steroidal Anti-Inflammatory Drugs","Non-Steroidal Anti-Inflammatory Drugs","Sulindac",219301,"Non-Steroidal Anti-Inflammatory Drugs.qs","Code/00_inputs/canonical_drug_formulations.csv","Pharmaceutical formulation included in canonical event definition."
"Non-Steroidal Anti-Inflammatory Drugs","Musculoskeletal System","Non-Steroidal Anti-Inflammatory Drugs","Non-Steroidal Anti-Inflammatory Drugs","Sulindac",219302,"Non-Steroidal Anti-Inflammatory Drugs.qs","Code/00_inputs/canonical_drug_formulations.csv","Pharmaceutical formulation included in canonical event definition."
"Non-Steroidal Anti-Inflammatory Drugs","Musculoskeletal System","Non-Steroidal Anti-Inflammatory Drugs","Non-Steroidal Anti-Inflammatory Drugs","Tenoxicam",253601,"Non-Steroidal Anti-Inflammatory Drugs.qs","Code/00_inputs/canonical_drug_formulations.csv","Pharmaceutical formulation included in canonical event definition."
"Non-Steroidal Anti-Inflammatory Drugs","Musculoskeletal System","Non-Steroidal Anti-Inflammatory Drugs","Non-Steroidal Anti-Inflammatory Drugs","Tenoxicam",253603,"Non-Steroidal Anti-Inflammatory Drugs.qs","Code/00_inputs/canonical_drug_formulations.csv","Pharmaceutical formulation included in canonical event definition."
"Non-Steroidal Anti-Inflammatory Drugs","Musculoskeletal System","Non-Steroidal Anti-Inflammatory Drugs","Non-Steroidal Anti-Inflammatory Drugs","Tenoxicam",253604,"Non-Steroidal Anti-Inflammatory Drugs.qs","Code/00_inputs/canonical_drug_formulations.csv","Pharmaceutical formulation included in canonical event definition."
"Non-Steroidal Anti-Inflammatory Drugs","Musculoskeletal System","Non-Steroidal Anti-Inflammatory Drugs","Non-Steroidal Anti-Inflammatory Drugs","Tenoxicam",253625,"Non-Steroidal Anti-Inflammatory Drugs.qs","Code/00_inputs/canonical_drug_formulations.csv","Pharmaceutical formulation included in canonical event definition."
"Non-Steroidal Anti-Inflammatory Drugs","Musculoskeletal System","Non-Steroidal Anti-Inflammatory Drugs","Non-Steroidal Anti-Inflammatory Drugs","Tenoxicam",253626,"Non-Steroidal Anti-Inflammatory Drugs.qs","Code/00_inputs/canonical_drug_formulations.csv","Pharmaceutical formulation included in canonical event definition."
"Non-Steroidal Anti-Inflammatory Drugs","Musculoskeletal System","Non-Steroidal Anti-Inflammatory Drugs","Non-Steroidal Anti-Inflammatory Drugs","Tiaprofenic acid",253701,"Non-Steroidal Anti-Inflammatory Drugs.qs","Code/00_inputs/canonical_drug_formulations.csv","Pharmaceutical formulation included in canonical event definition."
"Non-Steroidal Anti-Inflammatory Drugs","Musculoskeletal System","Non-Steroidal Anti-Inflammatory Drugs","Non-Steroidal Anti-Inflammatory Drugs","Tiaprofenic acid",253702,"Non-Steroidal Anti-Inflammatory Drugs.qs","Code/00_inputs/canonical_drug_formulations.csv","Pharmaceutical formulation included in canonical event definition."
"Non-Steroidal Anti-Inflammatory Drugs","Musculoskeletal System","Non-Steroidal Anti-Inflammatory Drugs","Non-Steroidal Anti-Inflammatory Drugs","Tiaprofenic acid",253703,"Non-Steroidal Anti-Inflammatory Drugs.qs","Code/00_inputs/canonical_drug_formulations.csv","Pharmaceutical formulation included in canonical event definition."
"Other Antibiotics","Infections - Agents for Systemic Use","Other Antibiotics","Other Antibiotics","Aztreonam",886101,"Other Antibiotics.qs","Code/00_inputs/canonical_drug_formulations.csv","Pharmaceutical formulation included in canonical event definition."
"Other Antibiotics","Infections - Agents for Systemic Use","Other Antibiotics","Other Antibiotics","Chloramphenicol",125906,"Other Antibiotics.qs","Code/00_inputs/canonical_drug_formulations.csv","Pharmaceutical formulation included in canonical event definition."
"Other Antibiotics","Infections - Agents for Systemic Use","Other Antibiotics","Other Antibiotics","Chloramphenicol",125907,"Other Antibiotics.qs","Code/00_inputs/canonical_drug_formulations.csv","Pharmaceutical formulation included in canonical event definition."
"Other Antibiotics","Infections - Agents for Systemic Use","Other Antibiotics","Other Antibiotics","Chloramphenicol sodium succinate",126101,"Other Antibiotics.qs","Code/00_inputs/canonical_drug_formulations.csv","Pharmaceutical formulation included in canonical event definition."
"Other Antibiotics","Infections - Agents for Systemic Use","Other Antibiotics","Other Antibiotics","Ciprofloxacin",281901,"Other Antibiotics.qs","Code/00_inputs/canonical_drug_formulations.csv","Pharmaceutical formulation included in canonical event definition."
"Other Antibiotics","Infections - Agents for Systemic Use","Other Antibiotics","Other Antibiotics","Ciprofloxacin",281902,"Other Antibiotics.qs","Code/00_inputs/canonical_drug_formulations.csv","Pharmaceutical formulation included in canonical event definition."
"Other Antibiotics","Infections - Agents for Systemic Use","Other Antibiotics","Other Antibiotics","Ciprofloxacin",281903,"Other Antibiotics.qs","Code/00_inputs/canonical_drug_formulations.csv","Pharmaceutical formulation included in canonical event definition."
"Other Antibiotics","Infections - Agents for Systemic Use","Other Antibiotics","Other Antibiotics","Ciprofloxacin",281925,"Other Antibiotics.qs","Code/00_inputs/canonical_drug_formulations.csv","Pharmaceutical formulation included in canonical event definition."
"Other Antibiotics","Infections - Agents for Systemic Use","Other Antibiotics","Other Antibiotics","Ciprofloxacin",281926,"Other Antibiotics.qs","Code/00_inputs/canonical_drug_formulations.csv","Pharmaceutical formulation included in canonical event definition."
"Other Antibiotics","Infections - Agents for Systemic Use","Other Antibiotics","Other Antibiotics","Clindamycin",130301,"Other Antibiotics.qs","Code/00_inputs/canonical_drug_formulations.csv","Pharmaceutical formulation included in canonical event definition."
"Other Antibiotics","Infections - Agents for Systemic Use","Other Antibiotics","Other Antibiotics","Clindamycin",130302,"Other Antibiotics.qs","Code/00_inputs/canonical_drug_formulations.csv","Pharmaceutical formulation included in canonical event definition."
"Other Antibiotics","Infections - Agents for Systemic Use","Other Antibiotics","Other Antibiotics","Clindamycin",130303,"Other Antibiotics.qs","Code/00_inputs/canonical_drug_formulations.csv","Pharmaceutical formulation included in canonical event definition."
"Other Antibiotics","Infections - Agents for Systemic Use","Other Antibiotics","Other Antibiotics","Colistin sulphomethate",134601,"Other Antibiotics.qs","Code/00_inputs/canonical_drug_formulations.csv","Pharmaceutical formulation included in canonical event definition."
"Other Antibiotics","Infections - Agents for Systemic Use","Other Antibiotics","Other Antibiotics","Fleroxacin",104501,"Other Antibiotics.qs","Code/00_inputs/canonical_drug_formulations.csv","Pharmaceutical formulation included in canonical event definition."
"Other Antibiotics","Infections - Agents for Systemic Use","Other Antibiotics","Other Antibiotics","Framycetin sulphate",244001,"Other Antibiotics.qs","Code/00_inputs/canonical_drug_formulations.csv","Pharmaceutical formulation included in canonical event definition."
"Other Antibiotics","Infections - Agents for Systemic Use","Other Antibiotics","Other Antibiotics","Framycetin sulphate",244002,"Other Antibiotics.qs","Code/00_inputs/canonical_drug_formulations.csv","Pharmaceutical formulation included in canonical event definition."
"Other Antibiotics","Infections - Agents for Systemic Use","Other Antibiotics","Other Antibiotics","Gentamicin sulphate",155401,"Other Antibiotics.qs","Code/00_inputs/canonical_drug_formulations.csv","Pharmaceutical formulation included in canonical event definition."
"Other Antibiotics","Infections - Agents for Systemic Use","Other Antibiotics","Other Antibiotics","Gentamicin sulphate",155402,"Other Antibiotics.qs","Code/00_inputs/canonical_drug_formulations.csv","Pharmaceutical formulation included in canonical event definition."
"Other Antibiotics","Infections - Agents for Systemic Use","Other Antibiotics","Other Antibiotics","Gentamicin sulphate",155403,"Other Antibiotics.qs","Code/00_inputs/canonical_drug_formulations.csv","Pharmaceutical formulation included in canonical event definition."
"Other Antibiotics","Infections - Agents for Systemic Use","Other Antibiotics","Other Antibiotics","Gentamicin sulphate",155425,"Other Antibiotics.qs","Code/00_inputs/canonical_drug_formulations.csv","Pharmaceutical formulation included in canonical event definition."
"Other Antibiotics","Infections - Agents for Systemic Use","Other Antibiotics","Other Antibiotics","Imipenem",886201,"Other Antibiotics.qs","Code/00_inputs/canonical_drug_formulations.csv","Pharmaceutical formulation included in canonical event definition."
"Other Antibiotics","Infections - Agents for Systemic Use","Other Antibiotics","Other Antibiotics","Levofloxacin",378925,"Other Antibiotics.qs","Code/00_inputs/canonical_drug_formulations.csv","Pharmaceutical formulation included in canonical event definition."
"Other Antibiotics","Infections - Agents for Systemic Use","Other Antibiotics","Other Antibiotics","Lincomycin",393225,"Other Antibiotics.qs","Code/00_inputs/canonical_drug_formulations.csv","Pharmaceutical formulation included in canonical event definition."
"Other Antibiotics","Infections - Agents for Systemic Use","Other Antibiotics","Other Antibiotics","Lincomycin Hydrochloride",172001,"Other Antibiotics.qs","Code/00_inputs/canonical_drug_formulations.csv","Pharmaceutical formulation included in canonical event definition."
"Other Antibiotics","Infections - Agents for Systemic Use","Other Antibiotics","Other Antibiotics","Lincomycin hydrochloride",172002,"Other Antibiotics.qs","Code/00_inputs/canonical_drug_formulations.csv","Pharmaceutical formulation included in canonical event definition."
"Other Antibiotics","Infections - Agents for Systemic Use","Other Antibiotics","Other Antibiotics","Lincomycin hydrochloride",172003,"Other Antibiotics.qs","Code/00_inputs/canonical_drug_formulations.csv","Pharmaceutical formulation included in canonical event definition."
"Other Antibiotics","Infections - Agents for Systemic Use","Other Antibiotics","Other Antibiotics","Moxifloxacin",392525,"Other Antibiotics.qs","Code/00_inputs/canonical_drug_formulations.csv","Pharmaceutical formulation included in canonical event definition."
"Other Antibiotics","Infections - Agents for Systemic Use","Other Antibiotics","Other Antibiotics","Neomycin sulphate",185201,"Other Antibiotics.qs","Code/00_inputs/canonical_drug_formulations.csv","Pharmaceutical formulation included in canonical event definition."
"Other Antibiotics","Infections - Agents for Systemic Use","Other Antibiotics","Other Antibiotics","Ofloxacin",254801,"Other Antibiotics.qs","Code/00_inputs/canonical_drug_formulations.csv","Pharmaceutical formulation included in canonical event definition."
"Other Antibiotics","Infections - Agents for Systemic Use","Other Antibiotics","Other Antibiotics","Paromomycin",399825,"Other Antibiotics.qs","Code/00_inputs/canonical_drug_formulations.csv","Pharmaceutical formulation included in canonical event definition."
"Other Antibiotics","Infections - Agents for Systemic Use","Other Antibiotics","Other Antibiotics","Pyrimethamine",399225,"Other Antibiotics.qs","Code/00_inputs/canonical_drug_formulations.csv","Pharmaceutical formulation included in canonical event definition."
"Other Antibiotics","Infections - Agents for Systemic Use","Other Antibiotics","Other Antibiotics","Sodium Fusidate [fusidic acid]",154601,"Other Antibiotics.qs","Code/00_inputs/canonical_drug_formulations.csv","Pharmaceutical formulation included in canonical event definition."
"Other Antibiotics","Infections - Agents for Systemic Use","Other Antibiotics","Other Antibiotics","Sodium Fusidate [fusidic acid]",154602,"Other Antibiotics.qs","Code/00_inputs/canonical_drug_formulations.csv","Pharmaceutical formulation included in canonical event definition."
"Other Antibiotics","Infections - Agents for Systemic Use","Other Antibiotics","Other Antibiotics","Sodium Fusidate [fusidic acid]",154603,"Other Antibiotics.qs","Code/00_inputs/canonical_drug_formulations.csv","Pharmaceutical formulation included in canonical event definition."
"Other Antibiotics","Infections - Agents for Systemic Use","Other Antibiotics","Other Antibiotics","Spectinomycin hydrochloride",217101,"Other Antibiotics.qs","Code/00_inputs/canonical_drug_formulations.csv","Pharmaceutical formulation included in canonical event definition."
"Other Antibiotics","Infections - Agents for Systemic Use","Other Antibiotics","Other Antibiotics","Spiramycin",217301,"Other Antibiotics.qs","Code/00_inputs/canonical_drug_formulations.csv","Pharmaceutical formulation included in canonical event definition."
"Other Antibiotics","Infections - Agents for Systemic Use","Other Antibiotics","Other Antibiotics","Spiramycin",217302,"Other Antibiotics.qs","Code/00_inputs/canonical_drug_formulations.csv","Pharmaceutical formulation included in canonical event definition."
"Other Antibiotics","Infections - Agents for Systemic Use","Other Antibiotics","Other Antibiotics","Spiramycin",217325,"Other Antibiotics.qs","Code/00_inputs/canonical_drug_formulations.csv","Pharmaceutical formulation included in canonical event definition."
"Other Antibiotics","Infections - Agents for Systemic Use","Other Antibiotics","Other Antibiotics","Sulfadiazine sodium",399325,"Other Antibiotics.qs","Code/00_inputs/canonical_drug_formulations.csv","Pharmaceutical formulation included in canonical event definition."
"Other Antibiotics","Infections - Agents for Systemic Use","Other Antibiotics","Other Antibiotics","Sulphadiazine",126701,"Other Antibiotics.qs","Code/00_inputs/canonical_drug_formulations.csv","Pharmaceutical formulation included in canonical event definition."
"Other Antibiotics","Infections - Agents for Systemic Use","Other Antibiotics","Other Antibiotics","Sulphadiazine",126725,"Other Antibiotics.qs","Code/00_inputs/canonical_drug_formulations.csv","Pharmaceutical formulation included in canonical event definition."
"Other Antibiotics","Infections - Agents for Systemic Use","Other Antibiotics","Other Antibiotics","Tobramycin",227401,"Other Antibiotics.qs","Code/00_inputs/canonical_drug_formulations.csv","Pharmaceutical formulation included in canonical event definition."
"Other Antibiotics","Infections - Agents for Systemic Use","Other Antibiotics","Other Antibiotics","Tobramycin",227402,"Other Antibiotics.qs","Code/00_inputs/canonical_drug_formulations.csv","Pharmaceutical formulation included in canonical event definition."
"Other Antibiotics","Infections - Agents for Systemic Use","Other Antibiotics","Other Antibiotics","Tobramycin",227425,"Other Antibiotics.qs","Code/00_inputs/canonical_drug_formulations.csv","Pharmaceutical formulation included in canonical event definition."
"Other Antibiotics","Infections - Agents for Systemic Use","Other Antibiotics","Other Antibiotics","Triacetyloleandomycin",602901,"Other Antibiotics.qs","Code/00_inputs/canonical_drug_formulations.csv","Pharmaceutical formulation included in canonical event definition."
"Other Antibiotics","Infections - Agents for Systemic Use","Other Antibiotics","Other Antibiotics","Trimethoprim",230001,"Other Antibiotics.qs","Code/00_inputs/canonical_drug_formulations.csv","Pharmaceutical formulation included in canonical event definition."
"Other Antibiotics","Infections - Agents for Systemic Use","Other Antibiotics","Other Antibiotics","Trimethoprim",230002,"Other Antibiotics.qs","Code/00_inputs/canonical_drug_formulations.csv","Pharmaceutical formulation included in canonical event definition."
"Other Antibiotics","Infections - Agents for Systemic Use","Other Antibiotics","Other Antibiotics","Trimethoprim with sulphamethoxazole [Co-trimoxazole]",136101,"Other Antibiotics.qs","Code/00_inputs/canonical_drug_formulations.csv","Pharmaceutical formulation included in canonical event definition."
"Other Antibiotics","Infections - Agents for Systemic Use","Other Antibiotics","Other Antibiotics","Trimethoprim with sulphamethoxazole [Co-trimoxazole]",136102,"Other Antibiotics.qs","Code/00_inputs/canonical_drug_formulations.csv","Pharmaceutical formulation included in canonical event definition."
"Other Antibiotics","Infections - Agents for Systemic Use","Other Antibiotics","Other Antibiotics","Trimethoprim with sulphamethoxazole [Co-trimoxazole]",136103,"Other Antibiotics.qs","Code/00_inputs/canonical_drug_formulations.csv","Pharmaceutical formulation included in canonical event definition."
"Other Antibiotics","Infections - Agents for Systemic Use","Other Antibiotics","Other Antibiotics","Trimethoprim with sulphamethoxazole [Co-trimoxazole]",136104,"Other Antibiotics.qs","Code/00_inputs/canonical_drug_formulations.csv","Pharmaceutical formulation included in canonical event definition."
"Other Antibiotics","Infections - Agents for Systemic Use","Other Antibiotics","Other Antibiotics","Vancomycin",231401,"Other Antibiotics.qs","Code/00_inputs/canonical_drug_formulations.csv","Pharmaceutical formulation included in canonical event definition."
"Other Antibiotics","Infections - Agents for Systemic Use","Other Antibiotics","Other Antibiotics","Vancomycin",231402,"Other Antibiotics.qs","Code/00_inputs/canonical_drug_formulations.csv","Pharmaceutical formulation included in canonical event definition."
"Other Antibiotics","Infections - Agents for Systemic Use","Other Antibiotics","Other Antibiotics","Vancomycin",231403,"Other Antibiotics.qs","Code/00_inputs/canonical_drug_formulations.csv","Pharmaceutical formulation included in canonical event definition."
"Penicillins","Infections - Agents for Systemic Use","Penicillins","Penicillins","Amoxicillin",107201,"Penicillins.qs","Code/00_inputs/canonical_drug_formulations.csv","Pharmaceutical formulation included in canonical event definition."
"Penicillins","Infections - Agents for Systemic Use","Penicillins","Penicillins","Amoxicillin",107202,"Penicillins.qs","Code/00_inputs/canonical_drug_formulations.csv","Pharmaceutical formulation included in canonical event definition."
"Penicillins","Infections - Agents for Systemic Use","Penicillins","Penicillins","Amoxicillin",107203,"Penicillins.qs","Code/00_inputs/canonical_drug_formulations.csv","Pharmaceutical formulation included in canonical event definition."
"Penicillins","Infections - Agents for Systemic Use","Penicillins","Penicillins","Amoxicillin",107204,"Penicillins.qs","Code/00_inputs/canonical_drug_formulations.csv","Pharmaceutical formulation included in canonical event definition."
"Penicillins","Infections - Agents for Systemic Use","Penicillins","Penicillins","Amoxicillin",107205,"Penicillins.qs","Code/00_inputs/canonical_drug_formulations.csv","Pharmaceutical formulation included in canonical event definition."
"Penicillins","Infections - Agents for Systemic Use","Penicillins","Penicillins","Amoxicillin",107206,"Penicillins.qs","Code/00_inputs/canonical_drug_formulations.csv","Pharmaceutical formulation included in canonical event definition."
"Penicillins","Infections - Agents for Systemic Use","Penicillins","Penicillins","Amoxicillin",107207,"Penicillins.qs","Code/00_inputs/canonical_drug_formulations.csv","Pharmaceutical formulation included in canonical event definition."
"Penicillins","Infections - Agents for Systemic Use","Penicillins","Penicillins","Amoxicillin",107208,"Penicillins.qs","Code/00_inputs/canonical_drug_formulations.csv","Pharmaceutical formulation included in canonical event definition."
"Penicillins","Infections - Agents for Systemic Use","Penicillins","Penicillins","Amoxicillin",107209,"Penicillins.qs","Code/00_inputs/canonical_drug_formulations.csv","Pharmaceutical formulation included in canonical event definition."
"Penicillins","Infections - Agents for Systemic Use","Penicillins","Penicillins","Amoxicillin",107210,"Penicillins.qs","Code/00_inputs/canonical_drug_formulations.csv","Pharmaceutical formulation included in canonical event definition."
"Penicillins","Infections - Agents for Systemic Use","Penicillins","Penicillins","Amoxicillin with clavulanic acid",107001,"Penicillins.qs","Code/00_inputs/canonical_drug_formulations.csv","Pharmaceutical formulation included in canonical event definition."
"Penicillins","Infections - Agents for Systemic Use","Penicillins","Penicillins","Amoxicillin with clavulanic acid",107002,"Penicillins.qs","Code/00_inputs/canonical_drug_formulations.csv","Pharmaceutical formulation included in canonical event definition."
"Penicillins","Infections - Agents for Systemic Use","Penicillins","Penicillins","Amoxicillin with clavulanic acid",107003,"Penicillins.qs","Code/00_inputs/canonical_drug_formulations.csv","Pharmaceutical formulation included in canonical event definition."
"Penicillins","Infections - Agents for Systemic Use","Penicillins","Penicillins","Amoxicillin with clavulanic acid",107004,"Penicillins.qs","Code/00_inputs/canonical_drug_formulations.csv","Pharmaceutical formulation included in canonical event definition."
"Penicillins","Infections - Agents for Systemic Use","Penicillins","Penicillins","Amoxycillin Clavulanate",107005,"Penicillins.qs","Code/00_inputs/canonical_drug_formulations.csv","Pharmaceutical formulation included in canonical event definition."
"Penicillins","Infections - Agents for Systemic Use","Penicillins","Penicillins","Benzathine benzylpenicillin",112001,"Penicillins.qs","Code/00_inputs/canonical_drug_formulations.csv","Pharmaceutical formulation included in canonical event definition."
"Penicillins","Infections - Agents for Systemic Use","Penicillins","Penicillins","Benzathine benzylpenicillin",112002,"Penicillins.qs","Code/00_inputs/canonical_drug_formulations.csv","Pharmaceutical formulation included in canonical event definition."
"Penicillins","Infections - Agents for Systemic Use","Penicillins","Penicillins","Benzathine benzylpenicillin",112025,"Penicillins.qs","Code/00_inputs/canonical_drug_formulations.csv","Pharmaceutical formulation included in canonical event definition."
"Penicillins","Infections - Agents for Systemic Use","Penicillins","Penicillins","Benzylpenicillin sodium [Penicillin G]",113601,"Penicillins.qs","Code/00_inputs/canonical_drug_formulations.csv","Pharmaceutical formulation included in canonical event definition."
"Penicillins","Infections - Agents for Systemic Use","Penicillins","Penicillins","Dicloxacillin",112401,"Penicillins.qs","Code/00_inputs/canonical_drug_formulations.csv","Pharmaceutical formulation included in canonical event definition."
"Penicillins","Infections - Agents for Systemic Use","Penicillins","Penicillins","Dicloxacillin",112402,"Penicillins.qs","Code/00_inputs/canonical_drug_formulations.csv","Pharmaceutical formulation included in canonical event definition."
"Penicillins","Infections - Agents for Systemic Use","Penicillins","Penicillins","Dicloxacillin",112403,"Penicillins.qs","Code/00_inputs/canonical_drug_formulations.csv","Pharmaceutical formulation included in canonical event definition."
"Penicillins","Infections - Agents for Systemic Use","Penicillins","Penicillins","Dicloxacillin",112404,"Penicillins.qs","Code/00_inputs/canonical_drug_formulations.csv","Pharmaceutical formulation included in canonical event definition."
"Penicillins","Infections - Agents for Systemic Use","Penicillins","Penicillins","Dicloxacillin",112405,"Penicillins.qs","Code/00_inputs/canonical_drug_formulations.csv","Pharmaceutical formulation included in canonical event definition."
"Penicillins","Infections - Agents for Systemic Use","Penicillins","Penicillins","Dicloxacillin",112406,"Penicillins.qs","Code/00_inputs/canonical_drug_formulations.csv","Pharmaceutical formulation included in canonical event definition."
"Penicillins","Infections - Agents for Systemic Use","Penicillins","Penicillins","Flucloxacillin",151201,"Penicillins.qs","Code/00_inputs/canonical_drug_formulations.csv","Pharmaceutical formulation included in canonical event definition."
"Penicillins","Infections - Agents for Systemic Use","Penicillins","Penicillins","Flucloxacillin",151202,"Penicillins.qs","Code/00_inputs/canonical_drug_formulations.csv","Pharmaceutical formulation included in canonical event definition."
"Penicillins","Infections - Agents for Systemic Use","Penicillins","Penicillins","Flucloxacillin",151203,"Penicillins.qs","Code/00_inputs/canonical_drug_formulations.csv","Pharmaceutical formulation included in canonical event definition."
"Penicillins","Infections - Agents for Systemic Use","Penicillins","Penicillins","Flucloxacillin",151204,"Penicillins.qs","Code/00_inputs/canonical_drug_formulations.csv","Pharmaceutical formulation included in canonical event definition."
"Penicillins","Infections - Agents for Systemic Use","Penicillins","Penicillins","Flucloxacillin",151205,"Penicillins.qs","Code/00_inputs/canonical_drug_formulations.csv","Pharmaceutical formulation included in canonical event definition."
"Penicillins","Infections - Agents for Systemic Use","Penicillins","Penicillins","Flucloxacillin",151206,"Penicillins.qs","Code/00_inputs/canonical_drug_formulations.csv","Pharmaceutical formulation included in canonical event definition."
"Penicillins","Infections - Agents for Systemic Use","Penicillins","Penicillins","Flucloxacillin",151207,"Penicillins.qs","Code/00_inputs/canonical_drug_formulations.csv","Pharmaceutical formulation included in canonical event definition."
"Penicillins","Infections - Agents for Systemic Use","Penicillins","Penicillins","Flucloxacillin magnesium",151101,"Penicillins.qs","Code/00_inputs/canonical_drug_formulations.csv","Pharmaceutical formulation included in canonical event definition."
"Penicillins","Infections - Agents for Systemic Use","Penicillins","Penicillins","Flucloxacillin magnesium",151102,"Penicillins.qs","Code/00_inputs/canonical_drug_formulations.csv","Pharmaceutical formulation included in canonical event definition."
"Penicillins","Infections - Agents for Systemic Use","Penicillins","Penicillins","Penicillin G benzathine [Benzathine benzylpenicillin]",398825,"Penicillins.qs","Code/00_inputs/canonical_drug_formulations.csv","Pharmaceutical formulation included in canonical event definition."
"Penicillins","Infections - Agents for Systemic Use","Penicillins","Penicillins","Phenoxymethylpenicillin (Penicillin V)",197001,"Penicillins.qs","Code/00_inputs/canonical_drug_formulations.csv","Pharmaceutical formulation included in canonical event definition."
"Penicillins","Infections - Agents for Systemic Use","Penicillins","Penicillins","Phenoxymethylpenicillin (Penicillin V)",197002,"Penicillins.qs","Code/00_inputs/canonical_drug_formulations.csv","Pharmaceutical formulation included in canonical event definition."
"Penicillins","Infections - Agents for Systemic Use","Penicillins","Penicillins","Phenoxymethylpenicillin (Penicillin V)",197003,"Penicillins.qs","Code/00_inputs/canonical_drug_formulations.csv","Pharmaceutical formulation included in canonical event definition."
"Penicillins","Infections - Agents for Systemic Use","Penicillins","Penicillins","Phenoxymethylpenicillin (Penicillin V)",197004,"Penicillins.qs","Code/00_inputs/canonical_drug_formulations.csv","Pharmaceutical formulation included in canonical event definition."
"Penicillins","Infections - Agents for Systemic Use","Penicillins","Penicillins","Phenoxymethylpenicillin (Penicillin V)",197025,"Penicillins.qs","Code/00_inputs/canonical_drug_formulations.csv","Pharmaceutical formulation included in canonical event definition."
"Penicillins","Infections - Agents for Systemic Use","Penicillins","Penicillins","Phenoxymethylpenicillin (Penicillin V)",197026,"Penicillins.qs","Code/00_inputs/canonical_drug_formulations.csv","Pharmaceutical formulation included in canonical event definition."
"Penicillins","Infections - Agents for Systemic Use","Penicillins","Penicillins","Phenoxymethylpenicillin (Penicillin V)",197027,"Penicillins.qs","Code/00_inputs/canonical_drug_formulations.csv","Pharmaceutical formulation included in canonical event definition."
"Penicillins","Infections - Agents for Systemic Use","Penicillins","Penicillins","Phenoxymethylpenicillin (Penicillin V)",197028,"Penicillins.qs","Code/00_inputs/canonical_drug_formulations.csv","Pharmaceutical formulation included in canonical event definition."
"Penicillins","Infections - Agents for Systemic Use","Penicillins","Penicillins","Piperacillin",885701,"Penicillins.qs","Code/00_inputs/canonical_drug_formulations.csv","Pharmaceutical formulation included in canonical event definition."
"Penicillins","Infections - Agents for Systemic Use","Penicillins","Penicillins","Piperacillin",885702,"Penicillins.qs","Code/00_inputs/canonical_drug_formulations.csv","Pharmaceutical formulation included in canonical event definition."
"Penicillins","Infections - Agents for Systemic Use","Penicillins","Penicillins","Pivampicillin",199801,"Penicillins.qs","Code/00_inputs/canonical_drug_formulations.csv","Pharmaceutical formulation included in canonical event definition."
"Penicillins","Infections - Agents for Systemic Use","Penicillins","Penicillins","Pivmecillinam Hydrochloride",199901,"Penicillins.qs","Code/00_inputs/canonical_drug_formulations.csv","Pharmaceutical formulation included in canonical event definition."
"Penicillins","Infections - Agents for Systemic Use","Penicillins","Penicillins","Procaine penicillin",204601,"Penicillins.qs","Code/00_inputs/canonical_drug_formulations.csv","Pharmaceutical formulation included in canonical event definition."
"Penicillins","Infections - Agents for Systemic Use","Penicillins","Penicillins","Procaine penicillin",204602,"Penicillins.qs","Code/00_inputs/canonical_drug_formulations.csv","Pharmaceutical formulation included in canonical event definition."
"Penicillins","Infections - Agents for Systemic Use","Penicillins","Penicillins","Ticarcillin",885601,"Penicillins.qs","Code/00_inputs/canonical_drug_formulations.csv","Pharmaceutical formulation included in canonical event definition."
"Penicillins","Infections - Agents for Systemic Use","Penicillins","Penicillins","Ticarcillin",885602,"Penicillins.qs","Code/00_inputs/canonical_drug_formulations.csv","Pharmaceutical formulation included in canonical event definition."
"Tetracyclines","Infections - Agents for Systemic Use","Tetracyclines","Tetracyclines","Demeclocycline hydrochloride",242301,"Tetracyclines.qs","Code/00_inputs/canonical_drug_formulations.csv","Pharmaceutical formulation included in canonical event definition."
"Tetracyclines","Infections - Agents for Systemic Use","Tetracyclines","Tetracyclines","Doxycycline",252901,"Tetracyclines.qs","Code/00_inputs/canonical_drug_formulations.csv","Pharmaceutical formulation included in canonical event definition."
"Tetracyclines","Infections - Agents for Systemic Use","Tetracyclines","Tetracyclines","Doxycycline",252903,"Tetracyclines.qs","Code/00_inputs/canonical_drug_formulations.csv","Pharmaceutical formulation included in canonical event definition."
"Tetracyclines","Infections - Agents for Systemic Use","Tetracyclines","Tetracyclines","Doxycycline",252904,"Tetracyclines.qs","Code/00_inputs/canonical_drug_formulations.csv","Pharmaceutical formulation included in canonical event definition."
"Tetracyclines","Infections - Agents for Systemic Use","Tetracyclines","Tetracyclines","Lymecycline",173301,"Tetracyclines.qs","Code/00_inputs/canonical_drug_formulations.csv","Pharmaceutical formulation included in canonical event definition."
"Tetracyclines","Infections - Agents for Systemic Use","Tetracyclines","Tetracyclines","Minocycline hydrochloride",182801,"Tetracyclines.qs","Code/00_inputs/canonical_drug_formulations.csv","Pharmaceutical formulation included in canonical event definition."
"Tetracyclines","Infections - Agents for Systemic Use","Tetracyclines","Tetracyclines","Minocycline hydrochloride",182802,"Tetracyclines.qs","Code/00_inputs/canonical_drug_formulations.csv","Pharmaceutical formulation included in canonical event definition."
"Tetracyclines","Infections - Agents for Systemic Use","Tetracyclines","Tetracyclines","Rolitetracycline",209001,"Tetracyclines.qs","Code/00_inputs/canonical_drug_formulations.csv","Pharmaceutical formulation included in canonical event definition."
"Tetracyclines","Infections - Agents for Systemic Use","Tetracyclines","Tetracyclines","Tetracycline",399925,"Tetracyclines.qs","Code/00_inputs/canonical_drug_formulations.csv","Pharmaceutical formulation included in canonical event definition."
"Tetracyclines","Infections - Agents for Systemic Use","Tetracyclines","Tetracyclines","Tetracycline",399926,"Tetracyclines.qs","Code/00_inputs/canonical_drug_formulations.csv","Pharmaceutical formulation included in canonical event definition."
"Tetracyclines","Infections - Agents for Systemic Use","Tetracyclines","Tetracyclines","Tetracycline hydrochloride",224101,"Tetracyclines.qs","Code/00_inputs/canonical_drug_formulations.csv","Pharmaceutical formulation included in canonical event definition."
"Thyroid and Antithyroid Agents","Hormone Preparations - Systemic Excluding Contraceptive Hormones","Thyroid and Antithyroid Agents","Thyroid and Antithyroid Agents","Carbimazole",122101,"Thyroid and Antithyroid Agents.qs","Code/00_inputs/canonical_drug_formulations.csv","Pharmaceutical formulation included in canonical event definition."
"Thyroid and Antithyroid Agents","Hormone Preparations - Systemic Excluding Contraceptive Hormones","Thyroid and Antithyroid Agents","Thyroid and Antithyroid Agents","Levothyroxine",226301,"Thyroid and Antithyroid Agents.qs","Code/00_inputs/canonical_drug_formulations.csv","Pharmaceutical formulation included in canonical event definition."
"Thyroid and Antithyroid Agents","Hormone Preparations - Systemic Excluding Contraceptive Hormones","Thyroid and Antithyroid Agents","Thyroid and Antithyroid Agents","Levothyroxine",226302,"Thyroid and Antithyroid Agents.qs","Code/00_inputs/canonical_drug_formulations.csv","Pharmaceutical formulation included in canonical event definition."
"Thyroid and Antithyroid Agents","Hormone Preparations - Systemic Excluding Contraceptive Hormones","Thyroid and Antithyroid Agents","Thyroid and Antithyroid Agents","Levothyroxine",226325,"Thyroid and Antithyroid Agents.qs","Code/00_inputs/canonical_drug_formulations.csv","Pharmaceutical formulation included in canonical event definition."
"Thyroid and Antithyroid Agents","Hormone Preparations - Systemic Excluding Contraceptive Hormones","Thyroid and Antithyroid Agents","Thyroid and Antithyroid Agents","Levothyroxine (mercury pharma)",226401,"Thyroid and Antithyroid Agents.qs","Code/00_inputs/canonical_drug_formulations.csv","Pharmaceutical formulation included in canonical event definition."
"Thyroid and Antithyroid Agents","Hormone Preparations - Systemic Excluding Contraceptive Hormones","Thyroid and Antithyroid Agents","Thyroid and Antithyroid Agents","Levothyroxine (mercury pharma)",226402,"Thyroid and Antithyroid Agents.qs","Code/00_inputs/canonical_drug_formulations.csv","Pharmaceutical formulation included in canonical event definition."
"Thyroid and Antithyroid Agents","Hormone Preparations - Systemic Excluding Contraceptive Hormones","Thyroid and Antithyroid Agents","Thyroid and Antithyroid Agents","Levothyroxine (mercury pharma)",226425,"Thyroid and Antithyroid Agents.qs","Code/00_inputs/canonical_drug_formulations.csv","Pharmaceutical formulation included in canonical event definition."
"Thyroid and Antithyroid Agents","Hormone Preparations - Systemic Excluding Contraceptive Hormones","Thyroid and Antithyroid Agents","Thyroid and Antithyroid Agents","Liothyronine",172101,"Thyroid and Antithyroid Agents.qs","Code/00_inputs/canonical_drug_formulations.csv","Pharmaceutical formulation included in canonical event definition."
"Thyroid and Antithyroid Agents","Hormone Preparations - Systemic Excluding Contraceptive Hormones","Thyroid and Antithyroid Agents","Thyroid and Antithyroid Agents","Methimazole",376025,"Thyroid and Antithyroid Agents.qs","Code/00_inputs/canonical_drug_formulations.csv","Pharmaceutical formulation included in canonical event definition."
"Thyroid and Antithyroid Agents","Hormone Preparations - Systemic Excluding Contraceptive Hormones","Thyroid and Antithyroid Agents","Thyroid and Antithyroid Agents","Propylthiouracil",206201,"Thyroid and Antithyroid Agents.qs","Code/00_inputs/canonical_drug_formulations.csv","Pharmaceutical formulation included in canonical event definition."
"Treatments for Dementia","Nervous System","Treatments for Dementia","Treatments for Dementia","Donepezil hydrochloride",392325,"Treatments for Dementia.qs","Code/00_inputs/canonical_drug_formulations.csv","Pharmaceutical formulation included in canonical event definition."
"Treatments for Dementia","Nervous System","Treatments for Dementia","Treatments for Dementia","Donepezil hydrochloride",392326,"Treatments for Dementia.qs","Code/00_inputs/canonical_drug_formulations.csv","Pharmaceutical formulation included in canonical event definition."
"Treatments for Dementia","Nervous System","Treatments for Dementia","Treatments for Dementia","Rivastigmine",403725,"Treatments for Dementia.qs","Code/00_inputs/canonical_drug_formulations.csv","Pharmaceutical formulation included in canonical event definition."
"Treatments for Dementia","Nervous System","Treatments for Dementia","Treatments for Dementia","Rivastigmine",403726,"Treatments for Dementia.qs","Code/00_inputs/canonical_drug_formulations.csv","Pharmaceutical formulation included in canonical event definition."
"Vitamins","Alimentary Tract and Metabolism","Vitamins","Vitamin D","Alfacalcidol",102001,"Vitamins.qs","Code/00_inputs/canonical_drug_formulations.csv","Pharmaceutical formulation included in canonical event definition."
"Vitamins","Alimentary Tract and Metabolism","Vitamins","Vitamin D","Alfacalcidol",102002,"Vitamins.qs","Code/00_inputs/canonical_drug_formulations.csv","Pharmaceutical formulation included in canonical event definition."
"Vitamins","Alimentary Tract and Metabolism","Vitamins","Vitamin D","Alfacalcidol",102003,"Vitamins.qs","Code/00_inputs/canonical_drug_formulations.csv","Pharmaceutical formulation included in canonical event definition."
"Vitamins","Alimentary Tract and Metabolism","Vitamins","Vitamin E","Alpha tocopheryl acetate",241305,"Vitamins.qs","Code/00_inputs/canonical_drug_formulations.csv","Pharmaceutical formulation included in canonical event definition."
"Vitamins","Alimentary Tract and Metabolism","Vitamins","Vitamin E","Alpha tocopheryl acetate",241306,"Vitamins.qs","Code/00_inputs/canonical_drug_formulations.csv","Pharmaceutical formulation included in canonical event definition."
"Vitamins","Alimentary Tract and Metabolism","Vitamins","Vitamin C","Ascorbic acid",108401,"Vitamins.qs","Code/00_inputs/canonical_drug_formulations.csv","Pharmaceutical formulation included in canonical event definition."
"Vitamins","Alimentary Tract and Metabolism","Vitamins","Vitamin C","Ascorbic acid",108402,"Vitamins.qs","Code/00_inputs/canonical_drug_formulations.csv","Pharmaceutical formulation included in canonical event definition."
"Vitamins","Alimentary Tract and Metabolism","Vitamins","Vitamin C","Ascorbic acid",108425,"Vitamins.qs","Code/00_inputs/canonical_drug_formulations.csv","Pharmaceutical formulation included in canonical event definition."
"Vitamins","Alimentary Tract and Metabolism","Vitamins","Vitamin C","Ascorbic acid and sodium ascorbate",373725,"Vitamins.qs","Code/00_inputs/canonical_drug_formulations.csv","Pharmaceutical formulation included in canonical event definition."
"Vitamins","Alimentary Tract and Metabolism","Vitamins","Vitamin A","Beta-Carotene",252601,"Vitamins.qs","Code/00_inputs/canonical_drug_formulations.csv","Pharmaceutical formulation included in canonical event definition."
"Vitamins","Alimentary Tract and Metabolism","Vitamins","Vitamin B","Biotin",630201,"Vitamins.qs","Code/00_inputs/canonical_drug_formulations.csv","Pharmaceutical formulation included in canonical event definition."
"Vitamins","Alimentary Tract and Metabolism","Vitamins","Vitamin B","Biotin",630225,"Vitamins.qs","Code/00_inputs/canonical_drug_formulations.csv","Pharmaceutical formulation included in canonical event definition."
"Vitamins","Alimentary Tract and Metabolism","Vitamins","Vitamin D","Calcitriol",118901,"Vitamins.qs","Code/00_inputs/canonical_drug_formulations.csv","Pharmaceutical formulation included in canonical event definition."
"Vitamins","Alimentary Tract and Metabolism","Vitamins","Vitamin D","Calcitriol",118902,"Vitamins.qs","Code/00_inputs/canonical_drug_formulations.csv","Pharmaceutical formulation included in canonical event definition."
"Vitamins","Alimentary Tract and Metabolism","Vitamins","Vitamin D","Calcitriol",118903,"Vitamins.qs","Code/00_inputs/canonical_drug_formulations.csv","Pharmaceutical formulation included in canonical event definition."
"Vitamins","Alimentary Tract and Metabolism","Vitamins","Vitamin D","Colecalciferol",118701,"Vitamins.qs","Code/00_inputs/canonical_drug_formulations.csv","Pharmaceutical formulation included in canonical event definition."
"Vitamins","Alimentary Tract and Metabolism","Vitamins","Vitamin D","Colecalciferol",118725,"Vitamins.qs","Code/00_inputs/canonical_drug_formulations.csv","Pharmaceutical formulation included in canonical event definition."
"Vitamins","Alimentary Tract and Metabolism","Vitamins","Vitamin D","Colecalciferol",118726,"Vitamins.qs","Code/00_inputs/canonical_drug_formulations.csv","Pharmaceutical formulation included in canonical event definition."
"Vitamins","Alimentary Tract and Metabolism","Vitamins","Vitamin B","Hydroxocobalamin",162401,"Vitamins.qs","Code/00_inputs/canonical_drug_formulations.csv","Pharmaceutical formulation included in canonical event definition."
"Vitamins","Alimentary Tract and Metabolism","Vitamins","Multivitamin Preparations","Multivitamin renal",404925,"Vitamins.qs","Code/00_inputs/canonical_drug_formulations.csv","Pharmaceutical formulation included in canonical event definition."
"Vitamins","Alimentary Tract and Metabolism","Vitamins","Multivitamin Preparations","Multivitamins",292601,"Vitamins.qs","Code/00_inputs/canonical_drug_formulations.csv","Pharmaceutical formulation included in canonical event definition."
"Vitamins","Alimentary Tract and Metabolism","Vitamins","Multivitamin Preparations","Multivitamins",292602,"Vitamins.qs","Code/00_inputs/canonical_drug_formulations.csv","Pharmaceutical formulation included in canonical event definition."
"Vitamins","Alimentary Tract and Metabolism","Vitamins","Multivitamin Preparations","Multivitamins",292603,"Vitamins.qs","Code/00_inputs/canonical_drug_formulations.csv","Pharmaceutical formulation included in canonical event definition."
"Vitamins","Alimentary Tract and Metabolism","Vitamins","Vitamin B","Nicotinamide",186001,"Vitamins.qs","Code/00_inputs/canonical_drug_formulations.csv","Pharmaceutical formulation included in canonical event definition."
"Vitamins","Alimentary Tract and Metabolism","Vitamins","Vitamin B","Nicotinamide",186002,"Vitamins.qs","Code/00_inputs/canonical_drug_formulations.csv","Pharmaceutical formulation included in canonical event definition."
"Vitamins","Alimentary Tract and Metabolism","Vitamins","Vitamin B","Pyridoxine hydrochloride",207101,"Vitamins.qs","Code/00_inputs/canonical_drug_formulations.csv","Pharmaceutical formulation included in canonical event definition."
"Vitamins","Alimentary Tract and Metabolism","Vitamins","Vitamin B","Pyridoxine hydrochloride",207102,"Vitamins.qs","Code/00_inputs/canonical_drug_formulations.csv","Pharmaceutical formulation included in canonical event definition."
"Vitamins","Alimentary Tract and Metabolism","Vitamins","Vitamin B","Pyridoxine hydrochloride",207103,"Vitamins.qs","Code/00_inputs/canonical_drug_formulations.csv","Pharmaceutical formulation included in canonical event definition."
"Vitamins","Alimentary Tract and Metabolism","Vitamins","Vitamin B","Pyridoxine hydrochloride",207104,"Vitamins.qs","Code/00_inputs/canonical_drug_formulations.csv","Pharmaceutical formulation included in canonical event definition."
"Vitamins","Alimentary Tract and Metabolism","Vitamins","Vitamin B","Riboflavine",208701,"Vitamins.qs","Code/00_inputs/canonical_drug_formulations.csv","Pharmaceutical formulation included in canonical event definition."
"Vitamins","Alimentary Tract and Metabolism","Vitamins","Vitamin B","Riboflavine",208725,"Vitamins.qs","Code/00_inputs/canonical_drug_formulations.csv","Pharmaceutical formulation included in canonical event definition."
"Vitamins","Alimentary Tract and Metabolism","Vitamins","Vitamin B","Thiamine hydrochloride",225001,"Vitamins.qs","Code/00_inputs/canonical_drug_formulations.csv","Pharmaceutical formulation included in canonical event definition."
"Vitamins","Alimentary Tract and Metabolism","Vitamins","Vitamin B","Thiamine hydrochloride",225002,"Vitamins.qs","Code/00_inputs/canonical_drug_formulations.csv","Pharmaceutical formulation included in canonical event definition."
"Vitamins","Alimentary Tract and Metabolism","Vitamins","Vitamin B","Thiamine hydrochloride",225003,"Vitamins.qs","Code/00_inputs/canonical_drug_formulations.csv","Pharmaceutical formulation included in canonical event definition."
"Vitamins","Alimentary Tract and Metabolism","Vitamins","Vitamin A","Vitamin A Acetate",232125,"Vitamins.qs","Code/00_inputs/canonical_drug_formulations.csv","Pharmaceutical formulation included in canonical event definition."
"Vitamins","Alimentary Tract and Metabolism","Vitamins","Vitamin A","Vitamin A acetate",232101,"Vitamins.qs","Code/00_inputs/canonical_drug_formulations.csv","Pharmaceutical formulation included in canonical event definition."
"Vitamins","Alimentary Tract and Metabolism","Vitamins","Vitamin A","Vitamin A with vitamin D",630101,"Vitamins.qs","Code/00_inputs/canonical_drug_formulations.csv","Pharmaceutical formulation included in canonical event definition."
"Vitamins","Alimentary Tract and Metabolism","Vitamins","Vitamin A","Vitamin A with vitamins D and C",232201,"Vitamins.qs","Code/00_inputs/canonical_drug_formulations.csv","Pharmaceutical formulation included in canonical event definition."
"Vitamins","Alimentary Tract and Metabolism","Vitamins","Vitamin B","Vitamin B complex",232801,"Vitamins.qs","Code/00_inputs/canonical_drug_formulations.csv","Pharmaceutical formulation included in canonical event definition."
"Vitamins","Alimentary Tract and Metabolism","Vitamins","Vitamin B","Vitamin B complex",232802,"Vitamins.qs","Code/00_inputs/canonical_drug_formulations.csv","Pharmaceutical formulation included in canonical event definition."
"Vitamins","Alimentary Tract and Metabolism","Vitamins","Multivitamin Preparations","Vitamins",233001,"Vitamins.qs","Code/00_inputs/canonical_drug_formulations.csv","Pharmaceutical formulation included in canonical event definition."
"Vitamins","Alimentary Tract and Metabolism","Vitamins","Multivitamin Preparations","Vitamins",233002,"Vitamins.qs","Code/00_inputs/canonical_drug_formulations.csv","Pharmaceutical formulation included in canonical event definition."
"Vitamins","Alimentary Tract and Metabolism","Vitamins","Multivitamin Preparations","Vitamins",233025,"Vitamins.qs","Code/00_inputs/canonical_drug_formulations.csv","Pharmaceutical formulation included in canonical event definition."
"Zoster_drug","Zoster_custom","Zoster","Zoster_custom","Aciclovir",248305,"Zoster_drug.qs","Code/00_inputs/canonical_drug_formulations.csv","Pharmaceutical formulation included in canonical event definition."
"Zoster_drug","Zoster_custom","Zoster","Zoster_custom","Aciclovir",248308,"Zoster_drug.qs","Code/00_inputs/canonical_drug_formulations.csv","Pharmaceutical formulation included in canonical event definition."
