"EVENT","CODE","CODETYPE","DESCRIPTION","output_event","source_file","source_note"
"age_related_hearing_loss","H910","ICD10","","age_related_hearing_loss","Code/00_inputs/canonical_icd_codes.csv","Hospital diagnosis code included in canonical event definition."
"age_related_hearing_loss","H911","ICD10","","age_related_hearing_loss","Code/00_inputs/canonical_icd_codes.csv","Hospital diagnosis code included in canonical event definition."
"age_related_hearing_loss","H912","ICD10","","age_related_hearing_loss","Code/00_inputs/canonical_icd_codes.csv","Hospital diagnosis code included in canonical event definition."
"age_related_hearing_loss","H913","ICD10","","age_related_hearing_loss","Code/00_inputs/canonical_icd_codes.csv","Hospital diagnosis code included in canonical event definition."
"age_related_hearing_loss","H918","ICD10","","age_related_hearing_loss","Code/00_inputs/canonical_icd_codes.csv","Hospital diagnosis code included in canonical event definition."
"age_related_hearing_loss","H919","ICD10","","age_related_hearing_loss","Code/00_inputs/canonical_icd_codes.csv","Hospital diagnosis code included in canonical event definition."
"alcohol","F100","ICD10","","alcohol","Code/00_inputs/canonical_icd_codes.csv","Hospital diagnosis code included in canonical event definition."
"alcohol","F101","ICD10","","alcohol","Code/00_inputs/canonical_icd_codes.csv","Hospital diagnosis code included in canonical event definition."
"alcohol","F102","ICD10","","alcohol","Code/00_inputs/canonical_icd_codes.csv","Hospital diagnosis code included in canonical event definition."
"alcohol","F103","ICD10","","alcohol","Code/00_inputs/canonical_icd_codes.csv","Hospital diagnosis code included in canonical event definition."
"alcohol","F104","ICD10","","alcohol","Code/00_inputs/canonical_icd_codes.csv","Hospital diagnosis code included in canonical event definition."
"alcohol","F105","ICD10","","alcohol","Code/00_inputs/canonical_icd_codes.csv","Hospital diagnosis code included in canonical event definition."
"alcohol","F106","ICD10","","alcohol","Code/00_inputs/canonical_icd_codes.csv","Hospital diagnosis code included in canonical event definition."
"alcohol","F107","ICD10","","alcohol","Code/00_inputs/canonical_icd_codes.csv","Hospital diagnosis code included in canonical event definition."
"alcohol","F108","ICD10","","alcohol","Code/00_inputs/canonical_icd_codes.csv","Hospital diagnosis code included in canonical event definition."
"alcohol","F109","ICD10","","alcohol","Code/00_inputs/canonical_icd_codes.csv","Hospital diagnosis code included in canonical event definition."
"alzheimers","F000","ICD10","","alzheimers","Code/00_inputs/canonical_icd_codes.csv","Hospital diagnosis code included in canonical event definition."
"alzheimers","F001","ICD10","","alzheimers","Code/00_inputs/canonical_icd_codes.csv","Hospital diagnosis code included in canonical event definition."
"alzheimers","F002","ICD10","","alzheimers","Code/00_inputs/canonical_icd_codes.csv","Hospital diagnosis code included in canonical event definition."
"alzheimers","F009","ICD10","","alzheimers","Code/00_inputs/canonical_icd_codes.csv","Hospital diagnosis code included in canonical event definition."
"alzheimers","G301","ICD10","","alzheimers","Code/00_inputs/canonical_icd_codes.csv","Hospital diagnosis code included in canonical event definition."
"alzheimers","G308","ICD10","","alzheimers","Code/00_inputs/canonical_icd_codes.csv","Hospital diagnosis code included in canonical event definition."
"alzheimers","G309","ICD10","","alzheimers","Code/00_inputs/canonical_icd_codes.csv","Hospital diagnosis code included in canonical event definition."
"anxiety","F410","ICD10","","anxiety","Code/00_inputs/canonical_icd_codes.csv","Hospital diagnosis code included in canonical event definition."
"anxiety","F4100","ICD10","","anxiety","Code/00_inputs/canonical_icd_codes.csv","Hospital diagnosis code included in canonical event definition."
"anxiety","F411","ICD10","","anxiety","Code/00_inputs/canonical_icd_codes.csv","Hospital diagnosis code included in canonical event definition."
"anxiety","F4110","ICD10","","anxiety","Code/00_inputs/canonical_icd_codes.csv","Hospital diagnosis code included in canonical event definition."
"anxiety","F413","ICD10","","anxiety","Code/00_inputs/canonical_icd_codes.csv","Hospital diagnosis code included in canonical event definition."
"anxiety","F4130","ICD10","","anxiety","Code/00_inputs/canonical_icd_codes.csv","Hospital diagnosis code included in canonical event definition."
"anxiety","F418","ICD10","","anxiety","Code/00_inputs/canonical_icd_codes.csv","Hospital diagnosis code included in canonical event definition."
"anxiety","F4180","ICD10","","anxiety","Code/00_inputs/canonical_icd_codes.csv","Hospital diagnosis code included in canonical event definition."
"anxiety","F419","ICD10","","anxiety","Code/00_inputs/canonical_icd_codes.csv","Hospital diagnosis code included in canonical event definition."
"anxiety","F4190","ICD10","","anxiety","Code/00_inputs/canonical_icd_codes.csv","Hospital diagnosis code included in canonical event definition."
"aortic_aneurysm","I7100","ICD10","","aortic_aneurysm","Code/00_inputs/canonical_icd_codes.csv","Hospital diagnosis code included in canonical event definition."
"aortic_aneurysm","I7101","ICD10","","aortic_aneurysm","Code/00_inputs/canonical_icd_codes.csv","Hospital diagnosis code included in canonical event definition."
"aortic_aneurysm","I7102","ICD10","","aortic_aneurysm","Code/00_inputs/canonical_icd_codes.csv","Hospital diagnosis code included in canonical event definition."
"aortic_aneurysm","I7103","ICD10","","aortic_aneurysm","Code/00_inputs/canonical_icd_codes.csv","Hospital diagnosis code included in canonical event definition."
"aortic_aneurysm","I711","ICD10","","aortic_aneurysm","Code/00_inputs/canonical_icd_codes.csv","Hospital diagnosis code included in canonical event definition."
"aortic_aneurysm","I712","ICD10","","aortic_aneurysm","Code/00_inputs/canonical_icd_codes.csv","Hospital diagnosis code included in canonical event definition."
"aortic_aneurysm","I713","ICD10","","aortic_aneurysm","Code/00_inputs/canonical_icd_codes.csv","Hospital diagnosis code included in canonical event definition."
"aortic_aneurysm","I714","ICD10","","aortic_aneurysm","Code/00_inputs/canonical_icd_codes.csv","Hospital diagnosis code included in canonical event definition."
"aortic_aneurysm","I715","ICD10","","aortic_aneurysm","Code/00_inputs/canonical_icd_codes.csv","Hospital diagnosis code included in canonical event definition."
"aortic_aneurysm","I716","ICD10","","aortic_aneurysm","Code/00_inputs/canonical_icd_codes.csv","Hospital diagnosis code included in canonical event definition."
"aortic_aneurysm","I718","ICD10","","aortic_aneurysm","Code/00_inputs/canonical_icd_codes.csv","Hospital diagnosis code included in canonical event definition."
"aortic_aneurysm","I719","ICD10","","aortic_aneurysm","Code/00_inputs/canonical_icd_codes.csv","Hospital diagnosis code included in canonical event definition."
"ATF","I48","ICD10","","ATF","Code/00_inputs/canonical_icd_codes.csv","Hospital diagnosis code included in canonical event definition."
"ATF","I480","ICD10","","ATF","Code/00_inputs/canonical_icd_codes.csv","Hospital diagnosis code included in canonical event definition."
"ATF","I4800","ICD10","","ATF","Code/00_inputs/canonical_icd_codes.csv","Hospital diagnosis code included in canonical event definition."
"bacterial_infection","A000","ICD10","","bacterial_infection","Code/00_inputs/canonical_icd_codes.csv","Hospital diagnosis code included in canonical event definition."
"bacterial_infection","A0000","ICD10","","bacterial_infection","Code/00_inputs/canonical_icd_codes.csv","Hospital diagnosis code included in canonical event definition."
"bacterial_infection","A001","ICD10","","bacterial_infection","Code/00_inputs/canonical_icd_codes.csv","Hospital diagnosis code included in canonical event definition."
"bacterial_infection","A0010","ICD10","","bacterial_infection","Code/00_inputs/canonical_icd_codes.csv","Hospital diagnosis code included in canonical event definition."
"bacterial_infection","A009","ICD10","","bacterial_infection","Code/00_inputs/canonical_icd_codes.csv","Hospital diagnosis code included in canonical event definition."
"bacterial_infection","A0090","ICD10","","bacterial_infection","Code/00_inputs/canonical_icd_codes.csv","Hospital diagnosis code included in canonical event definition."
"bacterial_infection","A010","ICD10","","bacterial_infection","Code/00_inputs/canonical_icd_codes.csv","Hospital diagnosis code included in canonical event definition."
"bacterial_infection","A0100","ICD10","","bacterial_infection","Code/00_inputs/canonical_icd_codes.csv","Hospital diagnosis code included in canonical event definition."
"bacterial_infection","A011","ICD10","","bacterial_infection","Code/00_inputs/canonical_icd_codes.csv","Hospital diagnosis code included in canonical event definition."
"bacterial_infection","A0110","ICD10","","bacterial_infection","Code/00_inputs/canonical_icd_codes.csv","Hospital diagnosis code included in canonical event definition."
"bacterial_infection","A012","ICD10","","bacterial_infection","Code/00_inputs/canonical_icd_codes.csv","Hospital diagnosis code included in canonical event definition."
"bacterial_infection","A0120","ICD10","","bacterial_infection","Code/00_inputs/canonical_icd_codes.csv","Hospital diagnosis code included in canonical event definition."
"bacterial_infection","A013","ICD10","","bacterial_infection","Code/00_inputs/canonical_icd_codes.csv","Hospital diagnosis code included in canonical event definition."
"bacterial_infection","A0130","ICD10","","bacterial_infection","Code/00_inputs/canonical_icd_codes.csv","Hospital diagnosis code included in canonical event definition."
"bacterial_infection","A014","ICD10","","bacterial_infection","Code/00_inputs/canonical_icd_codes.csv","Hospital diagnosis code included in canonical event definition."
"bacterial_infection","A0140","ICD10","","bacterial_infection","Code/00_inputs/canonical_icd_codes.csv","Hospital diagnosis code included in canonical event definition."
"bacterial_infection","A020","ICD10","","bacterial_infection","Code/00_inputs/canonical_icd_codes.csv","Hospital diagnosis code included in canonical event definition."
"bacterial_infection","A0200","ICD10","","bacterial_infection","Code/00_inputs/canonical_icd_codes.csv","Hospital diagnosis code included in canonical event definition."
"bacterial_infection","A021","ICD10","","bacterial_infection","Code/00_inputs/canonical_icd_codes.csv","Hospital diagnosis code included in canonical event definition."
"bacterial_infection","A0210","ICD10","","bacterial_infection","Code/00_inputs/canonical_icd_codes.csv","Hospital diagnosis code included in canonical event definition."
"bacterial_infection","A022","ICD10","","bacterial_infection","Code/00_inputs/canonical_icd_codes.csv","Hospital diagnosis code included in canonical event definition."
"bacterial_infection","A0220","ICD10","","bacterial_infection","Code/00_inputs/canonical_icd_codes.csv","Hospital diagnosis code included in canonical event definition."
"bacterial_infection","A028","ICD10","","bacterial_infection","Code/00_inputs/canonical_icd_codes.csv","Hospital diagnosis code included in canonical event definition."
"bacterial_infection","A0280","ICD10","","bacterial_infection","Code/00_inputs/canonical_icd_codes.csv","Hospital diagnosis code included in canonical event definition."
"bacterial_infection","A029","ICD10","","bacterial_infection","Code/00_inputs/canonical_icd_codes.csv","Hospital diagnosis code included in canonical event definition."
"bacterial_infection","A0290","ICD10","","bacterial_infection","Code/00_inputs/canonical_icd_codes.csv","Hospital diagnosis code included in canonical event definition."
"bacterial_infection","A030","ICD10","","bacterial_infection","Code/00_inputs/canonical_icd_codes.csv","Hospital diagnosis code included in canonical event definition."
"bacterial_infection","A0300","ICD10","","bacterial_infection","Code/00_inputs/canonical_icd_codes.csv","Hospital diagnosis code included in canonical event definition."
"bacterial_infection","A031","ICD10","","bacterial_infection","Code/00_inputs/canonical_icd_codes.csv","Hospital diagnosis code included in canonical event definition."
"bacterial_infection","A0310","ICD10","","bacterial_infection","Code/00_inputs/canonical_icd_codes.csv","Hospital diagnosis code included in canonical event definition."
"bacterial_infection","A032","ICD10","","bacterial_infection","Code/00_inputs/canonical_icd_codes.csv","Hospital diagnosis code included in canonical event definition."
"bacterial_infection","A0320","ICD10","","bacterial_infection","Code/00_inputs/canonical_icd_codes.csv","Hospital diagnosis code included in canonical event definition."
"bacterial_infection","A033","ICD10","","bacterial_infection","Code/00_inputs/canonical_icd_codes.csv","Hospital diagnosis code included in canonical event definition."
"bacterial_infection","A0330","ICD10","","bacterial_infection","Code/00_inputs/canonical_icd_codes.csv","Hospital diagnosis code included in canonical event definition."
"bacterial_infection","A038","ICD10","","bacterial_infection","Code/00_inputs/canonical_icd_codes.csv","Hospital diagnosis code included in canonical event definition."
"bacterial_infection","A0380","ICD10","","bacterial_infection","Code/00_inputs/canonical_icd_codes.csv","Hospital diagnosis code included in canonical event definition."
"bacterial_infection","A039","ICD10","","bacterial_infection","Code/00_inputs/canonical_icd_codes.csv","Hospital diagnosis code included in canonical event definition."
"bacterial_infection","A0390","ICD10","","bacterial_infection","Code/00_inputs/canonical_icd_codes.csv","Hospital diagnosis code included in canonical event definition."
"bacterial_infection","A050","ICD10","","bacterial_infection","Code/00_inputs/canonical_icd_codes.csv","Hospital diagnosis code included in canonical event definition."
"bacterial_infection","A0500","ICD10","","bacterial_infection","Code/00_inputs/canonical_icd_codes.csv","Hospital diagnosis code included in canonical event definition."
"bacterial_infection","A051","ICD10","","bacterial_infection","Code/00_inputs/canonical_icd_codes.csv","Hospital diagnosis code included in canonical event definition."
"bacterial_infection","A0510","ICD10","","bacterial_infection","Code/00_inputs/canonical_icd_codes.csv","Hospital diagnosis code included in canonical event definition."
"bacterial_infection","A052","ICD10","","bacterial_infection","Code/00_inputs/canonical_icd_codes.csv","Hospital diagnosis code included in canonical event definition."
"bacterial_infection","A0520","ICD10","","bacterial_infection","Code/00_inputs/canonical_icd_codes.csv","Hospital diagnosis code included in canonical event definition."
"bacterial_infection","A053","ICD10","","bacterial_infection","Code/00_inputs/canonical_icd_codes.csv","Hospital diagnosis code included in canonical event definition."
"bacterial_infection","A0530","ICD10","","bacterial_infection","Code/00_inputs/canonical_icd_codes.csv","Hospital diagnosis code included in canonical event definition."
"bacterial_infection","A058","ICD10","","bacterial_infection","Code/00_inputs/canonical_icd_codes.csv","Hospital diagnosis code included in canonical event definition."
"bacterial_infection","A0580","ICD10","","bacterial_infection","Code/00_inputs/canonical_icd_codes.csv","Hospital diagnosis code included in canonical event definition."
"bacterial_infection","A059","ICD10","","bacterial_infection","Code/00_inputs/canonical_icd_codes.csv","Hospital diagnosis code included in canonical event definition."
"bacterial_infection","A0590","ICD10","","bacterial_infection","Code/00_inputs/canonical_icd_codes.csv","Hospital diagnosis code included in canonical event definition."
"bacterial_infection","A150","ICD10","","bacterial_infection","Code/00_inputs/canonical_icd_codes.csv","Hospital diagnosis code included in canonical event definition."
"bacterial_infection","A1500","ICD10","","bacterial_infection","Code/00_inputs/canonical_icd_codes.csv","Hospital diagnosis code included in canonical event definition."
"bacterial_infection","A151","ICD10","","bacterial_infection","Code/00_inputs/canonical_icd_codes.csv","Hospital diagnosis code included in canonical event definition."
"bacterial_infection","A1510","ICD10","","bacterial_infection","Code/00_inputs/canonical_icd_codes.csv","Hospital diagnosis code included in canonical event definition."
"bacterial_infection","A152","ICD10","","bacterial_infection","Code/00_inputs/canonical_icd_codes.csv","Hospital diagnosis code included in canonical event definition."
"bacterial_infection","A1520","ICD10","","bacterial_infection","Code/00_inputs/canonical_icd_codes.csv","Hospital diagnosis code included in canonical event definition."
"bacterial_infection","A153","ICD10","","bacterial_infection","Code/00_inputs/canonical_icd_codes.csv","Hospital diagnosis code included in canonical event definition."
"bacterial_infection","A1530","ICD10","","bacterial_infection","Code/00_inputs/canonical_icd_codes.csv","Hospital diagnosis code included in canonical event definition."
"bacterial_infection","A154","ICD10","","bacterial_infection","Code/00_inputs/canonical_icd_codes.csv","Hospital diagnosis code included in canonical event definition."
"bacterial_infection","A1540","ICD10","","bacterial_infection","Code/00_inputs/canonical_icd_codes.csv","Hospital diagnosis code included in canonical event definition."
"bacterial_infection","A155","ICD10","","bacterial_infection","Code/00_inputs/canonical_icd_codes.csv","Hospital diagnosis code included in canonical event definition."
"bacterial_infection","A1550","ICD10","","bacterial_infection","Code/00_inputs/canonical_icd_codes.csv","Hospital diagnosis code included in canonical event definition."
"bacterial_infection","A156","ICD10","","bacterial_infection","Code/00_inputs/canonical_icd_codes.csv","Hospital diagnosis code included in canonical event definition."
"bacterial_infection","A1560","ICD10","","bacterial_infection","Code/00_inputs/canonical_icd_codes.csv","Hospital diagnosis code included in canonical event definition."
"bacterial_infection","A157","ICD10","","bacterial_infection","Code/00_inputs/canonical_icd_codes.csv","Hospital diagnosis code included in canonical event definition."
"bacterial_infection","A1570","ICD10","","bacterial_infection","Code/00_inputs/canonical_icd_codes.csv","Hospital diagnosis code included in canonical event definition."
"bacterial_infection","A158","ICD10","","bacterial_infection","Code/00_inputs/canonical_icd_codes.csv","Hospital diagnosis code included in canonical event definition."
"bacterial_infection","A1580","ICD10","","bacterial_infection","Code/00_inputs/canonical_icd_codes.csv","Hospital diagnosis code included in canonical event definition."
"bacterial_infection","A160","ICD10","","bacterial_infection","Code/00_inputs/canonical_icd_codes.csv","Hospital diagnosis code included in canonical event definition."
"bacterial_infection","A1600","ICD10","","bacterial_infection","Code/00_inputs/canonical_icd_codes.csv","Hospital diagnosis code included in canonical event definition."
"bacterial_infection","A161","ICD10","","bacterial_infection","Code/00_inputs/canonical_icd_codes.csv","Hospital diagnosis code included in canonical event definition."
"bacterial_infection","A1610","ICD10","","bacterial_infection","Code/00_inputs/canonical_icd_codes.csv","Hospital diagnosis code included in canonical event definition."
"bacterial_infection","A162","ICD10","","bacterial_infection","Code/00_inputs/canonical_icd_codes.csv","Hospital diagnosis code included in canonical event definition."
"bacterial_infection","A1620","ICD10","","bacterial_infection","Code/00_inputs/canonical_icd_codes.csv","Hospital diagnosis code included in canonical event definition."
"bacterial_infection","A163","ICD10","","bacterial_infection","Code/00_inputs/canonical_icd_codes.csv","Hospital diagnosis code included in canonical event definition."
"bacterial_infection","A1630","ICD10","","bacterial_infection","Code/00_inputs/canonical_icd_codes.csv","Hospital diagnosis code included in canonical event definition."
"bacterial_infection","A164","ICD10","","bacterial_infection","Code/00_inputs/canonical_icd_codes.csv","Hospital diagnosis code included in canonical event definition."
"bacterial_infection","A1640","ICD10","","bacterial_infection","Code/00_inputs/canonical_icd_codes.csv","Hospital diagnosis code included in canonical event definition."
"bacterial_infection","A165","ICD10","","bacterial_infection","Code/00_inputs/canonical_icd_codes.csv","Hospital diagnosis code included in canonical event definition."
"bacterial_infection","A1650","ICD10","","bacterial_infection","Code/00_inputs/canonical_icd_codes.csv","Hospital diagnosis code included in canonical event definition."
"bacterial_infection","A166","ICD10","","bacterial_infection","Code/00_inputs/canonical_icd_codes.csv","Hospital diagnosis code included in canonical event definition."
"bacterial_infection","A1660","ICD10","","bacterial_infection","Code/00_inputs/canonical_icd_codes.csv","Hospital diagnosis code included in canonical event definition."
"bacterial_infection","A167","ICD10","","bacterial_infection","Code/00_inputs/canonical_icd_codes.csv","Hospital diagnosis code included in canonical event definition."
"bacterial_infection","A1670","ICD10","","bacterial_infection","Code/00_inputs/canonical_icd_codes.csv","Hospital diagnosis code included in canonical event definition."
"bacterial_infection","A168","ICD10","","bacterial_infection","Code/00_inputs/canonical_icd_codes.csv","Hospital diagnosis code included in canonical event definition."
"bacterial_infection","A1680","ICD10","","bacterial_infection","Code/00_inputs/canonical_icd_codes.csv","Hospital diagnosis code included in canonical event definition."
"bacterial_infection","A170","ICD10","","bacterial_infection","Code/00_inputs/canonical_icd_codes.csv","Hospital diagnosis code included in canonical event definition."
"bacterial_infection","A1700","ICD10","","bacterial_infection","Code/00_inputs/canonical_icd_codes.csv","Hospital diagnosis code included in canonical event definition."
"bacterial_infection","A171","ICD10","","bacterial_infection","Code/00_inputs/canonical_icd_codes.csv","Hospital diagnosis code included in canonical event definition."
"bacterial_infection","A1710","ICD10","","bacterial_infection","Code/00_inputs/canonical_icd_codes.csv","Hospital diagnosis code included in canonical event definition."
"bacterial_infection","A178","ICD10","","bacterial_infection","Code/00_inputs/canonical_icd_codes.csv","Hospital diagnosis code included in canonical event definition."
"bacterial_infection","A1780","ICD10","","bacterial_infection","Code/00_inputs/canonical_icd_codes.csv","Hospital diagnosis code included in canonical event definition."
"bacterial_infection","A179","ICD10","","bacterial_infection","Code/00_inputs/canonical_icd_codes.csv","Hospital diagnosis code included in canonical event definition."
"bacterial_infection","A1790","ICD10","","bacterial_infection","Code/00_inputs/canonical_icd_codes.csv","Hospital diagnosis code included in canonical event definition."
"bacterial_infection","A180","ICD10","","bacterial_infection","Code/00_inputs/canonical_icd_codes.csv","Hospital diagnosis code included in canonical event definition."
"bacterial_infection","A1800","ICD10","","bacterial_infection","Code/00_inputs/canonical_icd_codes.csv","Hospital diagnosis code included in canonical event definition."
"bacterial_infection","A181","ICD10","","bacterial_infection","Code/00_inputs/canonical_icd_codes.csv","Hospital diagnosis code included in canonical event definition."
"bacterial_infection","A1810","ICD10","","bacterial_infection","Code/00_inputs/canonical_icd_codes.csv","Hospital diagnosis code included in canonical event definition."
"bacterial_infection","A182","ICD10","","bacterial_infection","Code/00_inputs/canonical_icd_codes.csv","Hospital diagnosis code included in canonical event definition."
"bacterial_infection","A1820","ICD10","","bacterial_infection","Code/00_inputs/canonical_icd_codes.csv","Hospital diagnosis code included in canonical event definition."
"bacterial_infection","A183","ICD10","","bacterial_infection","Code/00_inputs/canonical_icd_codes.csv","Hospital diagnosis code included in canonical event definition."
"bacterial_infection","A1830","ICD10","","bacterial_infection","Code/00_inputs/canonical_icd_codes.csv","Hospital diagnosis code included in canonical event definition."
"bacterial_infection","A184","ICD10","","bacterial_infection","Code/00_inputs/canonical_icd_codes.csv","Hospital diagnosis code included in canonical event definition."
"bacterial_infection","A1840","ICD10","","bacterial_infection","Code/00_inputs/canonical_icd_codes.csv","Hospital diagnosis code included in canonical event definition."
"bacterial_infection","A185","ICD10","","bacterial_infection","Code/00_inputs/canonical_icd_codes.csv","Hospital diagnosis code included in canonical event definition."
"bacterial_infection","A1850","ICD10","","bacterial_infection","Code/00_inputs/canonical_icd_codes.csv","Hospital diagnosis code included in canonical event definition."
"bacterial_infection","A186","ICD10","","bacterial_infection","Code/00_inputs/canonical_icd_codes.csv","Hospital diagnosis code included in canonical event definition."
"bacterial_infection","A1860","ICD10","","bacterial_infection","Code/00_inputs/canonical_icd_codes.csv","Hospital diagnosis code included in canonical event definition."
"bacterial_infection","A187","ICD10","","bacterial_infection","Code/00_inputs/canonical_icd_codes.csv","Hospital diagnosis code included in canonical event definition."
"bacterial_infection","A1870","ICD10","","bacterial_infection","Code/00_inputs/canonical_icd_codes.csv","Hospital diagnosis code included in canonical event definition."
"bacterial_infection","A188","ICD10","","bacterial_infection","Code/00_inputs/canonical_icd_codes.csv","Hospital diagnosis code included in canonical event definition."
"bacterial_infection","A1880","ICD10","","bacterial_infection","Code/00_inputs/canonical_icd_codes.csv","Hospital diagnosis code included in canonical event definition."
"bacterial_infection","A192","ICD10","","bacterial_infection","Code/00_inputs/canonical_icd_codes.csv","Hospital diagnosis code included in canonical event definition."
"bacterial_infection","A1920","ICD10","","bacterial_infection","Code/00_inputs/canonical_icd_codes.csv","Hospital diagnosis code included in canonical event definition."
"bacterial_infection","A198","ICD10","","bacterial_infection","Code/00_inputs/canonical_icd_codes.csv","Hospital diagnosis code included in canonical event definition."
"bacterial_infection","A1980","ICD10","","bacterial_infection","Code/00_inputs/canonical_icd_codes.csv","Hospital diagnosis code included in canonical event definition."
"bacterial_infection","A199","ICD10","","bacterial_infection","Code/00_inputs/canonical_icd_codes.csv","Hospital diagnosis code included in canonical event definition."
"bacterial_infection","A1990","ICD10","","bacterial_infection","Code/00_inputs/canonical_icd_codes.csv","Hospital diagnosis code included in canonical event definition."
"bacterial_infection","A200","ICD10","","bacterial_infection","Code/00_inputs/canonical_icd_codes.csv","Hospital diagnosis code included in canonical event definition."
"bacterial_infection","A2000","ICD10","","bacterial_infection","Code/00_inputs/canonical_icd_codes.csv","Hospital diagnosis code included in canonical event definition."
"bacterial_infection","A201","ICD10","","bacterial_infection","Code/00_inputs/canonical_icd_codes.csv","Hospital diagnosis code included in canonical event definition."
"bacterial_infection","A2010","ICD10","","bacterial_infection","Code/00_inputs/canonical_icd_codes.csv","Hospital diagnosis code included in canonical event definition."
"bacterial_infection","A202","ICD10","","bacterial_infection","Code/00_inputs/canonical_icd_codes.csv","Hospital diagnosis code included in canonical event definition."
"bacterial_infection","A2020","ICD10","","bacterial_infection","Code/00_inputs/canonical_icd_codes.csv","Hospital diagnosis code included in canonical event definition."
"bacterial_infection","A207","ICD10","","bacterial_infection","Code/00_inputs/canonical_icd_codes.csv","Hospital diagnosis code included in canonical event definition."
"bacterial_infection","A2070","ICD10","","bacterial_infection","Code/00_inputs/canonical_icd_codes.csv","Hospital diagnosis code included in canonical event definition."
"bacterial_infection","A208","ICD10","","bacterial_infection","Code/00_inputs/canonical_icd_codes.csv","Hospital diagnosis code included in canonical event definition."
"bacterial_infection","A2080","ICD10","","bacterial_infection","Code/00_inputs/canonical_icd_codes.csv","Hospital diagnosis code included in canonical event definition."
"bacterial_infection","A209","ICD10","","bacterial_infection","Code/00_inputs/canonical_icd_codes.csv","Hospital diagnosis code included in canonical event definition."
"bacterial_infection","A2090","ICD10","","bacterial_infection","Code/00_inputs/canonical_icd_codes.csv","Hospital diagnosis code included in canonical event definition."
"bacterial_infection","A210","ICD10","","bacterial_infection","Code/00_inputs/canonical_icd_codes.csv","Hospital diagnosis code included in canonical event definition."
"bacterial_infection","A2100","ICD10","","bacterial_infection","Code/00_inputs/canonical_icd_codes.csv","Hospital diagnosis code included in canonical event definition."
"bacterial_infection","A211","ICD10","","bacterial_infection","Code/00_inputs/canonical_icd_codes.csv","Hospital diagnosis code included in canonical event definition."
"bacterial_infection","A2110","ICD10","","bacterial_infection","Code/00_inputs/canonical_icd_codes.csv","Hospital diagnosis code included in canonical event definition."
"bacterial_infection","A212","ICD10","","bacterial_infection","Code/00_inputs/canonical_icd_codes.csv","Hospital diagnosis code included in canonical event definition."
"bacterial_infection","A2120","ICD10","","bacterial_infection","Code/00_inputs/canonical_icd_codes.csv","Hospital diagnosis code included in canonical event definition."
"bacterial_infection","A213","ICD10","","bacterial_infection","Code/00_inputs/canonical_icd_codes.csv","Hospital diagnosis code included in canonical event definition."
"bacterial_infection","A2130","ICD10","","bacterial_infection","Code/00_inputs/canonical_icd_codes.csv","Hospital diagnosis code included in canonical event definition."
"bacterial_infection","A218","ICD10","","bacterial_infection","Code/00_inputs/canonical_icd_codes.csv","Hospital diagnosis code included in canonical event definition."
"bacterial_infection","A2180","ICD10","","bacterial_infection","Code/00_inputs/canonical_icd_codes.csv","Hospital diagnosis code included in canonical event definition."
"bacterial_infection","A219","ICD10","","bacterial_infection","Code/00_inputs/canonical_icd_codes.csv","Hospital diagnosis code included in canonical event definition."
"bacterial_infection","A2190","ICD10","","bacterial_infection","Code/00_inputs/canonical_icd_codes.csv","Hospital diagnosis code included in canonical event definition."
"bacterial_infection","A220","ICD10","","bacterial_infection","Code/00_inputs/canonical_icd_codes.csv","Hospital diagnosis code included in canonical event definition."
"bacterial_infection","A2200","ICD10","","bacterial_infection","Code/00_inputs/canonical_icd_codes.csv","Hospital diagnosis code included in canonical event definition."
"bacterial_infection","A221","ICD10","","bacterial_infection","Code/00_inputs/canonical_icd_codes.csv","Hospital diagnosis code included in canonical event definition."
"bacterial_infection","A2210","ICD10","","bacterial_infection","Code/00_inputs/canonical_icd_codes.csv","Hospital diagnosis code included in canonical event definition."
"bacterial_infection","A222","ICD10","","bacterial_infection","Code/00_inputs/canonical_icd_codes.csv","Hospital diagnosis code included in canonical event definition."
"bacterial_infection","A2220","ICD10","","bacterial_infection","Code/00_inputs/canonical_icd_codes.csv","Hospital diagnosis code included in canonical event definition."
"bacterial_infection","A227","ICD10","","bacterial_infection","Code/00_inputs/canonical_icd_codes.csv","Hospital diagnosis code included in canonical event definition."
"bacterial_infection","A2270","ICD10","","bacterial_infection","Code/00_inputs/canonical_icd_codes.csv","Hospital diagnosis code included in canonical event definition."
"bacterial_infection","A228","ICD10","","bacterial_infection","Code/00_inputs/canonical_icd_codes.csv","Hospital diagnosis code included in canonical event definition."
"bacterial_infection","A2280","ICD10","","bacterial_infection","Code/00_inputs/canonical_icd_codes.csv","Hospital diagnosis code included in canonical event definition."
"bacterial_infection","A229","ICD10","","bacterial_infection","Code/00_inputs/canonical_icd_codes.csv","Hospital diagnosis code included in canonical event definition."
"bacterial_infection","A2290","ICD10","","bacterial_infection","Code/00_inputs/canonical_icd_codes.csv","Hospital diagnosis code included in canonical event definition."
"bacterial_infection","A230","ICD10","","bacterial_infection","Code/00_inputs/canonical_icd_codes.csv","Hospital diagnosis code included in canonical event definition."
"bacterial_infection","A2300","ICD10","","bacterial_infection","Code/00_inputs/canonical_icd_codes.csv","Hospital diagnosis code included in canonical event definition."
"bacterial_infection","A231","ICD10","","bacterial_infection","Code/00_inputs/canonical_icd_codes.csv","Hospital diagnosis code included in canonical event definition."
"bacterial_infection","A2310","ICD10","","bacterial_infection","Code/00_inputs/canonical_icd_codes.csv","Hospital diagnosis code included in canonical event definition."
"bacterial_infection","A232","ICD10","","bacterial_infection","Code/00_inputs/canonical_icd_codes.csv","Hospital diagnosis code included in canonical event definition."
"bacterial_infection","A2320","ICD10","","bacterial_infection","Code/00_inputs/canonical_icd_codes.csv","Hospital diagnosis code included in canonical event definition."
"bacterial_infection","A233","ICD10","","bacterial_infection","Code/00_inputs/canonical_icd_codes.csv","Hospital diagnosis code included in canonical event definition."
"bacterial_infection","A2330","ICD10","","bacterial_infection","Code/00_inputs/canonical_icd_codes.csv","Hospital diagnosis code included in canonical event definition."
"bacterial_infection","A238","ICD10","","bacterial_infection","Code/00_inputs/canonical_icd_codes.csv","Hospital diagnosis code included in canonical event definition."
"bacterial_infection","A2380","ICD10","","bacterial_infection","Code/00_inputs/canonical_icd_codes.csv","Hospital diagnosis code included in canonical event definition."
"bacterial_infection","A239","ICD10","","bacterial_infection","Code/00_inputs/canonical_icd_codes.csv","Hospital diagnosis code included in canonical event definition."
"bacterial_infection","A2390","ICD10","","bacterial_infection","Code/00_inputs/canonical_icd_codes.csv","Hospital diagnosis code included in canonical event definition."
"bacterial_infection","A240","ICD10","","bacterial_infection","Code/00_inputs/canonical_icd_codes.csv","Hospital diagnosis code included in canonical event definition."
"bacterial_infection","A2400","ICD10","","bacterial_infection","Code/00_inputs/canonical_icd_codes.csv","Hospital diagnosis code included in canonical event definition."
"bacterial_infection","A244","ICD10","","bacterial_infection","Code/00_inputs/canonical_icd_codes.csv","Hospital diagnosis code included in canonical event definition."
"bacterial_infection","A2440","ICD10","","bacterial_infection","Code/00_inputs/canonical_icd_codes.csv","Hospital diagnosis code included in canonical event definition."
"bacterial_infection","A250","ICD10","","bacterial_infection","Code/00_inputs/canonical_icd_codes.csv","Hospital diagnosis code included in canonical event definition."
"bacterial_infection","A2500","ICD10","","bacterial_infection","Code/00_inputs/canonical_icd_codes.csv","Hospital diagnosis code included in canonical event definition."
"bacterial_infection","A251","ICD10","","bacterial_infection","Code/00_inputs/canonical_icd_codes.csv","Hospital diagnosis code included in canonical event definition."
"bacterial_infection","A2510","ICD10","","bacterial_infection","Code/00_inputs/canonical_icd_codes.csv","Hospital diagnosis code included in canonical event definition."
"bacterial_infection","A259","ICD10","","bacterial_infection","Code/00_inputs/canonical_icd_codes.csv","Hospital diagnosis code included in canonical event definition."
"bacterial_infection","A2590","ICD10","","bacterial_infection","Code/00_inputs/canonical_icd_codes.csv","Hospital diagnosis code included in canonical event definition."
"bacterial_infection","A269","ICD10","","bacterial_infection","Code/00_inputs/canonical_icd_codes.csv","Hospital diagnosis code included in canonical event definition."
"bacterial_infection","A2690","ICD10","","bacterial_infection","Code/00_inputs/canonical_icd_codes.csv","Hospital diagnosis code included in canonical event definition."
"bacterial_infection","A270","ICD10","","bacterial_infection","Code/00_inputs/canonical_icd_codes.csv","Hospital diagnosis code included in canonical event definition."
"bacterial_infection","A2700","ICD10","","bacterial_infection","Code/00_inputs/canonical_icd_codes.csv","Hospital diagnosis code included in canonical event definition."
"bacterial_infection","A278","ICD10","","bacterial_infection","Code/00_inputs/canonical_icd_codes.csv","Hospital diagnosis code included in canonical event definition."
"bacterial_infection","A2780","ICD10","","bacterial_infection","Code/00_inputs/canonical_icd_codes.csv","Hospital diagnosis code included in canonical event definition."
"bacterial_infection","A279","ICD10","","bacterial_infection","Code/00_inputs/canonical_icd_codes.csv","Hospital diagnosis code included in canonical event definition."
"bacterial_infection","A2790","ICD10","","bacterial_infection","Code/00_inputs/canonical_icd_codes.csv","Hospital diagnosis code included in canonical event definition."
"bacterial_infection","A280","ICD10","","bacterial_infection","Code/00_inputs/canonical_icd_codes.csv","Hospital diagnosis code included in canonical event definition."
"bacterial_infection","A2800","ICD10","","bacterial_infection","Code/00_inputs/canonical_icd_codes.csv","Hospital diagnosis code included in canonical event definition."
"bacterial_infection","A281","ICD10","","bacterial_infection","Code/00_inputs/canonical_icd_codes.csv","Hospital diagnosis code included in canonical event definition."
"bacterial_infection","A2810","ICD10","","bacterial_infection","Code/00_inputs/canonical_icd_codes.csv","Hospital diagnosis code included in canonical event definition."
"bacterial_infection","A288","ICD10","","bacterial_infection","Code/00_inputs/canonical_icd_codes.csv","Hospital diagnosis code included in canonical event definition."
"bacterial_infection","A2880","ICD10","","bacterial_infection","Code/00_inputs/canonical_icd_codes.csv","Hospital diagnosis code included in canonical event definition."
"bacterial_infection","A289","ICD10","","bacterial_infection","Code/00_inputs/canonical_icd_codes.csv","Hospital diagnosis code included in canonical event definition."
"bacterial_infection","A2890","ICD10","","bacterial_infection","Code/00_inputs/canonical_icd_codes.csv","Hospital diagnosis code included in canonical event definition."
"bacterial_infection","A300","ICD10","","bacterial_infection","Code/00_inputs/canonical_icd_codes.csv","Hospital diagnosis code included in canonical event definition."
"bacterial_infection","A3000","ICD10","","bacterial_infection","Code/00_inputs/canonical_icd_codes.csv","Hospital diagnosis code included in canonical event definition."
"bacterial_infection","A301","ICD10","","bacterial_infection","Code/00_inputs/canonical_icd_codes.csv","Hospital diagnosis code included in canonical event definition."
"bacterial_infection","A3010","ICD10","","bacterial_infection","Code/00_inputs/canonical_icd_codes.csv","Hospital diagnosis code included in canonical event definition."
"bacterial_infection","A303","ICD10","","bacterial_infection","Code/00_inputs/canonical_icd_codes.csv","Hospital diagnosis code included in canonical event definition."
"bacterial_infection","A3030","ICD10","","bacterial_infection","Code/00_inputs/canonical_icd_codes.csv","Hospital diagnosis code included in canonical event definition."
"bacterial_infection","A305","ICD10","","bacterial_infection","Code/00_inputs/canonical_icd_codes.csv","Hospital diagnosis code included in canonical event definition."
"bacterial_infection","A3050","ICD10","","bacterial_infection","Code/00_inputs/canonical_icd_codes.csv","Hospital diagnosis code included in canonical event definition."
"bacterial_infection","A308","ICD10","","bacterial_infection","Code/00_inputs/canonical_icd_codes.csv","Hospital diagnosis code included in canonical event definition."
"bacterial_infection","A3080","ICD10","","bacterial_infection","Code/00_inputs/canonical_icd_codes.csv","Hospital diagnosis code included in canonical event definition."
"bacterial_infection","A309","ICD10","","bacterial_infection","Code/00_inputs/canonical_icd_codes.csv","Hospital diagnosis code included in canonical event definition."
"bacterial_infection","A3090","ICD10","","bacterial_infection","Code/00_inputs/canonical_icd_codes.csv","Hospital diagnosis code included in canonical event definition."
"bacterial_infection","A310","ICD10","","bacterial_infection","Code/00_inputs/canonical_icd_codes.csv","Hospital diagnosis code included in canonical event definition."
"bacterial_infection","A3100","ICD10","","bacterial_infection","Code/00_inputs/canonical_icd_codes.csv","Hospital diagnosis code included in canonical event definition."
"bacterial_infection","A311","ICD10","","bacterial_infection","Code/00_inputs/canonical_icd_codes.csv","Hospital diagnosis code included in canonical event definition."
"bacterial_infection","A3110","ICD10","","bacterial_infection","Code/00_inputs/canonical_icd_codes.csv","Hospital diagnosis code included in canonical event definition."
"bacterial_infection","A318","ICD10","","bacterial_infection","Code/00_inputs/canonical_icd_codes.csv","Hospital diagnosis code included in canonical event definition."
"bacterial_infection","A3180","ICD10","","bacterial_infection","Code/00_inputs/canonical_icd_codes.csv","Hospital diagnosis code included in canonical event definition."
"bacterial_infection","A319","ICD10","","bacterial_infection","Code/00_inputs/canonical_icd_codes.csv","Hospital diagnosis code included in canonical event definition."
"bacterial_infection","A3190","ICD10","","bacterial_infection","Code/00_inputs/canonical_icd_codes.csv","Hospital diagnosis code included in canonical event definition."
"bacterial_infection","A329","ICD10","","bacterial_infection","Code/00_inputs/canonical_icd_codes.csv","Hospital diagnosis code included in canonical event definition."
"bacterial_infection","A3290","ICD10","","bacterial_infection","Code/00_inputs/canonical_icd_codes.csv","Hospital diagnosis code included in canonical event definition."
"bacterial_infection","A33","ICD10","","bacterial_infection","Code/00_inputs/canonical_icd_codes.csv","Hospital diagnosis code included in canonical event definition."
"bacterial_infection","A330","ICD10","","bacterial_infection","Code/00_inputs/canonical_icd_codes.csv","Hospital diagnosis code included in canonical event definition."
"bacterial_infection","A3300","ICD10","","bacterial_infection","Code/00_inputs/canonical_icd_codes.csv","Hospital diagnosis code included in canonical event definition."
"bacterial_infection","A35","ICD10","","bacterial_infection","Code/00_inputs/canonical_icd_codes.csv","Hospital diagnosis code included in canonical event definition."
"bacterial_infection","A350","ICD10","","bacterial_infection","Code/00_inputs/canonical_icd_codes.csv","Hospital diagnosis code included in canonical event definition."
"bacterial_infection","A3500","ICD10","","bacterial_infection","Code/00_inputs/canonical_icd_codes.csv","Hospital diagnosis code included in canonical event definition."
"bacterial_infection","A360","ICD10","","bacterial_infection","Code/00_inputs/canonical_icd_codes.csv","Hospital diagnosis code included in canonical event definition."
"bacterial_infection","A3600","ICD10","","bacterial_infection","Code/00_inputs/canonical_icd_codes.csv","Hospital diagnosis code included in canonical event definition."
"bacterial_infection","A361","ICD10","","bacterial_infection","Code/00_inputs/canonical_icd_codes.csv","Hospital diagnosis code included in canonical event definition."
"bacterial_infection","A3610","ICD10","","bacterial_infection","Code/00_inputs/canonical_icd_codes.csv","Hospital diagnosis code included in canonical event definition."
"bacterial_infection","A362","ICD10","","bacterial_infection","Code/00_inputs/canonical_icd_codes.csv","Hospital diagnosis code included in canonical event definition."
"bacterial_infection","A3620","ICD10","","bacterial_infection","Code/00_inputs/canonical_icd_codes.csv","Hospital diagnosis code included in canonical event definition."
"bacterial_infection","A363","ICD10","","bacterial_infection","Code/00_inputs/canonical_icd_codes.csv","Hospital diagnosis code included in canonical event definition."
"bacterial_infection","A3630","ICD10","","bacterial_infection","Code/00_inputs/canonical_icd_codes.csv","Hospital diagnosis code included in canonical event definition."
"bacterial_infection","A368","ICD10","","bacterial_infection","Code/00_inputs/canonical_icd_codes.csv","Hospital diagnosis code included in canonical event definition."
"bacterial_infection","A3680","ICD10","","bacterial_infection","Code/00_inputs/canonical_icd_codes.csv","Hospital diagnosis code included in canonical event definition."
"bacterial_infection","A369","ICD10","","bacterial_infection","Code/00_inputs/canonical_icd_codes.csv","Hospital diagnosis code included in canonical event definition."
"bacterial_infection","A3690","ICD10","","bacterial_infection","Code/00_inputs/canonical_icd_codes.csv","Hospital diagnosis code included in canonical event definition."
"bacterial_infection","A370","ICD10","","bacterial_infection","Code/00_inputs/canonical_icd_codes.csv","Hospital diagnosis code included in canonical event definition."
"bacterial_infection","A3700","ICD10","","bacterial_infection","Code/00_inputs/canonical_icd_codes.csv","Hospital diagnosis code included in canonical event definition."
"bacterial_infection","A371","ICD10","","bacterial_infection","Code/00_inputs/canonical_icd_codes.csv","Hospital diagnosis code included in canonical event definition."
"bacterial_infection","A3710","ICD10","","bacterial_infection","Code/00_inputs/canonical_icd_codes.csv","Hospital diagnosis code included in canonical event definition."
"bacterial_infection","A378","ICD10","","bacterial_infection","Code/00_inputs/canonical_icd_codes.csv","Hospital diagnosis code included in canonical event definition."
"bacterial_infection","A3780","ICD10","","bacterial_infection","Code/00_inputs/canonical_icd_codes.csv","Hospital diagnosis code included in canonical event definition."
"bacterial_infection","A379","ICD10","","bacterial_infection","Code/00_inputs/canonical_icd_codes.csv","Hospital diagnosis code included in canonical event definition."
"bacterial_infection","A3790","ICD10","","bacterial_infection","Code/00_inputs/canonical_icd_codes.csv","Hospital diagnosis code included in canonical event definition."
"bacterial_infection","A38","ICD10","","bacterial_infection","Code/00_inputs/canonical_icd_codes.csv","Hospital diagnosis code included in canonical event definition."
"bacterial_infection","A380","ICD10","","bacterial_infection","Code/00_inputs/canonical_icd_codes.csv","Hospital diagnosis code included in canonical event definition."
"bacterial_infection","A3800","ICD10","","bacterial_infection","Code/00_inputs/canonical_icd_codes.csv","Hospital diagnosis code included in canonical event definition."
"bacterial_infection","A390","ICD10","","bacterial_infection","Code/00_inputs/canonical_icd_codes.csv","Hospital diagnosis code included in canonical event definition."
"bacterial_infection","A3900","ICD10","","bacterial_infection","Code/00_inputs/canonical_icd_codes.csv","Hospital diagnosis code included in canonical event definition."
"bacterial_infection","A391","ICD10","","bacterial_infection","Code/00_inputs/canonical_icd_codes.csv","Hospital diagnosis code included in canonical event definition."
"bacterial_infection","A3910","ICD10","","bacterial_infection","Code/00_inputs/canonical_icd_codes.csv","Hospital diagnosis code included in canonical event definition."
"bacterial_infection","A394","ICD10","","bacterial_infection","Code/00_inputs/canonical_icd_codes.csv","Hospital diagnosis code included in canonical event definition."
"bacterial_infection","A3940","ICD10","","bacterial_infection","Code/00_inputs/canonical_icd_codes.csv","Hospital diagnosis code included in canonical event definition."
"bacterial_infection","A395","ICD10","","bacterial_infection","Code/00_inputs/canonical_icd_codes.csv","Hospital diagnosis code included in canonical event definition."
"bacterial_infection","A3950","ICD10","","bacterial_infection","Code/00_inputs/canonical_icd_codes.csv","Hospital diagnosis code included in canonical event definition."
"bacterial_infection","A398","ICD10","","bacterial_infection","Code/00_inputs/canonical_icd_codes.csv","Hospital diagnosis code included in canonical event definition."
"bacterial_infection","A3980","ICD10","","bacterial_infection","Code/00_inputs/canonical_icd_codes.csv","Hospital diagnosis code included in canonical event definition."
"bacterial_infection","A399","ICD10","","bacterial_infection","Code/00_inputs/canonical_icd_codes.csv","Hospital diagnosis code included in canonical event definition."
"bacterial_infection","A3990","ICD10","","bacterial_infection","Code/00_inputs/canonical_icd_codes.csv","Hospital diagnosis code included in canonical event definition."
"bacterial_infection","A403","ICD10","","bacterial_infection","Code/00_inputs/canonical_icd_codes.csv","Hospital diagnosis code included in canonical event definition."
"bacterial_infection","A4030","ICD10","","bacterial_infection","Code/00_inputs/canonical_icd_codes.csv","Hospital diagnosis code included in canonical event definition."
"bacterial_infection","A409","ICD10","","bacterial_infection","Code/00_inputs/canonical_icd_codes.csv","Hospital diagnosis code included in canonical event definition."
"bacterial_infection","A4090","ICD10","","bacterial_infection","Code/00_inputs/canonical_icd_codes.csv","Hospital diagnosis code included in canonical event definition."
"bacterial_infection","A412","ICD10","","bacterial_infection","Code/00_inputs/canonical_icd_codes.csv","Hospital diagnosis code included in canonical event definition."
"bacterial_infection","A4120","ICD10","","bacterial_infection","Code/00_inputs/canonical_icd_codes.csv","Hospital diagnosis code included in canonical event definition."
"bacterial_infection","A413","ICD10","","bacterial_infection","Code/00_inputs/canonical_icd_codes.csv","Hospital diagnosis code included in canonical event definition."
"bacterial_infection","A4130","ICD10","","bacterial_infection","Code/00_inputs/canonical_icd_codes.csv","Hospital diagnosis code included in canonical event definition."
"bacterial_infection","A414","ICD10","","bacterial_infection","Code/00_inputs/canonical_icd_codes.csv","Hospital diagnosis code included in canonical event definition."
"bacterial_infection","A4140","ICD10","","bacterial_infection","Code/00_inputs/canonical_icd_codes.csv","Hospital diagnosis code included in canonical event definition."
"bacterial_infection","A4151","ICD10","","bacterial_infection","Code/00_inputs/canonical_icd_codes.csv","Hospital diagnosis code included in canonical event definition."
"bacterial_infection","A4152","ICD10","","bacterial_infection","Code/00_inputs/canonical_icd_codes.csv","Hospital diagnosis code included in canonical event definition."
"bacterial_infection","A4158","ICD10","","bacterial_infection","Code/00_inputs/canonical_icd_codes.csv","Hospital diagnosis code included in canonical event definition."
"bacterial_infection","A418","ICD10","","bacterial_infection","Code/00_inputs/canonical_icd_codes.csv","Hospital diagnosis code included in canonical event definition."
"bacterial_infection","A4180","ICD10","","bacterial_infection","Code/00_inputs/canonical_icd_codes.csv","Hospital diagnosis code included in canonical event definition."
"bacterial_infection","A419","ICD10","","bacterial_infection","Code/00_inputs/canonical_icd_codes.csv","Hospital diagnosis code included in canonical event definition."
"bacterial_infection","A4190","ICD10","","bacterial_infection","Code/00_inputs/canonical_icd_codes.csv","Hospital diagnosis code included in canonical event definition."
"bacterial_infection","A420","ICD10","","bacterial_infection","Code/00_inputs/canonical_icd_codes.csv","Hospital diagnosis code included in canonical event definition."
"bacterial_infection","A4200","ICD10","","bacterial_infection","Code/00_inputs/canonical_icd_codes.csv","Hospital diagnosis code included in canonical event definition."
"bacterial_infection","A421","ICD10","","bacterial_infection","Code/00_inputs/canonical_icd_codes.csv","Hospital diagnosis code included in canonical event definition."
"bacterial_infection","A4210","ICD10","","bacterial_infection","Code/00_inputs/canonical_icd_codes.csv","Hospital diagnosis code included in canonical event definition."
"bacterial_infection","A422","ICD10","","bacterial_infection","Code/00_inputs/canonical_icd_codes.csv","Hospital diagnosis code included in canonical event definition."
"bacterial_infection","A4220","ICD10","","bacterial_infection","Code/00_inputs/canonical_icd_codes.csv","Hospital diagnosis code included in canonical event definition."
"bacterial_infection","A428","ICD10","","bacterial_infection","Code/00_inputs/canonical_icd_codes.csv","Hospital diagnosis code included in canonical event definition."
"bacterial_infection","A4280","ICD10","","bacterial_infection","Code/00_inputs/canonical_icd_codes.csv","Hospital diagnosis code included in canonical event definition."
"bacterial_infection","A429","ICD10","","bacterial_infection","Code/00_inputs/canonical_icd_codes.csv","Hospital diagnosis code included in canonical event definition."
"bacterial_infection","A4290","ICD10","","bacterial_infection","Code/00_inputs/canonical_icd_codes.csv","Hospital diagnosis code included in canonical event definition."
"bacterial_infection","A46","ICD10","","bacterial_infection","Code/00_inputs/canonical_icd_codes.csv","Hospital diagnosis code included in canonical event definition."
"bacterial_infection","A460","ICD10","","bacterial_infection","Code/00_inputs/canonical_icd_codes.csv","Hospital diagnosis code included in canonical event definition."
"bacterial_infection","A4600","ICD10","","bacterial_infection","Code/00_inputs/canonical_icd_codes.csv","Hospital diagnosis code included in canonical event definition."
"bacterial_infection","A480","ICD10","","bacterial_infection","Code/00_inputs/canonical_icd_codes.csv","Hospital diagnosis code included in canonical event definition."
"bacterial_infection","A4800","ICD10","","bacterial_infection","Code/00_inputs/canonical_icd_codes.csv","Hospital diagnosis code included in canonical event definition."
"bacterial_infection","A488","ICD10","","bacterial_infection","Code/00_inputs/canonical_icd_codes.csv","Hospital diagnosis code included in canonical event definition."
"bacterial_infection","A4880","ICD10","","bacterial_infection","Code/00_inputs/canonical_icd_codes.csv","Hospital diagnosis code included in canonical event definition."
"bacterial_infection","A500","ICD10","","bacterial_infection","Code/00_inputs/canonical_icd_codes.csv","Hospital diagnosis code included in canonical event definition."
"bacterial_infection","A5000","ICD10","","bacterial_infection","Code/00_inputs/canonical_icd_codes.csv","Hospital diagnosis code included in canonical event definition."
"bacterial_infection","A501","ICD10","","bacterial_infection","Code/00_inputs/canonical_icd_codes.csv","Hospital diagnosis code included in canonical event definition."
"bacterial_infection","A5010","ICD10","","bacterial_infection","Code/00_inputs/canonical_icd_codes.csv","Hospital diagnosis code included in canonical event definition."
"bacterial_infection","A502","ICD10","","bacterial_infection","Code/00_inputs/canonical_icd_codes.csv","Hospital diagnosis code included in canonical event definition."
"bacterial_infection","A5020","ICD10","","bacterial_infection","Code/00_inputs/canonical_icd_codes.csv","Hospital diagnosis code included in canonical event definition."
"bacterial_infection","A503","ICD10","","bacterial_infection","Code/00_inputs/canonical_icd_codes.csv","Hospital diagnosis code included in canonical event definition."
"bacterial_infection","A5030","ICD10","","bacterial_infection","Code/00_inputs/canonical_icd_codes.csv","Hospital diagnosis code included in canonical event definition."
"bacterial_infection","A504","ICD10","","bacterial_infection","Code/00_inputs/canonical_icd_codes.csv","Hospital diagnosis code included in canonical event definition."
"bacterial_infection","A5040","ICD10","","bacterial_infection","Code/00_inputs/canonical_icd_codes.csv","Hospital diagnosis code included in canonical event definition."
"bacterial_infection","A505","ICD10","","bacterial_infection","Code/00_inputs/canonical_icd_codes.csv","Hospital diagnosis code included in canonical event definition."
"bacterial_infection","A5050","ICD10","","bacterial_infection","Code/00_inputs/canonical_icd_codes.csv","Hospital diagnosis code included in canonical event definition."
"bacterial_infection","A506","ICD10","","bacterial_infection","Code/00_inputs/canonical_icd_codes.csv","Hospital diagnosis code included in canonical event definition."
"bacterial_infection","A5060","ICD10","","bacterial_infection","Code/00_inputs/canonical_icd_codes.csv","Hospital diagnosis code included in canonical event definition."
"bacterial_infection","A507","ICD10","","bacterial_infection","Code/00_inputs/canonical_icd_codes.csv","Hospital diagnosis code included in canonical event definition."
"bacterial_infection","A5070","ICD10","","bacterial_infection","Code/00_inputs/canonical_icd_codes.csv","Hospital diagnosis code included in canonical event definition."
"bacterial_infection","A509","ICD10","","bacterial_infection","Code/00_inputs/canonical_icd_codes.csv","Hospital diagnosis code included in canonical event definition."
"bacterial_infection","A5090","ICD10","","bacterial_infection","Code/00_inputs/canonical_icd_codes.csv","Hospital diagnosis code included in canonical event definition."
"bacterial_infection","A510","ICD10","","bacterial_infection","Code/00_inputs/canonical_icd_codes.csv","Hospital diagnosis code included in canonical event definition."
"bacterial_infection","A5100","ICD10","","bacterial_infection","Code/00_inputs/canonical_icd_codes.csv","Hospital diagnosis code included in canonical event definition."
"bacterial_infection","A511","ICD10","","bacterial_infection","Code/00_inputs/canonical_icd_codes.csv","Hospital diagnosis code included in canonical event definition."
"bacterial_infection","A5110","ICD10","","bacterial_infection","Code/00_inputs/canonical_icd_codes.csv","Hospital diagnosis code included in canonical event definition."
"bacterial_infection","A512","ICD10","","bacterial_infection","Code/00_inputs/canonical_icd_codes.csv","Hospital diagnosis code included in canonical event definition."
"bacterial_infection","A5120","ICD10","","bacterial_infection","Code/00_inputs/canonical_icd_codes.csv","Hospital diagnosis code included in canonical event definition."
"bacterial_infection","A513","ICD10","","bacterial_infection","Code/00_inputs/canonical_icd_codes.csv","Hospital diagnosis code included in canonical event definition."
"bacterial_infection","A5130","ICD10","","bacterial_infection","Code/00_inputs/canonical_icd_codes.csv","Hospital diagnosis code included in canonical event definition."
"bacterial_infection","A514","ICD10","","bacterial_infection","Code/00_inputs/canonical_icd_codes.csv","Hospital diagnosis code included in canonical event definition."
"bacterial_infection","A5140","ICD10","","bacterial_infection","Code/00_inputs/canonical_icd_codes.csv","Hospital diagnosis code included in canonical event definition."
"bacterial_infection","A515","ICD10","","bacterial_infection","Code/00_inputs/canonical_icd_codes.csv","Hospital diagnosis code included in canonical event definition."
"bacterial_infection","A5150","ICD10","","bacterial_infection","Code/00_inputs/canonical_icd_codes.csv","Hospital diagnosis code included in canonical event definition."
"bacterial_infection","A520","ICD10","","bacterial_infection","Code/00_inputs/canonical_icd_codes.csv","Hospital diagnosis code included in canonical event definition."
"bacterial_infection","A5200","ICD10","","bacterial_infection","Code/00_inputs/canonical_icd_codes.csv","Hospital diagnosis code included in canonical event definition."
"bacterial_infection","A521","ICD10","","bacterial_infection","Code/00_inputs/canonical_icd_codes.csv","Hospital diagnosis code included in canonical event definition."
"bacterial_infection","A5210","ICD10","","bacterial_infection","Code/00_inputs/canonical_icd_codes.csv","Hospital diagnosis code included in canonical event definition."
"bacterial_infection","A522","ICD10","","bacterial_infection","Code/00_inputs/canonical_icd_codes.csv","Hospital diagnosis code included in canonical event definition."
"bacterial_infection","A5220","ICD10","","bacterial_infection","Code/00_inputs/canonical_icd_codes.csv","Hospital diagnosis code included in canonical event definition."
"bacterial_infection","A527","ICD10","","bacterial_infection","Code/00_inputs/canonical_icd_codes.csv","Hospital diagnosis code included in canonical event definition."
"bacterial_infection","A5270","ICD10","","bacterial_infection","Code/00_inputs/canonical_icd_codes.csv","Hospital diagnosis code included in canonical event definition."
"bacterial_infection","A528","ICD10","","bacterial_infection","Code/00_inputs/canonical_icd_codes.csv","Hospital diagnosis code included in canonical event definition."
"bacterial_infection","A5280","ICD10","","bacterial_infection","Code/00_inputs/canonical_icd_codes.csv","Hospital diagnosis code included in canonical event definition."
"bacterial_infection","A529","ICD10","","bacterial_infection","Code/00_inputs/canonical_icd_codes.csv","Hospital diagnosis code included in canonical event definition."
"bacterial_infection","A5290","ICD10","","bacterial_infection","Code/00_inputs/canonical_icd_codes.csv","Hospital diagnosis code included in canonical event definition."
"bacterial_infection","A530","ICD10","","bacterial_infection","Code/00_inputs/canonical_icd_codes.csv","Hospital diagnosis code included in canonical event definition."
"bacterial_infection","A5300","ICD10","","bacterial_infection","Code/00_inputs/canonical_icd_codes.csv","Hospital diagnosis code included in canonical event definition."
"bacterial_infection","A539","ICD10","","bacterial_infection","Code/00_inputs/canonical_icd_codes.csv","Hospital diagnosis code included in canonical event definition."
"bacterial_infection","A5390","ICD10","","bacterial_infection","Code/00_inputs/canonical_icd_codes.csv","Hospital diagnosis code included in canonical event definition."
"bacterial_infection","A540","ICD10","","bacterial_infection","Code/00_inputs/canonical_icd_codes.csv","Hospital diagnosis code included in canonical event definition."
"bacterial_infection","A5400","ICD10","","bacterial_infection","Code/00_inputs/canonical_icd_codes.csv","Hospital diagnosis code included in canonical event definition."
"bacterial_infection","A542","ICD10","","bacterial_infection","Code/00_inputs/canonical_icd_codes.csv","Hospital diagnosis code included in canonical event definition."
"bacterial_infection","A5420","ICD10","","bacterial_infection","Code/00_inputs/canonical_icd_codes.csv","Hospital diagnosis code included in canonical event definition."
"bacterial_infection","A543","ICD10","","bacterial_infection","Code/00_inputs/canonical_icd_codes.csv","Hospital diagnosis code included in canonical event definition."
"bacterial_infection","A5430","ICD10","","bacterial_infection","Code/00_inputs/canonical_icd_codes.csv","Hospital diagnosis code included in canonical event definition."
"bacterial_infection","A544","ICD10","","bacterial_infection","Code/00_inputs/canonical_icd_codes.csv","Hospital diagnosis code included in canonical event definition."
"bacterial_infection","A5440","ICD10","","bacterial_infection","Code/00_inputs/canonical_icd_codes.csv","Hospital diagnosis code included in canonical event definition."
"bacterial_infection","A545","ICD10","","bacterial_infection","Code/00_inputs/canonical_icd_codes.csv","Hospital diagnosis code included in canonical event definition."
"bacterial_infection","A5450","ICD10","","bacterial_infection","Code/00_inputs/canonical_icd_codes.csv","Hospital diagnosis code included in canonical event definition."
"bacterial_infection","A546","ICD10","","bacterial_infection","Code/00_inputs/canonical_icd_codes.csv","Hospital diagnosis code included in canonical event definition."
"bacterial_infection","A5460","ICD10","","bacterial_infection","Code/00_inputs/canonical_icd_codes.csv","Hospital diagnosis code included in canonical event definition."
"bacterial_infection","A548","ICD10","","bacterial_infection","Code/00_inputs/canonical_icd_codes.csv","Hospital diagnosis code included in canonical event definition."
"bacterial_infection","A5480","ICD10","","bacterial_infection","Code/00_inputs/canonical_icd_codes.csv","Hospital diagnosis code included in canonical event definition."
"bacterial_infection","A55","ICD10","","bacterial_infection","Code/00_inputs/canonical_icd_codes.csv","Hospital diagnosis code included in canonical event definition."
"bacterial_infection","A550","ICD10","","bacterial_infection","Code/00_inputs/canonical_icd_codes.csv","Hospital diagnosis code included in canonical event definition."
"bacterial_infection","A5500","ICD10","","bacterial_infection","Code/00_inputs/canonical_icd_codes.csv","Hospital diagnosis code included in canonical event definition."
"bacterial_infection","A560","ICD10","","bacterial_infection","Code/00_inputs/canonical_icd_codes.csv","Hospital diagnosis code included in canonical event definition."
"bacterial_infection","A5600","ICD10","","bacterial_infection","Code/00_inputs/canonical_icd_codes.csv","Hospital diagnosis code included in canonical event definition."
"bacterial_infection","A561","ICD10","","bacterial_infection","Code/00_inputs/canonical_icd_codes.csv","Hospital diagnosis code included in canonical event definition."
"bacterial_infection","A5610","ICD10","","bacterial_infection","Code/00_inputs/canonical_icd_codes.csv","Hospital diagnosis code included in canonical event definition."
"bacterial_infection","A562","ICD10","","bacterial_infection","Code/00_inputs/canonical_icd_codes.csv","Hospital diagnosis code included in canonical event definition."
"bacterial_infection","A5620","ICD10","","bacterial_infection","Code/00_inputs/canonical_icd_codes.csv","Hospital diagnosis code included in canonical event definition."
"bacterial_infection","A563","ICD10","","bacterial_infection","Code/00_inputs/canonical_icd_codes.csv","Hospital diagnosis code included in canonical event definition."
"bacterial_infection","A5630","ICD10","","bacterial_infection","Code/00_inputs/canonical_icd_codes.csv","Hospital diagnosis code included in canonical event definition."
"bacterial_infection","A564","ICD10","","bacterial_infection","Code/00_inputs/canonical_icd_codes.csv","Hospital diagnosis code included in canonical event definition."
"bacterial_infection","A5640","ICD10","","bacterial_infection","Code/00_inputs/canonical_icd_codes.csv","Hospital diagnosis code included in canonical event definition."
"bacterial_infection","A568","ICD10","","bacterial_infection","Code/00_inputs/canonical_icd_codes.csv","Hospital diagnosis code included in canonical event definition."
"bacterial_infection","A5680","ICD10","","bacterial_infection","Code/00_inputs/canonical_icd_codes.csv","Hospital diagnosis code included in canonical event definition."
"bacterial_infection","A57","ICD10","","bacterial_infection","Code/00_inputs/canonical_icd_codes.csv","Hospital diagnosis code included in canonical event definition."
"bacterial_infection","A570","ICD10","","bacterial_infection","Code/00_inputs/canonical_icd_codes.csv","Hospital diagnosis code included in canonical event definition."
"bacterial_infection","A5700","ICD10","","bacterial_infection","Code/00_inputs/canonical_icd_codes.csv","Hospital diagnosis code included in canonical event definition."
"bacterial_infection","A58","ICD10","","bacterial_infection","Code/00_inputs/canonical_icd_codes.csv","Hospital diagnosis code included in canonical event definition."
"bacterial_infection","A580","ICD10","","bacterial_infection","Code/00_inputs/canonical_icd_codes.csv","Hospital diagnosis code included in canonical event definition."
"bacterial_infection","A5800","ICD10","","bacterial_infection","Code/00_inputs/canonical_icd_codes.csv","Hospital diagnosis code included in canonical event definition."
"bacterial_infection","A65","ICD10","","bacterial_infection","Code/00_inputs/canonical_icd_codes.csv","Hospital diagnosis code included in canonical event definition."
"bacterial_infection","A650","ICD10","","bacterial_infection","Code/00_inputs/canonical_icd_codes.csv","Hospital diagnosis code included in canonical event definition."
"bacterial_infection","A6500","ICD10","","bacterial_infection","Code/00_inputs/canonical_icd_codes.csv","Hospital diagnosis code included in canonical event definition."
"bacterial_infection","A660","ICD10","","bacterial_infection","Code/00_inputs/canonical_icd_codes.csv","Hospital diagnosis code included in canonical event definition."
"bacterial_infection","A6600","ICD10","","bacterial_infection","Code/00_inputs/canonical_icd_codes.csv","Hospital diagnosis code included in canonical event definition."
"bacterial_infection","A661","ICD10","","bacterial_infection","Code/00_inputs/canonical_icd_codes.csv","Hospital diagnosis code included in canonical event definition."
"bacterial_infection","A6610","ICD10","","bacterial_infection","Code/00_inputs/canonical_icd_codes.csv","Hospital diagnosis code included in canonical event definition."
"bacterial_infection","A662","ICD10","","bacterial_infection","Code/00_inputs/canonical_icd_codes.csv","Hospital diagnosis code included in canonical event definition."
"bacterial_infection","A6620","ICD10","","bacterial_infection","Code/00_inputs/canonical_icd_codes.csv","Hospital diagnosis code included in canonical event definition."
"bacterial_infection","A663","ICD10","","bacterial_infection","Code/00_inputs/canonical_icd_codes.csv","Hospital diagnosis code included in canonical event definition."
"bacterial_infection","A6630","ICD10","","bacterial_infection","Code/00_inputs/canonical_icd_codes.csv","Hospital diagnosis code included in canonical event definition."
"bacterial_infection","A664","ICD10","","bacterial_infection","Code/00_inputs/canonical_icd_codes.csv","Hospital diagnosis code included in canonical event definition."
"bacterial_infection","A6640","ICD10","","bacterial_infection","Code/00_inputs/canonical_icd_codes.csv","Hospital diagnosis code included in canonical event definition."
"bacterial_infection","A665","ICD10","","bacterial_infection","Code/00_inputs/canonical_icd_codes.csv","Hospital diagnosis code included in canonical event definition."
"bacterial_infection","A6650","ICD10","","bacterial_infection","Code/00_inputs/canonical_icd_codes.csv","Hospital diagnosis code included in canonical event definition."
"bacterial_infection","A666","ICD10","","bacterial_infection","Code/00_inputs/canonical_icd_codes.csv","Hospital diagnosis code included in canonical event definition."
"bacterial_infection","A6660","ICD10","","bacterial_infection","Code/00_inputs/canonical_icd_codes.csv","Hospital diagnosis code included in canonical event definition."
"bacterial_infection","A667","ICD10","","bacterial_infection","Code/00_inputs/canonical_icd_codes.csv","Hospital diagnosis code included in canonical event definition."
"bacterial_infection","A6670","ICD10","","bacterial_infection","Code/00_inputs/canonical_icd_codes.csv","Hospital diagnosis code included in canonical event definition."
"bacterial_infection","A668","ICD10","","bacterial_infection","Code/00_inputs/canonical_icd_codes.csv","Hospital diagnosis code included in canonical event definition."
"bacterial_infection","A6680","ICD10","","bacterial_infection","Code/00_inputs/canonical_icd_codes.csv","Hospital diagnosis code included in canonical event definition."
"bacterial_infection","A669","ICD10","","bacterial_infection","Code/00_inputs/canonical_icd_codes.csv","Hospital diagnosis code included in canonical event definition."
"bacterial_infection","A6690","ICD10","","bacterial_infection","Code/00_inputs/canonical_icd_codes.csv","Hospital diagnosis code included in canonical event definition."
"bacterial_infection","A670","ICD10","","bacterial_infection","Code/00_inputs/canonical_icd_codes.csv","Hospital diagnosis code included in canonical event definition."
"bacterial_infection","A6700","ICD10","","bacterial_infection","Code/00_inputs/canonical_icd_codes.csv","Hospital diagnosis code included in canonical event definition."
"bacterial_infection","A671","ICD10","","bacterial_infection","Code/00_inputs/canonical_icd_codes.csv","Hospital diagnosis code included in canonical event definition."
"bacterial_infection","A6710","ICD10","","bacterial_infection","Code/00_inputs/canonical_icd_codes.csv","Hospital diagnosis code included in canonical event definition."
"bacterial_infection","A672","ICD10","","bacterial_infection","Code/00_inputs/canonical_icd_codes.csv","Hospital diagnosis code included in canonical event definition."
"bacterial_infection","A6720","ICD10","","bacterial_infection","Code/00_inputs/canonical_icd_codes.csv","Hospital diagnosis code included in canonical event definition."
"bacterial_infection","A673","ICD10","","bacterial_infection","Code/00_inputs/canonical_icd_codes.csv","Hospital diagnosis code included in canonical event definition."
"bacterial_infection","A6730","ICD10","","bacterial_infection","Code/00_inputs/canonical_icd_codes.csv","Hospital diagnosis code included in canonical event definition."
"bacterial_infection","A679","ICD10","","bacterial_infection","Code/00_inputs/canonical_icd_codes.csv","Hospital diagnosis code included in canonical event definition."
"bacterial_infection","A6790","ICD10","","bacterial_infection","Code/00_inputs/canonical_icd_codes.csv","Hospital diagnosis code included in canonical event definition."
"bacterial_infection","A680","ICD10","","bacterial_infection","Code/00_inputs/canonical_icd_codes.csv","Hospital diagnosis code included in canonical event definition."
"bacterial_infection","A6800","ICD10","","bacterial_infection","Code/00_inputs/canonical_icd_codes.csv","Hospital diagnosis code included in canonical event definition."
"bacterial_infection","A681","ICD10","","bacterial_infection","Code/00_inputs/canonical_icd_codes.csv","Hospital diagnosis code included in canonical event definition."
"bacterial_infection","A6810","ICD10","","bacterial_infection","Code/00_inputs/canonical_icd_codes.csv","Hospital diagnosis code included in canonical event definition."
"bacterial_infection","A689","ICD10","","bacterial_infection","Code/00_inputs/canonical_icd_codes.csv","Hospital diagnosis code included in canonical event definition."
"bacterial_infection","A6890","ICD10","","bacterial_infection","Code/00_inputs/canonical_icd_codes.csv","Hospital diagnosis code included in canonical event definition."
"bacterial_infection","A691","ICD10","","bacterial_infection","Code/00_inputs/canonical_icd_codes.csv","Hospital diagnosis code included in canonical event definition."
"bacterial_infection","A6910","ICD10","","bacterial_infection","Code/00_inputs/canonical_icd_codes.csv","Hospital diagnosis code included in canonical event definition."
"bacterial_infection","A698","ICD10","","bacterial_infection","Code/00_inputs/canonical_icd_codes.csv","Hospital diagnosis code included in canonical event definition."
"bacterial_infection","A6980","ICD10","","bacterial_infection","Code/00_inputs/canonical_icd_codes.csv","Hospital diagnosis code included in canonical event definition."
"bacterial_infection","A699","ICD10","","bacterial_infection","Code/00_inputs/canonical_icd_codes.csv","Hospital diagnosis code included in canonical event definition."
"bacterial_infection","A6990","ICD10","","bacterial_infection","Code/00_inputs/canonical_icd_codes.csv","Hospital diagnosis code included in canonical event definition."
"bacterial_infection","A70","ICD10","","bacterial_infection","Code/00_inputs/canonical_icd_codes.csv","Hospital diagnosis code included in canonical event definition."
"bacterial_infection","A700","ICD10","","bacterial_infection","Code/00_inputs/canonical_icd_codes.csv","Hospital diagnosis code included in canonical event definition."
"bacterial_infection","A7000","ICD10","","bacterial_infection","Code/00_inputs/canonical_icd_codes.csv","Hospital diagnosis code included in canonical event definition."
"bacterial_infection","A710","ICD10","","bacterial_infection","Code/00_inputs/canonical_icd_codes.csv","Hospital diagnosis code included in canonical event definition."
"bacterial_infection","A7100","ICD10","","bacterial_infection","Code/00_inputs/canonical_icd_codes.csv","Hospital diagnosis code included in canonical event definition."
"bacterial_infection","A711","ICD10","","bacterial_infection","Code/00_inputs/canonical_icd_codes.csv","Hospital diagnosis code included in canonical event definition."
"bacterial_infection","A7110","ICD10","","bacterial_infection","Code/00_inputs/canonical_icd_codes.csv","Hospital diagnosis code included in canonical event definition."
"bacterial_infection","A719","ICD10","","bacterial_infection","Code/00_inputs/canonical_icd_codes.csv","Hospital diagnosis code included in canonical event definition."
"bacterial_infection","A7190","ICD10","","bacterial_infection","Code/00_inputs/canonical_icd_codes.csv","Hospital diagnosis code included in canonical event definition."
"bacterial_infection","A740","ICD10","","bacterial_infection","Code/00_inputs/canonical_icd_codes.csv","Hospital diagnosis code included in canonical event definition."
"bacterial_infection","A7400","ICD10","","bacterial_infection","Code/00_inputs/canonical_icd_codes.csv","Hospital diagnosis code included in canonical event definition."
"bacterial_infection","A748","ICD10","","bacterial_infection","Code/00_inputs/canonical_icd_codes.csv","Hospital diagnosis code included in canonical event definition."
"bacterial_infection","A7480","ICD10","","bacterial_infection","Code/00_inputs/canonical_icd_codes.csv","Hospital diagnosis code included in canonical event definition."
"bacterial_infection","A749","ICD10","","bacterial_infection","Code/00_inputs/canonical_icd_codes.csv","Hospital diagnosis code included in canonical event definition."
"bacterial_infection","A7490","ICD10","","bacterial_infection","Code/00_inputs/canonical_icd_codes.csv","Hospital diagnosis code included in canonical event definition."
"bacterial_infection","A750","ICD10","","bacterial_infection","Code/00_inputs/canonical_icd_codes.csv","Hospital diagnosis code included in canonical event definition."
"bacterial_infection","A7500","ICD10","","bacterial_infection","Code/00_inputs/canonical_icd_codes.csv","Hospital diagnosis code included in canonical event definition."
"bacterial_infection","A751","ICD10","","bacterial_infection","Code/00_inputs/canonical_icd_codes.csv","Hospital diagnosis code included in canonical event definition."
"bacterial_infection","A7510","ICD10","","bacterial_infection","Code/00_inputs/canonical_icd_codes.csv","Hospital diagnosis code included in canonical event definition."
"bacterial_infection","A752","ICD10","","bacterial_infection","Code/00_inputs/canonical_icd_codes.csv","Hospital diagnosis code included in canonical event definition."
"bacterial_infection","A7520","ICD10","","bacterial_infection","Code/00_inputs/canonical_icd_codes.csv","Hospital diagnosis code included in canonical event definition."
"bacterial_infection","A753","ICD10","","bacterial_infection","Code/00_inputs/canonical_icd_codes.csv","Hospital diagnosis code included in canonical event definition."
"bacterial_infection","A7530","ICD10","","bacterial_infection","Code/00_inputs/canonical_icd_codes.csv","Hospital diagnosis code included in canonical event definition."
"bacterial_infection","A759","ICD10","","bacterial_infection","Code/00_inputs/canonical_icd_codes.csv","Hospital diagnosis code included in canonical event definition."
"bacterial_infection","A7590","ICD10","","bacterial_infection","Code/00_inputs/canonical_icd_codes.csv","Hospital diagnosis code included in canonical event definition."
"bacterial_infection","A770","ICD10","","bacterial_infection","Code/00_inputs/canonical_icd_codes.csv","Hospital diagnosis code included in canonical event definition."
"bacterial_infection","A7700","ICD10","","bacterial_infection","Code/00_inputs/canonical_icd_codes.csv","Hospital diagnosis code included in canonical event definition."
"bacterial_infection","A771","ICD10","","bacterial_infection","Code/00_inputs/canonical_icd_codes.csv","Hospital diagnosis code included in canonical event definition."
"bacterial_infection","A7710","ICD10","","bacterial_infection","Code/00_inputs/canonical_icd_codes.csv","Hospital diagnosis code included in canonical event definition."
"bacterial_infection","A772","ICD10","","bacterial_infection","Code/00_inputs/canonical_icd_codes.csv","Hospital diagnosis code included in canonical event definition."
"bacterial_infection","A7720","ICD10","","bacterial_infection","Code/00_inputs/canonical_icd_codes.csv","Hospital diagnosis code included in canonical event definition."
"bacterial_infection","A773","ICD10","","bacterial_infection","Code/00_inputs/canonical_icd_codes.csv","Hospital diagnosis code included in canonical event definition."
"bacterial_infection","A7730","ICD10","","bacterial_infection","Code/00_inputs/canonical_icd_codes.csv","Hospital diagnosis code included in canonical event definition."
"bacterial_infection","A778","ICD10","","bacterial_infection","Code/00_inputs/canonical_icd_codes.csv","Hospital diagnosis code included in canonical event definition."
"bacterial_infection","A7780","ICD10","","bacterial_infection","Code/00_inputs/canonical_icd_codes.csv","Hospital diagnosis code included in canonical event definition."
"bacterial_infection","A779","ICD10","","bacterial_infection","Code/00_inputs/canonical_icd_codes.csv","Hospital diagnosis code included in canonical event definition."
"bacterial_infection","A7790","ICD10","","bacterial_infection","Code/00_inputs/canonical_icd_codes.csv","Hospital diagnosis code included in canonical event definition."
"bacterial_infection","A78","ICD10","","bacterial_infection","Code/00_inputs/canonical_icd_codes.csv","Hospital diagnosis code included in canonical event definition."
"bacterial_infection","A780","ICD10","","bacterial_infection","Code/00_inputs/canonical_icd_codes.csv","Hospital diagnosis code included in canonical event definition."
"bacterial_infection","A7800","ICD10","","bacterial_infection","Code/00_inputs/canonical_icd_codes.csv","Hospital diagnosis code included in canonical event definition."
"bacterial_infection","A790","ICD10","","bacterial_infection","Code/00_inputs/canonical_icd_codes.csv","Hospital diagnosis code included in canonical event definition."
"bacterial_infection","A7900","ICD10","","bacterial_infection","Code/00_inputs/canonical_icd_codes.csv","Hospital diagnosis code included in canonical event definition."
"bacterial_infection","A791","ICD10","","bacterial_infection","Code/00_inputs/canonical_icd_codes.csv","Hospital diagnosis code included in canonical event definition."
"bacterial_infection","A7910","ICD10","","bacterial_infection","Code/00_inputs/canonical_icd_codes.csv","Hospital diagnosis code included in canonical event definition."
"bacterial_infection","A798","ICD10","","bacterial_infection","Code/00_inputs/canonical_icd_codes.csv","Hospital diagnosis code included in canonical event definition."
"bacterial_infection","A7980","ICD10","","bacterial_infection","Code/00_inputs/canonical_icd_codes.csv","Hospital diagnosis code included in canonical event definition."
"bacterial_infection","A799","ICD10","","bacterial_infection","Code/00_inputs/canonical_icd_codes.csv","Hospital diagnosis code included in canonical event definition."
"bacterial_infection","A7990","ICD10","","bacterial_infection","Code/00_inputs/canonical_icd_codes.csv","Hospital diagnosis code included in canonical event definition."
"bacterial_infection","B479","ICD10","","bacterial_infection","Code/00_inputs/canonical_icd_codes.csv","Hospital diagnosis code included in canonical event definition."
"bacterial_infection","B4790","ICD10","","bacterial_infection","Code/00_inputs/canonical_icd_codes.csv","Hospital diagnosis code included in canonical event definition."
"bacterial_infection","B900","ICD10","","bacterial_infection","Code/00_inputs/canonical_icd_codes.csv","Hospital diagnosis code included in canonical event definition."
"bacterial_infection","B9000","ICD10","","bacterial_infection","Code/00_inputs/canonical_icd_codes.csv","Hospital diagnosis code included in canonical event definition."
"bacterial_infection","B901","ICD10","","bacterial_infection","Code/00_inputs/canonical_icd_codes.csv","Hospital diagnosis code included in canonical event definition."
"bacterial_infection","B9010","ICD10","","bacterial_infection","Code/00_inputs/canonical_icd_codes.csv","Hospital diagnosis code included in canonical event definition."
"bacterial_infection","B902","ICD10","","bacterial_infection","Code/00_inputs/canonical_icd_codes.csv","Hospital diagnosis code included in canonical event definition."
"bacterial_infection","B9020","ICD10","","bacterial_infection","Code/00_inputs/canonical_icd_codes.csv","Hospital diagnosis code included in canonical event definition."
"bacterial_infection","B908","ICD10","","bacterial_infection","Code/00_inputs/canonical_icd_codes.csv","Hospital diagnosis code included in canonical event definition."
"bacterial_infection","B9080","ICD10","","bacterial_infection","Code/00_inputs/canonical_icd_codes.csv","Hospital diagnosis code included in canonical event definition."
"bacterial_infection","B909","ICD10","","bacterial_infection","Code/00_inputs/canonical_icd_codes.csv","Hospital diagnosis code included in canonical event definition."
"bacterial_infection","B9090","ICD10","","bacterial_infection","Code/00_inputs/canonical_icd_codes.csv","Hospital diagnosis code included in canonical event definition."
"bacterial_infection","B950","ICD10","","bacterial_infection","Code/00_inputs/canonical_icd_codes.csv","Hospital diagnosis code included in canonical event definition."
"bacterial_infection","B9500","ICD10","","bacterial_infection","Code/00_inputs/canonical_icd_codes.csv","Hospital diagnosis code included in canonical event definition."
"bacterial_infection","B951","ICD10","","bacterial_infection","Code/00_inputs/canonical_icd_codes.csv","Hospital diagnosis code included in canonical event definition."
"bacterial_infection","B9510","ICD10","","bacterial_infection","Code/00_inputs/canonical_icd_codes.csv","Hospital diagnosis code included in canonical event definition."
"bacterial_infection","B952","ICD10","","bacterial_infection","Code/00_inputs/canonical_icd_codes.csv","Hospital diagnosis code included in canonical event definition."
"bacterial_infection","B9520","ICD10","","bacterial_infection","Code/00_inputs/canonical_icd_codes.csv","Hospital diagnosis code included in canonical event definition."
"bacterial_infection","B953","ICD10","","bacterial_infection","Code/00_inputs/canonical_icd_codes.csv","Hospital diagnosis code included in canonical event definition."
"bacterial_infection","B9530","ICD10","","bacterial_infection","Code/00_inputs/canonical_icd_codes.csv","Hospital diagnosis code included in canonical event definition."
"bacterial_infection","B9541","ICD10","","bacterial_infection","Code/00_inputs/canonical_icd_codes.csv","Hospital diagnosis code included in canonical event definition."
"bacterial_infection","B9542","ICD10","","bacterial_infection","Code/00_inputs/canonical_icd_codes.csv","Hospital diagnosis code included in canonical event definition."
"bacterial_infection","B9548","ICD10","","bacterial_infection","Code/00_inputs/canonical_icd_codes.csv","Hospital diagnosis code included in canonical event definition."
"bacterial_infection","B956","ICD10","","bacterial_infection","Code/00_inputs/canonical_icd_codes.csv","Hospital diagnosis code included in canonical event definition."
"bacterial_infection","B9560","ICD10","","bacterial_infection","Code/00_inputs/canonical_icd_codes.csv","Hospital diagnosis code included in canonical event definition."
"bacterial_infection","B957","ICD10","","bacterial_infection","Code/00_inputs/canonical_icd_codes.csv","Hospital diagnosis code included in canonical event definition."
"bacterial_infection","B9570","ICD10","","bacterial_infection","Code/00_inputs/canonical_icd_codes.csv","Hospital diagnosis code included in canonical event definition."
"bacterial_infection","B958","ICD10","","bacterial_infection","Code/00_inputs/canonical_icd_codes.csv","Hospital diagnosis code included in canonical event definition."
"bacterial_infection","B9580","ICD10","","bacterial_infection","Code/00_inputs/canonical_icd_codes.csv","Hospital diagnosis code included in canonical event definition."
"bacterial_infection","B962","ICD10","","bacterial_infection","Code/00_inputs/canonical_icd_codes.csv","Hospital diagnosis code included in canonical event definition."
"bacterial_infection","B9620","ICD10","","bacterial_infection","Code/00_inputs/canonical_icd_codes.csv","Hospital diagnosis code included in canonical event definition."
"bacterial_infection","B963","ICD10","","bacterial_infection","Code/00_inputs/canonical_icd_codes.csv","Hospital diagnosis code included in canonical event definition."
"bacterial_infection","B9630","ICD10","","bacterial_infection","Code/00_inputs/canonical_icd_codes.csv","Hospital diagnosis code included in canonical event definition."
"bacterial_infection","B964","ICD10","","bacterial_infection","Code/00_inputs/canonical_icd_codes.csv","Hospital diagnosis code included in canonical event definition."
"bacterial_infection","B9640","ICD10","","bacterial_infection","Code/00_inputs/canonical_icd_codes.csv","Hospital diagnosis code included in canonical event definition."
"bacterial_infection","B965","ICD10","","bacterial_infection","Code/00_inputs/canonical_icd_codes.csv","Hospital diagnosis code included in canonical event definition."
"bacterial_infection","B9650","ICD10","","bacterial_infection","Code/00_inputs/canonical_icd_codes.csv","Hospital diagnosis code included in canonical event definition."
"bacterial_infection","B966","ICD10","","bacterial_infection","Code/00_inputs/canonical_icd_codes.csv","Hospital diagnosis code included in canonical event definition."
"bacterial_infection","B9660","ICD10","","bacterial_infection","Code/00_inputs/canonical_icd_codes.csv","Hospital diagnosis code included in canonical event definition."
"bacterial_infection","B967","ICD10","","bacterial_infection","Code/00_inputs/canonical_icd_codes.csv","Hospital diagnosis code included in canonical event definition."
"bacterial_infection","B9670","ICD10","","bacterial_infection","Code/00_inputs/canonical_icd_codes.csv","Hospital diagnosis code included in canonical event definition."
"bacterial_infection","B9681","ICD10","","bacterial_infection","Code/00_inputs/canonical_icd_codes.csv","Hospital diagnosis code included in canonical event definition."
"bacterial_infection","B9688","ICD10","","bacterial_infection","Code/00_inputs/canonical_icd_codes.csv","Hospital diagnosis code included in canonical event definition."
"bacterial_infection","D77","ICD10","","bacterial_infection","Code/00_inputs/canonical_icd_codes.csv","Hospital diagnosis code included in canonical event definition."
"bacterial_infection","D770","ICD10","","bacterial_infection","Code/00_inputs/canonical_icd_codes.csv","Hospital diagnosis code included in canonical event definition."
"bacterial_infection","D7700","ICD10","","bacterial_infection","Code/00_inputs/canonical_icd_codes.csv","Hospital diagnosis code included in canonical event definition."
"bacterial_infection","E350","ICD10","","bacterial_infection","Code/00_inputs/canonical_icd_codes.csv","Hospital diagnosis code included in canonical event definition."
"bacterial_infection","E3500","ICD10","","bacterial_infection","Code/00_inputs/canonical_icd_codes.csv","Hospital diagnosis code included in canonical event definition."
"bacterial_infection","G000","ICD10","","bacterial_infection","Code/00_inputs/canonical_icd_codes.csv","Hospital diagnosis code included in canonical event definition."
"bacterial_infection","G0000","ICD10","","bacterial_infection","Code/00_inputs/canonical_icd_codes.csv","Hospital diagnosis code included in canonical event definition."
"bacterial_infection","G001","ICD10","","bacterial_infection","Code/00_inputs/canonical_icd_codes.csv","Hospital diagnosis code included in canonical event definition."
"bacterial_infection","G0010","ICD10","","bacterial_infection","Code/00_inputs/canonical_icd_codes.csv","Hospital diagnosis code included in canonical event definition."
"bacterial_infection","G002","ICD10","","bacterial_infection","Code/00_inputs/canonical_icd_codes.csv","Hospital diagnosis code included in canonical event definition."
"bacterial_infection","G0020","ICD10","","bacterial_infection","Code/00_inputs/canonical_icd_codes.csv","Hospital diagnosis code included in canonical event definition."
"bacterial_infection","G003","ICD10","","bacterial_infection","Code/00_inputs/canonical_icd_codes.csv","Hospital diagnosis code included in canonical event definition."
"bacterial_infection","G0030","ICD10","","bacterial_infection","Code/00_inputs/canonical_icd_codes.csv","Hospital diagnosis code included in canonical event definition."
"bacterial_infection","G008","ICD10","","bacterial_infection","Code/00_inputs/canonical_icd_codes.csv","Hospital diagnosis code included in canonical event definition."
"bacterial_infection","G0080","ICD10","","bacterial_infection","Code/00_inputs/canonical_icd_codes.csv","Hospital diagnosis code included in canonical event definition."
"bacterial_infection","G009","ICD10","","bacterial_infection","Code/00_inputs/canonical_icd_codes.csv","Hospital diagnosis code included in canonical event definition."
"bacterial_infection","G0090","ICD10","","bacterial_infection","Code/00_inputs/canonical_icd_codes.csv","Hospital diagnosis code included in canonical event definition."
"bacterial_infection","G01","ICD10","","bacterial_infection","Code/00_inputs/canonical_icd_codes.csv","Hospital diagnosis code included in canonical event definition."
"bacterial_infection","G010","ICD10","","bacterial_infection","Code/00_inputs/canonical_icd_codes.csv","Hospital diagnosis code included in canonical event definition."
"bacterial_infection","G0100","ICD10","","bacterial_infection","Code/00_inputs/canonical_icd_codes.csv","Hospital diagnosis code included in canonical event definition."
"bacterial_infection","G050","ICD10","","bacterial_infection","Code/00_inputs/canonical_icd_codes.csv","Hospital diagnosis code included in canonical event definition."
"bacterial_infection","G0500","ICD10","","bacterial_infection","Code/00_inputs/canonical_icd_codes.csv","Hospital diagnosis code included in canonical event definition."
"bacterial_infection","G060","ICD10","","bacterial_infection","Code/00_inputs/canonical_icd_codes.csv","Hospital diagnosis code included in canonical event definition."
"bacterial_infection","G0600","ICD10","","bacterial_infection","Code/00_inputs/canonical_icd_codes.csv","Hospital diagnosis code included in canonical event definition."
"bacterial_infection","G061","ICD10","","bacterial_infection","Code/00_inputs/canonical_icd_codes.csv","Hospital diagnosis code included in canonical event definition."
"bacterial_infection","G0610","ICD10","","bacterial_infection","Code/00_inputs/canonical_icd_codes.csv","Hospital diagnosis code included in canonical event definition."
"bacterial_infection","G062","ICD10","","bacterial_infection","Code/00_inputs/canonical_icd_codes.csv","Hospital diagnosis code included in canonical event definition."
"bacterial_infection","G0620","ICD10","","bacterial_infection","Code/00_inputs/canonical_icd_codes.csv","Hospital diagnosis code included in canonical event definition."
"bacterial_infection","H131","ICD10","","bacterial_infection","Code/00_inputs/canonical_icd_codes.csv","Hospital diagnosis code included in canonical event definition."
"bacterial_infection","H1310","ICD10","","bacterial_infection","Code/00_inputs/canonical_icd_codes.csv","Hospital diagnosis code included in canonical event definition."
"bacterial_infection","H190","ICD10","","bacterial_infection","Code/00_inputs/canonical_icd_codes.csv","Hospital diagnosis code included in canonical event definition."
"bacterial_infection","H1900","ICD10","","bacterial_infection","Code/00_inputs/canonical_icd_codes.csv","Hospital diagnosis code included in canonical event definition."
"bacterial_infection","H192","ICD10","","bacterial_infection","Code/00_inputs/canonical_icd_codes.csv","Hospital diagnosis code included in canonical event definition."
"bacterial_infection","H1920","ICD10","","bacterial_infection","Code/00_inputs/canonical_icd_codes.csv","Hospital diagnosis code included in canonical event definition."
"bacterial_infection","H220","ICD10","","bacterial_infection","Code/00_inputs/canonical_icd_codes.csv","Hospital diagnosis code included in canonical event definition."
"bacterial_infection","H2200","ICD10","","bacterial_infection","Code/00_inputs/canonical_icd_codes.csv","Hospital diagnosis code included in canonical event definition."
"bacterial_infection","H320","ICD10","","bacterial_infection","Code/00_inputs/canonical_icd_codes.csv","Hospital diagnosis code included in canonical event definition."
"bacterial_infection","H3200","ICD10","","bacterial_infection","Code/00_inputs/canonical_icd_codes.csv","Hospital diagnosis code included in canonical event definition."
"bacterial_infection","H480","ICD10","","bacterial_infection","Code/00_inputs/canonical_icd_codes.csv","Hospital diagnosis code included in canonical event definition."
"bacterial_infection","H4800","ICD10","","bacterial_infection","Code/00_inputs/canonical_icd_codes.csv","Hospital diagnosis code included in canonical event definition."
"bacterial_infection","H481","ICD10","","bacterial_infection","Code/00_inputs/canonical_icd_codes.csv","Hospital diagnosis code included in canonical event definition."
"bacterial_infection","H4810","ICD10","","bacterial_infection","Code/00_inputs/canonical_icd_codes.csv","Hospital diagnosis code included in canonical event definition."
"bacterial_infection","H700","ICD10","","bacterial_infection","Code/00_inputs/canonical_icd_codes.csv","Hospital diagnosis code included in canonical event definition."
"bacterial_infection","H7000","ICD10","","bacterial_infection","Code/00_inputs/canonical_icd_codes.csv","Hospital diagnosis code included in canonical event definition."
"bacterial_infection","H701","ICD10","","bacterial_infection","Code/00_inputs/canonical_icd_codes.csv","Hospital diagnosis code included in canonical event definition."
"bacterial_infection","H7010","ICD10","","bacterial_infection","Code/00_inputs/canonical_icd_codes.csv","Hospital diagnosis code included in canonical event definition."
"bacterial_infection","H702","ICD10","","bacterial_infection","Code/00_inputs/canonical_icd_codes.csv","Hospital diagnosis code included in canonical event definition."
"bacterial_infection","H7020","ICD10","","bacterial_infection","Code/00_inputs/canonical_icd_codes.csv","Hospital diagnosis code included in canonical event definition."
"bacterial_infection","H708","ICD10","","bacterial_infection","Code/00_inputs/canonical_icd_codes.csv","Hospital diagnosis code included in canonical event definition."
"bacterial_infection","H7080","ICD10","","bacterial_infection","Code/00_inputs/canonical_icd_codes.csv","Hospital diagnosis code included in canonical event definition."
"bacterial_infection","H709","ICD10","","bacterial_infection","Code/00_inputs/canonical_icd_codes.csv","Hospital diagnosis code included in canonical event definition."
"bacterial_infection","H7090","ICD10","","bacterial_infection","Code/00_inputs/canonical_icd_codes.csv","Hospital diagnosis code included in canonical event definition."
"bacterial_infection","H750","ICD10","","bacterial_infection","Code/00_inputs/canonical_icd_codes.csv","Hospital diagnosis code included in canonical event definition."
"bacterial_infection","H7500","ICD10","","bacterial_infection","Code/00_inputs/canonical_icd_codes.csv","Hospital diagnosis code included in canonical event definition."
"bacterial_infection","H940","ICD10","","bacterial_infection","Code/00_inputs/canonical_icd_codes.csv","Hospital diagnosis code included in canonical event definition."
"bacterial_infection","H9400","ICD10","","bacterial_infection","Code/00_inputs/canonical_icd_codes.csv","Hospital diagnosis code included in canonical event definition."
"bacterial_infection","H950","ICD10","","bacterial_infection","Code/00_inputs/canonical_icd_codes.csv","Hospital diagnosis code included in canonical event definition."
"bacterial_infection","H9500","ICD10","","bacterial_infection","Code/00_inputs/canonical_icd_codes.csv","Hospital diagnosis code included in canonical event definition."
"bacterial_infection","H951","ICD10","","bacterial_infection","Code/00_inputs/canonical_icd_codes.csv","Hospital diagnosis code included in canonical event definition."
"bacterial_infection","H9510","ICD10","","bacterial_infection","Code/00_inputs/canonical_icd_codes.csv","Hospital diagnosis code included in canonical event definition."
"bacterial_infection","I320","ICD10","","bacterial_infection","Code/00_inputs/canonical_icd_codes.csv","Hospital diagnosis code included in canonical event definition."
"bacterial_infection","I3200","ICD10","","bacterial_infection","Code/00_inputs/canonical_icd_codes.csv","Hospital diagnosis code included in canonical event definition."
"bacterial_infection","I390","ICD10","","bacterial_infection","Code/00_inputs/canonical_icd_codes.csv","Hospital diagnosis code included in canonical event definition."
"bacterial_infection","I3900","ICD10","","bacterial_infection","Code/00_inputs/canonical_icd_codes.csv","Hospital diagnosis code included in canonical event definition."
"bacterial_infection","I391","ICD10","","bacterial_infection","Code/00_inputs/canonical_icd_codes.csv","Hospital diagnosis code included in canonical event definition."
"bacterial_infection","I3910","ICD10","","bacterial_infection","Code/00_inputs/canonical_icd_codes.csv","Hospital diagnosis code included in canonical event definition."
"bacterial_infection","I392","ICD10","","bacterial_infection","Code/00_inputs/canonical_icd_codes.csv","Hospital diagnosis code included in canonical event definition."
"bacterial_infection","I3920","ICD10","","bacterial_infection","Code/00_inputs/canonical_icd_codes.csv","Hospital diagnosis code included in canonical event definition."
"bacterial_infection","I393","ICD10","","bacterial_infection","Code/00_inputs/canonical_icd_codes.csv","Hospital diagnosis code included in canonical event definition."
"bacterial_infection","I3930","ICD10","","bacterial_infection","Code/00_inputs/canonical_icd_codes.csv","Hospital diagnosis code included in canonical event definition."
"bacterial_infection","I398","ICD10","","bacterial_infection","Code/00_inputs/canonical_icd_codes.csv","Hospital diagnosis code included in canonical event definition."
"bacterial_infection","I3980","ICD10","","bacterial_infection","Code/00_inputs/canonical_icd_codes.csv","Hospital diagnosis code included in canonical event definition."
"bacterial_infection","I410","ICD10","","bacterial_infection","Code/00_inputs/canonical_icd_codes.csv","Hospital diagnosis code included in canonical event definition."
"bacterial_infection","I4100","ICD10","","bacterial_infection","Code/00_inputs/canonical_icd_codes.csv","Hospital diagnosis code included in canonical event definition."
"bacterial_infection","I520","ICD10","","bacterial_infection","Code/00_inputs/canonical_icd_codes.csv","Hospital diagnosis code included in canonical event definition."
"bacterial_infection","I5200","ICD10","","bacterial_infection","Code/00_inputs/canonical_icd_codes.csv","Hospital diagnosis code included in canonical event definition."
"bacterial_infection","I607","ICD10","","bacterial_infection","Code/00_inputs/canonical_icd_codes.csv","Hospital diagnosis code included in canonical event definition."
"bacterial_infection","I6070","ICD10","","bacterial_infection","Code/00_inputs/canonical_icd_codes.csv","Hospital diagnosis code included in canonical event definition."
"bacterial_infection","I790","ICD10","","bacterial_infection","Code/00_inputs/canonical_icd_codes.csv","Hospital diagnosis code included in canonical event definition."
"bacterial_infection","I7900","ICD10","","bacterial_infection","Code/00_inputs/canonical_icd_codes.csv","Hospital diagnosis code included in canonical event definition."
"bacterial_infection","I791","ICD10","","bacterial_infection","Code/00_inputs/canonical_icd_codes.csv","Hospital diagnosis code included in canonical event definition."
"bacterial_infection","I7910","ICD10","","bacterial_infection","Code/00_inputs/canonical_icd_codes.csv","Hospital diagnosis code included in canonical event definition."
"bacterial_infection","J020","ICD10","","bacterial_infection","Code/00_inputs/canonical_icd_codes.csv","Hospital diagnosis code included in canonical event definition."
"bacterial_infection","J0200","ICD10","","bacterial_infection","Code/00_inputs/canonical_icd_codes.csv","Hospital diagnosis code included in canonical event definition."
"bacterial_infection","J13","ICD10","","bacterial_infection","Code/00_inputs/canonical_icd_codes.csv","Hospital diagnosis code included in canonical event definition."
"bacterial_infection","J130","ICD10","","bacterial_infection","Code/00_inputs/canonical_icd_codes.csv","Hospital diagnosis code included in canonical event definition."
"bacterial_infection","J1300","ICD10","","bacterial_infection","Code/00_inputs/canonical_icd_codes.csv","Hospital diagnosis code included in canonical event definition."
"bacterial_infection","J14","ICD10","","bacterial_infection","Code/00_inputs/canonical_icd_codes.csv","Hospital diagnosis code included in canonical event definition."
"bacterial_infection","J140","ICD10","","bacterial_infection","Code/00_inputs/canonical_icd_codes.csv","Hospital diagnosis code included in canonical event definition."
"bacterial_infection","J1400","ICD10","","bacterial_infection","Code/00_inputs/canonical_icd_codes.csv","Hospital diagnosis code included in canonical event definition."
"bacterial_infection","J150","ICD10","","bacterial_infection","Code/00_inputs/canonical_icd_codes.csv","Hospital diagnosis code included in canonical event definition."
"bacterial_infection","J1500","ICD10","","bacterial_infection","Code/00_inputs/canonical_icd_codes.csv","Hospital diagnosis code included in canonical event definition."
"bacterial_infection","J151","ICD10","","bacterial_infection","Code/00_inputs/canonical_icd_codes.csv","Hospital diagnosis code included in canonical event definition."
"bacterial_infection","J1510","ICD10","","bacterial_infection","Code/00_inputs/canonical_icd_codes.csv","Hospital diagnosis code included in canonical event definition."
"bacterial_infection","J152","ICD10","","bacterial_infection","Code/00_inputs/canonical_icd_codes.csv","Hospital diagnosis code included in canonical event definition."
"bacterial_infection","J1520","ICD10","","bacterial_infection","Code/00_inputs/canonical_icd_codes.csv","Hospital diagnosis code included in canonical event definition."
"bacterial_infection","J153","ICD10","","bacterial_infection","Code/00_inputs/canonical_icd_codes.csv","Hospital diagnosis code included in canonical event definition."
"bacterial_infection","J1530","ICD10","","bacterial_infection","Code/00_inputs/canonical_icd_codes.csv","Hospital diagnosis code included in canonical event definition."
"bacterial_infection","J154","ICD10","","bacterial_infection","Code/00_inputs/canonical_icd_codes.csv","Hospital diagnosis code included in canonical event definition."
"bacterial_infection","J1540","ICD10","","bacterial_infection","Code/00_inputs/canonical_icd_codes.csv","Hospital diagnosis code included in canonical event definition."
"bacterial_infection","J155","ICD10","","bacterial_infection","Code/00_inputs/canonical_icd_codes.csv","Hospital diagnosis code included in canonical event definition."
"bacterial_infection","J1550","ICD10","","bacterial_infection","Code/00_inputs/canonical_icd_codes.csv","Hospital diagnosis code included in canonical event definition."
"bacterial_infection","J156","ICD10","","bacterial_infection","Code/00_inputs/canonical_icd_codes.csv","Hospital diagnosis code included in canonical event definition."
"bacterial_infection","J1560","ICD10","","bacterial_infection","Code/00_inputs/canonical_icd_codes.csv","Hospital diagnosis code included in canonical event definition."
"bacterial_infection","J158","ICD10","","bacterial_infection","Code/00_inputs/canonical_icd_codes.csv","Hospital diagnosis code included in canonical event definition."
"bacterial_infection","J1580","ICD10","","bacterial_infection","Code/00_inputs/canonical_icd_codes.csv","Hospital diagnosis code included in canonical event definition."
"bacterial_infection","J159","ICD10","","bacterial_infection","Code/00_inputs/canonical_icd_codes.csv","Hospital diagnosis code included in canonical event definition."
"bacterial_infection","J1590","ICD10","","bacterial_infection","Code/00_inputs/canonical_icd_codes.csv","Hospital diagnosis code included in canonical event definition."
"bacterial_infection","J170","ICD10","","bacterial_infection","Code/00_inputs/canonical_icd_codes.csv","Hospital diagnosis code included in canonical event definition."
"bacterial_infection","J1700","ICD10","","bacterial_infection","Code/00_inputs/canonical_icd_codes.csv","Hospital diagnosis code included in canonical event definition."
"bacterial_infection","J178","ICD10","","bacterial_infection","Code/00_inputs/canonical_icd_codes.csv","Hospital diagnosis code included in canonical event definition."
"bacterial_infection","J1780","ICD10","","bacterial_infection","Code/00_inputs/canonical_icd_codes.csv","Hospital diagnosis code included in canonical event definition."
"bacterial_infection","J36","ICD10","","bacterial_infection","Code/00_inputs/canonical_icd_codes.csv","Hospital diagnosis code included in canonical event definition."
"bacterial_infection","J360","ICD10","","bacterial_infection","Code/00_inputs/canonical_icd_codes.csv","Hospital diagnosis code included in canonical event definition."
"bacterial_infection","J3600","ICD10","","bacterial_infection","Code/00_inputs/canonical_icd_codes.csv","Hospital diagnosis code included in canonical event definition."
"bacterial_infection","J387","ICD10","","bacterial_infection","Code/00_inputs/canonical_icd_codes.csv","Hospital diagnosis code included in canonical event definition."
"bacterial_infection","J3870","ICD10","","bacterial_infection","Code/00_inputs/canonical_icd_codes.csv","Hospital diagnosis code included in canonical event definition."
"bacterial_infection","J852","ICD10","","bacterial_infection","Code/00_inputs/canonical_icd_codes.csv","Hospital diagnosis code included in canonical event definition."
"bacterial_infection","J8520","ICD10","","bacterial_infection","Code/00_inputs/canonical_icd_codes.csv","Hospital diagnosis code included in canonical event definition."
"bacterial_infection","J853","ICD10","","bacterial_infection","Code/00_inputs/canonical_icd_codes.csv","Hospital diagnosis code included in canonical event definition."
"bacterial_infection","J8530","ICD10","","bacterial_infection","Code/00_inputs/canonical_icd_codes.csv","Hospital diagnosis code included in canonical event definition."
"bacterial_infection","J998","ICD10","","bacterial_infection","Code/00_inputs/canonical_icd_codes.csv","Hospital diagnosis code included in canonical event definition."
"bacterial_infection","J9980","ICD10","","bacterial_infection","Code/00_inputs/canonical_icd_codes.csv","Hospital diagnosis code included in canonical event definition."
"bacterial_infection","K046","ICD10","","bacterial_infection","Code/00_inputs/canonical_icd_codes.csv","Hospital diagnosis code included in canonical event definition."
"bacterial_infection","K0460","ICD10","","bacterial_infection","Code/00_inputs/canonical_icd_codes.csv","Hospital diagnosis code included in canonical event definition."
"bacterial_infection","K052","ICD10","","bacterial_infection","Code/00_inputs/canonical_icd_codes.csv","Hospital diagnosis code included in canonical event definition."
"bacterial_infection","K0520","ICD10","","bacterial_infection","Code/00_inputs/canonical_icd_codes.csv","Hospital diagnosis code included in canonical event definition."
"bacterial_infection","K112","ICD10","","bacterial_infection","Code/00_inputs/canonical_icd_codes.csv","Hospital diagnosis code included in canonical event definition."
"bacterial_infection","K1120","ICD10","","bacterial_infection","Code/00_inputs/canonical_icd_codes.csv","Hospital diagnosis code included in canonical event definition."
"bacterial_infection","K113","ICD10","","bacterial_infection","Code/00_inputs/canonical_icd_codes.csv","Hospital diagnosis code included in canonical event definition."
"bacterial_infection","K1130","ICD10","","bacterial_infection","Code/00_inputs/canonical_icd_codes.csv","Hospital diagnosis code included in canonical event definition."
"bacterial_infection","K122","ICD10","","bacterial_infection","Code/00_inputs/canonical_icd_codes.csv","Hospital diagnosis code included in canonical event definition."
"bacterial_infection","K1220","ICD10","","bacterial_infection","Code/00_inputs/canonical_icd_codes.csv","Hospital diagnosis code included in canonical event definition."
"bacterial_infection","K230","ICD10","","bacterial_infection","Code/00_inputs/canonical_icd_codes.csv","Hospital diagnosis code included in canonical event definition."
"bacterial_infection","K2300","ICD10","","bacterial_infection","Code/00_inputs/canonical_icd_codes.csv","Hospital diagnosis code included in canonical event definition."
"bacterial_infection","K610","ICD10","","bacterial_infection","Code/00_inputs/canonical_icd_codes.csv","Hospital diagnosis code included in canonical event definition."
"bacterial_infection","K6100","ICD10","","bacterial_infection","Code/00_inputs/canonical_icd_codes.csv","Hospital diagnosis code included in canonical event definition."
"bacterial_infection","K630","ICD10","","bacterial_infection","Code/00_inputs/canonical_icd_codes.csv","Hospital diagnosis code included in canonical event definition."
"bacterial_infection","K6300","ICD10","","bacterial_infection","Code/00_inputs/canonical_icd_codes.csv","Hospital diagnosis code included in canonical event definition."
"bacterial_infection","K670","ICD10","","bacterial_infection","Code/00_inputs/canonical_icd_codes.csv","Hospital diagnosis code included in canonical event definition."
"bacterial_infection","K6700","ICD10","","bacterial_infection","Code/00_inputs/canonical_icd_codes.csv","Hospital diagnosis code included in canonical event definition."
"bacterial_infection","K671","ICD10","","bacterial_infection","Code/00_inputs/canonical_icd_codes.csv","Hospital diagnosis code included in canonical event definition."
"bacterial_infection","K6710","ICD10","","bacterial_infection","Code/00_inputs/canonical_icd_codes.csv","Hospital diagnosis code included in canonical event definition."
"bacterial_infection","K672","ICD10","","bacterial_infection","Code/00_inputs/canonical_icd_codes.csv","Hospital diagnosis code included in canonical event definition."
"bacterial_infection","K6720","ICD10","","bacterial_infection","Code/00_inputs/canonical_icd_codes.csv","Hospital diagnosis code included in canonical event definition."
"bacterial_infection","K678","ICD10","","bacterial_infection","Code/00_inputs/canonical_icd_codes.csv","Hospital diagnosis code included in canonical event definition."
"bacterial_infection","K6780","ICD10","","bacterial_infection","Code/00_inputs/canonical_icd_codes.csv","Hospital diagnosis code included in canonical event definition."
"bacterial_infection","K770","ICD10","","bacterial_infection","Code/00_inputs/canonical_icd_codes.csv","Hospital diagnosis code included in canonical event definition."
"bacterial_infection","K7700","ICD10","","bacterial_infection","Code/00_inputs/canonical_icd_codes.csv","Hospital diagnosis code included in canonical event definition."
"bacterial_infection","K908","ICD10","","bacterial_infection","Code/00_inputs/canonical_icd_codes.csv","Hospital diagnosis code included in canonical event definition."
"bacterial_infection","K9080","ICD10","","bacterial_infection","Code/00_inputs/canonical_icd_codes.csv","Hospital diagnosis code included in canonical event definition."
"bacterial_infection","K930","ICD10","","bacterial_infection","Code/00_inputs/canonical_icd_codes.csv","Hospital diagnosis code included in canonical event definition."
"bacterial_infection","K9300","ICD10","","bacterial_infection","Code/00_inputs/canonical_icd_codes.csv","Hospital diagnosis code included in canonical event definition."
"bacterial_infection","L010","ICD10","","bacterial_infection","Code/00_inputs/canonical_icd_codes.csv","Hospital diagnosis code included in canonical event definition."
"bacterial_infection","L0100","ICD10","","bacterial_infection","Code/00_inputs/canonical_icd_codes.csv","Hospital diagnosis code included in canonical event definition."
"bacterial_infection","L020","ICD10","","bacterial_infection","Code/00_inputs/canonical_icd_codes.csv","Hospital diagnosis code included in canonical event definition."
"bacterial_infection","L0200","ICD10","","bacterial_infection","Code/00_inputs/canonical_icd_codes.csv","Hospital diagnosis code included in canonical event definition."
"bacterial_infection","L021","ICD10","","bacterial_infection","Code/00_inputs/canonical_icd_codes.csv","Hospital diagnosis code included in canonical event definition."
"bacterial_infection","L0210","ICD10","","bacterial_infection","Code/00_inputs/canonical_icd_codes.csv","Hospital diagnosis code included in canonical event definition."
"bacterial_infection","L022","ICD10","","bacterial_infection","Code/00_inputs/canonical_icd_codes.csv","Hospital diagnosis code included in canonical event definition."
"bacterial_infection","L0220","ICD10","","bacterial_infection","Code/00_inputs/canonical_icd_codes.csv","Hospital diagnosis code included in canonical event definition."
"bacterial_infection","L023","ICD10","","bacterial_infection","Code/00_inputs/canonical_icd_codes.csv","Hospital diagnosis code included in canonical event definition."
"bacterial_infection","L0230","ICD10","","bacterial_infection","Code/00_inputs/canonical_icd_codes.csv","Hospital diagnosis code included in canonical event definition."
"bacterial_infection","L024","ICD10","","bacterial_infection","Code/00_inputs/canonical_icd_codes.csv","Hospital diagnosis code included in canonical event definition."
"bacterial_infection","L0240","ICD10","","bacterial_infection","Code/00_inputs/canonical_icd_codes.csv","Hospital diagnosis code included in canonical event definition."
"bacterial_infection","L028","ICD10","","bacterial_infection","Code/00_inputs/canonical_icd_codes.csv","Hospital diagnosis code included in canonical event definition."
"bacterial_infection","L0280","ICD10","","bacterial_infection","Code/00_inputs/canonical_icd_codes.csv","Hospital diagnosis code included in canonical event definition."
"bacterial_infection","L029","ICD10","","bacterial_infection","Code/00_inputs/canonical_icd_codes.csv","Hospital diagnosis code included in canonical event definition."
"bacterial_infection","L0290","ICD10","","bacterial_infection","Code/00_inputs/canonical_icd_codes.csv","Hospital diagnosis code included in canonical event definition."
"bacterial_infection","L0301","ICD10","","bacterial_infection","Code/00_inputs/canonical_icd_codes.csv","Hospital diagnosis code included in canonical event definition."
"bacterial_infection","L0302","ICD10","","bacterial_infection","Code/00_inputs/canonical_icd_codes.csv","Hospital diagnosis code included in canonical event definition."
"bacterial_infection","L0310","ICD10","","bacterial_infection","Code/00_inputs/canonical_icd_codes.csv","Hospital diagnosis code included in canonical event definition."
"bacterial_infection","L0311","ICD10","","bacterial_infection","Code/00_inputs/canonical_icd_codes.csv","Hospital diagnosis code included in canonical event definition."
"bacterial_infection","L032","ICD10","","bacterial_infection","Code/00_inputs/canonical_icd_codes.csv","Hospital diagnosis code included in canonical event definition."
"bacterial_infection","L0320","ICD10","","bacterial_infection","Code/00_inputs/canonical_icd_codes.csv","Hospital diagnosis code included in canonical event definition."
"bacterial_infection","L033","ICD10","","bacterial_infection","Code/00_inputs/canonical_icd_codes.csv","Hospital diagnosis code included in canonical event definition."
"bacterial_infection","L0330","ICD10","","bacterial_infection","Code/00_inputs/canonical_icd_codes.csv","Hospital diagnosis code included in canonical event definition."
"bacterial_infection","L038","ICD10","","bacterial_infection","Code/00_inputs/canonical_icd_codes.csv","Hospital diagnosis code included in canonical event definition."
"bacterial_infection","L0380","ICD10","","bacterial_infection","Code/00_inputs/canonical_icd_codes.csv","Hospital diagnosis code included in canonical event definition."
"bacterial_infection","L039","ICD10","","bacterial_infection","Code/00_inputs/canonical_icd_codes.csv","Hospital diagnosis code included in canonical event definition."
"bacterial_infection","L0390","ICD10","","bacterial_infection","Code/00_inputs/canonical_icd_codes.csv","Hospital diagnosis code included in canonical event definition."
"bacterial_infection","L998","ICD10","","bacterial_infection","Code/00_inputs/canonical_icd_codes.csv","Hospital diagnosis code included in canonical event definition."
"bacterial_infection","L9980","ICD10","","bacterial_infection","Code/00_inputs/canonical_icd_codes.csv","Hospital diagnosis code included in canonical event definition."
"bacterial_infection","M0109","ICD10","","bacterial_infection","Code/00_inputs/canonical_icd_codes.csv","Hospital diagnosis code included in canonical event definition."
"bacterial_infection","M0139","ICD10","","bacterial_infection","Code/00_inputs/canonical_icd_codes.csv","Hospital diagnosis code included in canonical event definition."
"bacterial_infection","M6009","ICD10","","bacterial_infection","Code/00_inputs/canonical_icd_codes.csv","Hospital diagnosis code included in canonical event definition."
"bacterial_infection","M6309","ICD10","","bacterial_infection","Code/00_inputs/canonical_icd_codes.csv","Hospital diagnosis code included in canonical event definition."
"bacterial_infection","M6809","ICD10","","bacterial_infection","Code/00_inputs/canonical_icd_codes.csv","Hospital diagnosis code included in canonical event definition."
"bacterial_infection","M9019","ICD10","","bacterial_infection","Code/00_inputs/canonical_icd_codes.csv","Hospital diagnosis code included in canonical event definition."
"bacterial_infection","M9029","ICD10","","bacterial_infection","Code/00_inputs/canonical_icd_codes.csv","Hospital diagnosis code included in canonical event definition."
"bacterial_infection","N290","ICD10","","bacterial_infection","Code/00_inputs/canonical_icd_codes.csv","Hospital diagnosis code included in canonical event definition."
"bacterial_infection","N2900","ICD10","","bacterial_infection","Code/00_inputs/canonical_icd_codes.csv","Hospital diagnosis code included in canonical event definition."
"bacterial_infection","N302","ICD10","","bacterial_infection","Code/00_inputs/canonical_icd_codes.csv","Hospital diagnosis code included in canonical event definition."
"bacterial_infection","N3020","ICD10","","bacterial_infection","Code/00_inputs/canonical_icd_codes.csv","Hospital diagnosis code included in canonical event definition."
"bacterial_infection","N338","ICD10","","bacterial_infection","Code/00_inputs/canonical_icd_codes.csv","Hospital diagnosis code included in canonical event definition."
"bacterial_infection","N3380","ICD10","","bacterial_infection","Code/00_inputs/canonical_icd_codes.csv","Hospital diagnosis code included in canonical event definition."
"bacterial_infection","N390","ICD10","","bacterial_infection","Code/00_inputs/canonical_icd_codes.csv","Hospital diagnosis code included in canonical event definition."
"bacterial_infection","N3900","ICD10","","bacterial_infection","Code/00_inputs/canonical_icd_codes.csv","Hospital diagnosis code included in canonical event definition."
"bacterial_infection","N510","ICD10","","bacterial_infection","Code/00_inputs/canonical_icd_codes.csv","Hospital diagnosis code included in canonical event definition."
"bacterial_infection","N5100","ICD10","","bacterial_infection","Code/00_inputs/canonical_icd_codes.csv","Hospital diagnosis code included in canonical event definition."
"bacterial_infection","N511","ICD10","","bacterial_infection","Code/00_inputs/canonical_icd_codes.csv","Hospital diagnosis code included in canonical event definition."
"bacterial_infection","N5110","ICD10","","bacterial_infection","Code/00_inputs/canonical_icd_codes.csv","Hospital diagnosis code included in canonical event definition."
"bacterial_infection","N518","ICD10","","bacterial_infection","Code/00_inputs/canonical_icd_codes.csv","Hospital diagnosis code included in canonical event definition."
"bacterial_infection","N5180","ICD10","","bacterial_infection","Code/00_inputs/canonical_icd_codes.csv","Hospital diagnosis code included in canonical event definition."
"bacterial_infection","N72","ICD10","","bacterial_infection","Code/00_inputs/canonical_icd_codes.csv","Hospital diagnosis code included in canonical event definition."
"bacterial_infection","N720","ICD10","","bacterial_infection","Code/00_inputs/canonical_icd_codes.csv","Hospital diagnosis code included in canonical event definition."
"bacterial_infection","N7200","ICD10","","bacterial_infection","Code/00_inputs/canonical_icd_codes.csv","Hospital diagnosis code included in canonical event definition."
"bacterial_infection","N740","ICD10","","bacterial_infection","Code/00_inputs/canonical_icd_codes.csv","Hospital diagnosis code included in canonical event definition."
"bacterial_infection","N7400","ICD10","","bacterial_infection","Code/00_inputs/canonical_icd_codes.csv","Hospital diagnosis code included in canonical event definition."
"bacterial_infection","N741","ICD10","","bacterial_infection","Code/00_inputs/canonical_icd_codes.csv","Hospital diagnosis code included in canonical event definition."
"bacterial_infection","N7410","ICD10","","bacterial_infection","Code/00_inputs/canonical_icd_codes.csv","Hospital diagnosis code included in canonical event definition."
"bacterial_infection","N743","ICD10","","bacterial_infection","Code/00_inputs/canonical_icd_codes.csv","Hospital diagnosis code included in canonical event definition."
"bacterial_infection","N7430","ICD10","","bacterial_infection","Code/00_inputs/canonical_icd_codes.csv","Hospital diagnosis code included in canonical event definition."
"bacterial_infection","O239","ICD10","","bacterial_infection","Code/00_inputs/canonical_icd_codes.csv","Hospital diagnosis code included in canonical event definition."
"bacterial_infection","O2390","ICD10","","bacterial_infection","Code/00_inputs/canonical_icd_codes.csv","Hospital diagnosis code included in canonical event definition."
"bacterial_infection","O753","ICD10","","bacterial_infection","Code/00_inputs/canonical_icd_codes.csv","Hospital diagnosis code included in canonical event definition."
"bacterial_infection","O7530","ICD10","","bacterial_infection","Code/00_inputs/canonical_icd_codes.csv","Hospital diagnosis code included in canonical event definition."
"bacterial_infection","O85","ICD10","","bacterial_infection","Code/00_inputs/canonical_icd_codes.csv","Hospital diagnosis code included in canonical event definition."
"bacterial_infection","O850","ICD10","","bacterial_infection","Code/00_inputs/canonical_icd_codes.csv","Hospital diagnosis code included in canonical event definition."
"bacterial_infection","O8500","ICD10","","bacterial_infection","Code/00_inputs/canonical_icd_codes.csv","Hospital diagnosis code included in canonical event definition."
"bacterial_infection","O861","ICD10","","bacterial_infection","Code/00_inputs/canonical_icd_codes.csv","Hospital diagnosis code included in canonical event definition."
"bacterial_infection","O8610","ICD10","","bacterial_infection","Code/00_inputs/canonical_icd_codes.csv","Hospital diagnosis code included in canonical event definition."
"bacterial_infection","P38","ICD10","","bacterial_infection","Code/00_inputs/canonical_icd_codes.csv","Hospital diagnosis code included in canonical event definition."
"bacterial_infection","P380","ICD10","","bacterial_infection","Code/00_inputs/canonical_icd_codes.csv","Hospital diagnosis code included in canonical event definition."
"bacterial_infection","P3800","ICD10","","bacterial_infection","Code/00_inputs/canonical_icd_codes.csv","Hospital diagnosis code included in canonical event definition."
"bacterial_infection","R591","ICD10","","bacterial_infection","Code/00_inputs/canonical_icd_codes.csv","Hospital diagnosis code included in canonical event definition."
"bacterial_infection","R5910","ICD10","","bacterial_infection","Code/00_inputs/canonical_icd_codes.csv","Hospital diagnosis code included in canonical event definition."
"Breast cancer","C50","ICD10","","Breast cancer","Code/00_inputs/canonical_icd_codes.csv","Hospital diagnosis code included in canonical event definition."
"Breast cancer","C500","ICD10","","Breast cancer","Code/00_inputs/canonical_icd_codes.csv","Hospital diagnosis code included in canonical event definition."
"Breast cancer","C5000","ICD10","","Breast cancer","Code/00_inputs/canonical_icd_codes.csv","Hospital diagnosis code included in canonical event definition."
"Breast cancer","C501","ICD10","","Breast cancer","Code/00_inputs/canonical_icd_codes.csv","Hospital diagnosis code included in canonical event definition."
"Breast cancer","C5010","ICD10","","Breast cancer","Code/00_inputs/canonical_icd_codes.csv","Hospital diagnosis code included in canonical event definition."
"Breast cancer","C502","ICD10","","Breast cancer","Code/00_inputs/canonical_icd_codes.csv","Hospital diagnosis code included in canonical event definition."
"Breast cancer","C5020","ICD10","","Breast cancer","Code/00_inputs/canonical_icd_codes.csv","Hospital diagnosis code included in canonical event definition."
"Breast cancer","C503","ICD10","","Breast cancer","Code/00_inputs/canonical_icd_codes.csv","Hospital diagnosis code included in canonical event definition."
"Breast cancer","C5030","ICD10","","Breast cancer","Code/00_inputs/canonical_icd_codes.csv","Hospital diagnosis code included in canonical event definition."
"Breast cancer","C504","ICD10","","Breast cancer","Code/00_inputs/canonical_icd_codes.csv","Hospital diagnosis code included in canonical event definition."
"Breast cancer","C5040","ICD10","","Breast cancer","Code/00_inputs/canonical_icd_codes.csv","Hospital diagnosis code included in canonical event definition."
"Breast cancer","C505","ICD10","","Breast cancer","Code/00_inputs/canonical_icd_codes.csv","Hospital diagnosis code included in canonical event definition."
"Breast cancer","C5050","ICD10","","Breast cancer","Code/00_inputs/canonical_icd_codes.csv","Hospital diagnosis code included in canonical event definition."
"Breast cancer","C506","ICD10","","Breast cancer","Code/00_inputs/canonical_icd_codes.csv","Hospital diagnosis code included in canonical event definition."
"Breast cancer","C5060","ICD10","","Breast cancer","Code/00_inputs/canonical_icd_codes.csv","Hospital diagnosis code included in canonical event definition."
"Breast cancer","C508","ICD10","","Breast cancer","Code/00_inputs/canonical_icd_codes.csv","Hospital diagnosis code included in canonical event definition."
"Breast cancer","C5080","ICD10","","Breast cancer","Code/00_inputs/canonical_icd_codes.csv","Hospital diagnosis code included in canonical event definition."
"Breast cancer","C509","ICD10","","Breast cancer","Code/00_inputs/canonical_icd_codes.csv","Hospital diagnosis code included in canonical event definition."
"Breast cancer","C5090","ICD10","","Breast cancer","Code/00_inputs/canonical_icd_codes.csv","Hospital diagnosis code included in canonical event definition."
"Breast cancer","C50X","ICD10","","Breast cancer","Code/00_inputs/canonical_icd_codes.csv","Hospital diagnosis code included in canonical event definition."
"Breast cancer","C50X0","ICD10","","Breast cancer","Code/00_inputs/canonical_icd_codes.csv","Hospital diagnosis code included in canonical event definition."
"CANCER_COLORECTAL","C18","ICD10","","CANCER_COLORECTAL","Code/00_inputs/canonical_icd_codes.csv","Hospital diagnosis code included in canonical event definition."
"CANCER_COLORECTAL","C180","ICD10","","CANCER_COLORECTAL","Code/00_inputs/canonical_icd_codes.csv","Hospital diagnosis code included in canonical event definition."
"CANCER_COLORECTAL","C1800","ICD10","","CANCER_COLORECTAL","Code/00_inputs/canonical_icd_codes.csv","Hospital diagnosis code included in canonical event definition."
"CANCER_COLORECTAL","C182","ICD10","","CANCER_COLORECTAL","Code/00_inputs/canonical_icd_codes.csv","Hospital diagnosis code included in canonical event definition."
"CANCER_COLORECTAL","C1820","ICD10","","CANCER_COLORECTAL","Code/00_inputs/canonical_icd_codes.csv","Hospital diagnosis code included in canonical event definition."
"CANCER_COLORECTAL","C183","ICD10","","CANCER_COLORECTAL","Code/00_inputs/canonical_icd_codes.csv","Hospital diagnosis code included in canonical event definition."
"CANCER_COLORECTAL","C1830","ICD10","","CANCER_COLORECTAL","Code/00_inputs/canonical_icd_codes.csv","Hospital diagnosis code included in canonical event definition."
"CANCER_COLORECTAL","C184","ICD10","","CANCER_COLORECTAL","Code/00_inputs/canonical_icd_codes.csv","Hospital diagnosis code included in canonical event definition."
"CANCER_COLORECTAL","C1840","ICD10","","CANCER_COLORECTAL","Code/00_inputs/canonical_icd_codes.csv","Hospital diagnosis code included in canonical event definition."
"CANCER_COLORECTAL","C185","ICD10","","CANCER_COLORECTAL","Code/00_inputs/canonical_icd_codes.csv","Hospital diagnosis code included in canonical event definition."
"CANCER_COLORECTAL","C1850","ICD10","","CANCER_COLORECTAL","Code/00_inputs/canonical_icd_codes.csv","Hospital diagnosis code included in canonical event definition."
"CANCER_COLORECTAL","C186","ICD10","","CANCER_COLORECTAL","Code/00_inputs/canonical_icd_codes.csv","Hospital diagnosis code included in canonical event definition."
"CANCER_COLORECTAL","C1860","ICD10","","CANCER_COLORECTAL","Code/00_inputs/canonical_icd_codes.csv","Hospital diagnosis code included in canonical event definition."
"CANCER_COLORECTAL","C187","ICD10","","CANCER_COLORECTAL","Code/00_inputs/canonical_icd_codes.csv","Hospital diagnosis code included in canonical event definition."
"CANCER_COLORECTAL","C1870","ICD10","","CANCER_COLORECTAL","Code/00_inputs/canonical_icd_codes.csv","Hospital diagnosis code included in canonical event definition."
"CANCER_COLORECTAL","C188","ICD10","","CANCER_COLORECTAL","Code/00_inputs/canonical_icd_codes.csv","Hospital diagnosis code included in canonical event definition."
"CANCER_COLORECTAL","C1880","ICD10","","CANCER_COLORECTAL","Code/00_inputs/canonical_icd_codes.csv","Hospital diagnosis code included in canonical event definition."
"CANCER_COLORECTAL","C189","ICD10","","CANCER_COLORECTAL","Code/00_inputs/canonical_icd_codes.csv","Hospital diagnosis code included in canonical event definition."
"CANCER_COLORECTAL","C1890","ICD10","","CANCER_COLORECTAL","Code/00_inputs/canonical_icd_codes.csv","Hospital diagnosis code included in canonical event definition."
"CANCER_COLORECTAL","C18X","ICD10","","CANCER_COLORECTAL","Code/00_inputs/canonical_icd_codes.csv","Hospital diagnosis code included in canonical event definition."
"CANCER_COLORECTAL","C18X0","ICD10","","CANCER_COLORECTAL","Code/00_inputs/canonical_icd_codes.csv","Hospital diagnosis code included in canonical event definition."
"CANCER_COLORECTAL","C19","ICD10","","CANCER_COLORECTAL","Code/00_inputs/canonical_icd_codes.csv","Hospital diagnosis code included in canonical event definition."
"CANCER_COLORECTAL","C190","ICD10","","CANCER_COLORECTAL","Code/00_inputs/canonical_icd_codes.csv","Hospital diagnosis code included in canonical event definition."
"CANCER_COLORECTAL","C1900","ICD10","","CANCER_COLORECTAL","Code/00_inputs/canonical_icd_codes.csv","Hospital diagnosis code included in canonical event definition."
"CANCER_COLORECTAL","C19X","ICD10","","CANCER_COLORECTAL","Code/00_inputs/canonical_icd_codes.csv","Hospital diagnosis code included in canonical event definition."
"CANCER_COLORECTAL","C19X0","ICD10","","CANCER_COLORECTAL","Code/00_inputs/canonical_icd_codes.csv","Hospital diagnosis code included in canonical event definition."
"CANCER_COLORECTAL","C20","ICD10","","CANCER_COLORECTAL","Code/00_inputs/canonical_icd_codes.csv","Hospital diagnosis code included in canonical event definition."
"CANCER_COLORECTAL","C200","ICD10","","CANCER_COLORECTAL","Code/00_inputs/canonical_icd_codes.csv","Hospital diagnosis code included in canonical event definition."
"CANCER_COLORECTAL","C2000","ICD10","","CANCER_COLORECTAL","Code/00_inputs/canonical_icd_codes.csv","Hospital diagnosis code included in canonical event definition."
"CANCER_COLORECTAL","C20X","ICD10","","CANCER_COLORECTAL","Code/00_inputs/canonical_icd_codes.csv","Hospital diagnosis code included in canonical event definition."
"CANCER_COLORECTAL","C20X0","ICD10","","CANCER_COLORECTAL","Code/00_inputs/canonical_icd_codes.csv","Hospital diagnosis code included in canonical event definition."
"CANCER_COLORECTAL","C210","ICD10","","CANCER_COLORECTAL","Code/00_inputs/canonical_icd_codes.csv","Hospital diagnosis code included in canonical event definition."
"CANCER_COLORECTAL","C2100","ICD10","","CANCER_COLORECTAL","Code/00_inputs/canonical_icd_codes.csv","Hospital diagnosis code included in canonical event definition."
"CANCER_COLORECTAL","C211","ICD10","","CANCER_COLORECTAL","Code/00_inputs/canonical_icd_codes.csv","Hospital diagnosis code included in canonical event definition."
"CANCER_COLORECTAL","C2110","ICD10","","CANCER_COLORECTAL","Code/00_inputs/canonical_icd_codes.csv","Hospital diagnosis code included in canonical event definition."
"CANCER_COLORECTAL","C212","ICD10","","CANCER_COLORECTAL","Code/00_inputs/canonical_icd_codes.csv","Hospital diagnosis code included in canonical event definition."
"CANCER_COLORECTAL","C2120","ICD10","","CANCER_COLORECTAL","Code/00_inputs/canonical_icd_codes.csv","Hospital diagnosis code included in canonical event definition."
"CANCER_COLORECTAL","C218","ICD10","","CANCER_COLORECTAL","Code/00_inputs/canonical_icd_codes.csv","Hospital diagnosis code included in canonical event definition."
"CANCER_COLORECTAL","C2180","ICD10","","CANCER_COLORECTAL","Code/00_inputs/canonical_icd_codes.csv","Hospital diagnosis code included in canonical event definition."
"CANCER_LUNG","C33","ICD10","","CANCER_LUNG","Code/00_inputs/canonical_icd_codes.csv","Hospital diagnosis code included in canonical event definition."
"CANCER_LUNG","C330","ICD10","","CANCER_LUNG","Code/00_inputs/canonical_icd_codes.csv","Hospital diagnosis code included in canonical event definition."
"CANCER_LUNG","C3300","ICD10","","CANCER_LUNG","Code/00_inputs/canonical_icd_codes.csv","Hospital diagnosis code included in canonical event definition."
"CANCER_LUNG","C33X","ICD10","","CANCER_LUNG","Code/00_inputs/canonical_icd_codes.csv","Hospital diagnosis code included in canonical event definition."
"CANCER_LUNG","C33X0","ICD10","","CANCER_LUNG","Code/00_inputs/canonical_icd_codes.csv","Hospital diagnosis code included in canonical event definition."
"CANCER_LUNG","C34","ICD10","","CANCER_LUNG","Code/00_inputs/canonical_icd_codes.csv","Hospital diagnosis code included in canonical event definition."
"CANCER_LUNG","C340","ICD10","","CANCER_LUNG","Code/00_inputs/canonical_icd_codes.csv","Hospital diagnosis code included in canonical event definition."
"CANCER_LUNG","C3400","ICD10","","CANCER_LUNG","Code/00_inputs/canonical_icd_codes.csv","Hospital diagnosis code included in canonical event definition."
"CANCER_LUNG","C341","ICD10","","CANCER_LUNG","Code/00_inputs/canonical_icd_codes.csv","Hospital diagnosis code included in canonical event definition."
"CANCER_LUNG","C3410","ICD10","","CANCER_LUNG","Code/00_inputs/canonical_icd_codes.csv","Hospital diagnosis code included in canonical event definition."
"CANCER_LUNG","C342","ICD10","","CANCER_LUNG","Code/00_inputs/canonical_icd_codes.csv","Hospital diagnosis code included in canonical event definition."
"CANCER_LUNG","C3420","ICD10","","CANCER_LUNG","Code/00_inputs/canonical_icd_codes.csv","Hospital diagnosis code included in canonical event definition."
"CANCER_LUNG","C343","ICD10","","CANCER_LUNG","Code/00_inputs/canonical_icd_codes.csv","Hospital diagnosis code included in canonical event definition."
"CANCER_LUNG","C3430","ICD10","","CANCER_LUNG","Code/00_inputs/canonical_icd_codes.csv","Hospital diagnosis code included in canonical event definition."
"CANCER_LUNG","C344","ICD10","","CANCER_LUNG","Code/00_inputs/canonical_icd_codes.csv","Hospital diagnosis code included in canonical event definition."
"CANCER_LUNG","C3440","ICD10","","CANCER_LUNG","Code/00_inputs/canonical_icd_codes.csv","Hospital diagnosis code included in canonical event definition."
"CANCER_LUNG","C348","ICD10","","CANCER_LUNG","Code/00_inputs/canonical_icd_codes.csv","Hospital diagnosis code included in canonical event definition."
"CANCER_LUNG","C3480","ICD10","","CANCER_LUNG","Code/00_inputs/canonical_icd_codes.csv","Hospital diagnosis code included in canonical event definition."
"CANCER_LUNG","C349","ICD10","","CANCER_LUNG","Code/00_inputs/canonical_icd_codes.csv","Hospital diagnosis code included in canonical event definition."
"CANCER_LUNG","C3490","ICD10","","CANCER_LUNG","Code/00_inputs/canonical_icd_codes.csv","Hospital diagnosis code included in canonical event definition."
"CANCER_LUNG","C34X","ICD10","","CANCER_LUNG","Code/00_inputs/canonical_icd_codes.csv","Hospital diagnosis code included in canonical event definition."
"CANCER_LUNG","C34X0","ICD10","","CANCER_LUNG","Code/00_inputs/canonical_icd_codes.csv","Hospital diagnosis code included in canonical event definition."
"CANCER_PROSTATE","C61","ICD10","","CANCER_PROSTATE","Code/00_inputs/canonical_icd_codes.csv","Hospital diagnosis code included in canonical event definition."
"CANCER_PROSTATE","C610","ICD10","","CANCER_PROSTATE","Code/00_inputs/canonical_icd_codes.csv","Hospital diagnosis code included in canonical event definition."
"CANCER_PROSTATE","C6100","ICD10","","CANCER_PROSTATE","Code/00_inputs/canonical_icd_codes.csv","Hospital diagnosis code included in canonical event definition."
"CANCER_PROSTATE","C619","ICD10","","CANCER_PROSTATE","Code/00_inputs/canonical_icd_codes.csv","Hospital diagnosis code included in canonical event definition."
"CANCER_PROSTATE","C6190","ICD10","","CANCER_PROSTATE","Code/00_inputs/canonical_icd_codes.csv","Hospital diagnosis code included in canonical event definition."
"CANCER_PROSTATE","C61X","ICD10","","CANCER_PROSTATE","Code/00_inputs/canonical_icd_codes.csv","Hospital diagnosis code included in canonical event definition."
"CANCER_PROSTATE","C61X0","ICD10","","CANCER_PROSTATE","Code/00_inputs/canonical_icd_codes.csv","Hospital diagnosis code included in canonical event definition."
"ckd","N180","ICD10","","ckd","Code/00_inputs/canonical_icd_codes.csv","Hospital diagnosis code included in canonical event definition."
"ckd","N188","ICD10","","ckd","Code/00_inputs/canonical_icd_codes.csv","Hospital diagnosis code included in canonical event definition."
"ckd","N1890","ICD10","","ckd","Code/00_inputs/canonical_icd_codes.csv","Hospital diagnosis code included in canonical event definition."
"ckd","N1891","ICD10","","ckd","Code/00_inputs/canonical_icd_codes.csv","Hospital diagnosis code included in canonical event definition."
"COPD","J410","ICD10","","COPD","Code/00_inputs/canonical_icd_codes.csv","Hospital diagnosis code included in canonical event definition."
"COPD","J4100","ICD10","","COPD","Code/00_inputs/canonical_icd_codes.csv","Hospital diagnosis code included in canonical event definition."
"COPD","J411","ICD10","","COPD","Code/00_inputs/canonical_icd_codes.csv","Hospital diagnosis code included in canonical event definition."
"COPD","J4110","ICD10","","COPD","Code/00_inputs/canonical_icd_codes.csv","Hospital diagnosis code included in canonical event definition."
"COPD","J418","ICD10","","COPD","Code/00_inputs/canonical_icd_codes.csv","Hospital diagnosis code included in canonical event definition."
"COPD","J4180","ICD10","","COPD","Code/00_inputs/canonical_icd_codes.csv","Hospital diagnosis code included in canonical event definition."
"COPD","J41X","ICD10","","COPD","Code/00_inputs/canonical_icd_codes.csv","Hospital diagnosis code included in canonical event definition."
"COPD","J41X0","ICD10","","COPD","Code/00_inputs/canonical_icd_codes.csv","Hospital diagnosis code included in canonical event definition."
"COPD","J42","ICD10","","COPD","Code/00_inputs/canonical_icd_codes.csv","Hospital diagnosis code included in canonical event definition."
"COPD","J420","ICD10","","COPD","Code/00_inputs/canonical_icd_codes.csv","Hospital diagnosis code included in canonical event definition."
"COPD","J4200","ICD10","","COPD","Code/00_inputs/canonical_icd_codes.csv","Hospital diagnosis code included in canonical event definition."
"COPD","J42X","ICD10","","COPD","Code/00_inputs/canonical_icd_codes.csv","Hospital diagnosis code included in canonical event definition."
"COPD","J42X0","ICD10","","COPD","Code/00_inputs/canonical_icd_codes.csv","Hospital diagnosis code included in canonical event definition."
"COPD","J43","ICD10","","COPD","Code/00_inputs/canonical_icd_codes.csv","Hospital diagnosis code included in canonical event definition."
"COPD","J430","ICD10","","COPD","Code/00_inputs/canonical_icd_codes.csv","Hospital diagnosis code included in canonical event definition."
"COPD","J4300","ICD10","","COPD","Code/00_inputs/canonical_icd_codes.csv","Hospital diagnosis code included in canonical event definition."
"COPD","J431","ICD10","","COPD","Code/00_inputs/canonical_icd_codes.csv","Hospital diagnosis code included in canonical event definition."
"COPD","J4310","ICD10","","COPD","Code/00_inputs/canonical_icd_codes.csv","Hospital diagnosis code included in canonical event definition."
"COPD","J432","ICD10","","COPD","Code/00_inputs/canonical_icd_codes.csv","Hospital diagnosis code included in canonical event definition."
"COPD","J4320","ICD10","","COPD","Code/00_inputs/canonical_icd_codes.csv","Hospital diagnosis code included in canonical event definition."
"COPD","J438","ICD10","","COPD","Code/00_inputs/canonical_icd_codes.csv","Hospital diagnosis code included in canonical event definition."
"COPD","J4380","ICD10","","COPD","Code/00_inputs/canonical_icd_codes.csv","Hospital diagnosis code included in canonical event definition."
"COPD","J439","ICD10","","COPD","Code/00_inputs/canonical_icd_codes.csv","Hospital diagnosis code included in canonical event definition."
"COPD","J4390","ICD10","","COPD","Code/00_inputs/canonical_icd_codes.csv","Hospital diagnosis code included in canonical event definition."
"COPD","J43X","ICD10","","COPD","Code/00_inputs/canonical_icd_codes.csv","Hospital diagnosis code included in canonical event definition."
"COPD","J43X0","ICD10","","COPD","Code/00_inputs/canonical_icd_codes.csv","Hospital diagnosis code included in canonical event definition."
"COPD","J44","ICD10","","COPD","Code/00_inputs/canonical_icd_codes.csv","Hospital diagnosis code included in canonical event definition."
"COPD","J440","ICD10","","COPD","Code/00_inputs/canonical_icd_codes.csv","Hospital diagnosis code included in canonical event definition."
"COPD","J4400","ICD10","","COPD","Code/00_inputs/canonical_icd_codes.csv","Hospital diagnosis code included in canonical event definition."
"COPD","J441","ICD10","","COPD","Code/00_inputs/canonical_icd_codes.csv","Hospital diagnosis code included in canonical event definition."
"COPD","J4410","ICD10","","COPD","Code/00_inputs/canonical_icd_codes.csv","Hospital diagnosis code included in canonical event definition."
"COPD","J444","ICD10","","COPD","Code/00_inputs/canonical_icd_codes.csv","Hospital diagnosis code included in canonical event definition."
"COPD","J4440","ICD10","","COPD","Code/00_inputs/canonical_icd_codes.csv","Hospital diagnosis code included in canonical event definition."
"COPD","J445","ICD10","","COPD","Code/00_inputs/canonical_icd_codes.csv","Hospital diagnosis code included in canonical event definition."
"COPD","J4450","ICD10","","COPD","Code/00_inputs/canonical_icd_codes.csv","Hospital diagnosis code included in canonical event definition."
"COPD","J448","ICD10","","COPD","Code/00_inputs/canonical_icd_codes.csv","Hospital diagnosis code included in canonical event definition."
"COPD","J4480","ICD10","","COPD","Code/00_inputs/canonical_icd_codes.csv","Hospital diagnosis code included in canonical event definition."
"COPD","J449","ICD10","","COPD","Code/00_inputs/canonical_icd_codes.csv","Hospital diagnosis code included in canonical event definition."
"COPD","J4490","ICD10","","COPD","Code/00_inputs/canonical_icd_codes.csv","Hospital diagnosis code included in canonical event definition."
"COPD","J44X","ICD10","","COPD","Code/00_inputs/canonical_icd_codes.csv","Hospital diagnosis code included in canonical event definition."
"COPD","J44X0","ICD10","","COPD","Code/00_inputs/canonical_icd_codes.csv","Hospital diagnosis code included in canonical event definition."
"dementia_narrow_def","F000","ICD10","","dementia_narrow_def","Code/00_inputs/canonical_icd_codes.csv","Hospital diagnosis code included in canonical event definition."
"dementia_narrow_def","F001","ICD10","","dementia_narrow_def","Code/00_inputs/canonical_icd_codes.csv","Hospital diagnosis code included in canonical event definition."
"dementia_narrow_def","F002","ICD10","","dementia_narrow_def","Code/00_inputs/canonical_icd_codes.csv","Hospital diagnosis code included in canonical event definition."
"dementia_narrow_def","F009","ICD10","","dementia_narrow_def","Code/00_inputs/canonical_icd_codes.csv","Hospital diagnosis code included in canonical event definition."
"dementia_narrow_def","F010","ICD10","","dementia_narrow_def","Code/00_inputs/canonical_icd_codes.csv","Hospital diagnosis code included in canonical event definition."
"dementia_narrow_def","F011","ICD10","","dementia_narrow_def","Code/00_inputs/canonical_icd_codes.csv","Hospital diagnosis code included in canonical event definition."
"dementia_narrow_def","F012","ICD10","","dementia_narrow_def","Code/00_inputs/canonical_icd_codes.csv","Hospital diagnosis code included in canonical event definition."
"dementia_narrow_def","F013","ICD10","","dementia_narrow_def","Code/00_inputs/canonical_icd_codes.csv","Hospital diagnosis code included in canonical event definition."
"dementia_narrow_def","F018","ICD10","","dementia_narrow_def","Code/00_inputs/canonical_icd_codes.csv","Hospital diagnosis code included in canonical event definition."
"dementia_narrow_def","F019","ICD10","","dementia_narrow_def","Code/00_inputs/canonical_icd_codes.csv","Hospital diagnosis code included in canonical event definition."
"dementia_narrow_def","F020","ICD10","","dementia_narrow_def","Code/00_inputs/canonical_icd_codes.csv","Hospital diagnosis code included in canonical event definition."
"dementia_narrow_def","F021","ICD10","","dementia_narrow_def","Code/00_inputs/canonical_icd_codes.csv","Hospital diagnosis code included in canonical event definition."
"dementia_narrow_def","F022","ICD10","","dementia_narrow_def","Code/00_inputs/canonical_icd_codes.csv","Hospital diagnosis code included in canonical event definition."
"dementia_narrow_def","F023","ICD10","","dementia_narrow_def","Code/00_inputs/canonical_icd_codes.csv","Hospital diagnosis code included in canonical event definition."
"dementia_narrow_def","F024","ICD10","","dementia_narrow_def","Code/00_inputs/canonical_icd_codes.csv","Hospital diagnosis code included in canonical event definition."
"dementia_narrow_def","F028","ICD10","","dementia_narrow_def","Code/00_inputs/canonical_icd_codes.csv","Hospital diagnosis code included in canonical event definition."
"dementia_narrow_def","F03","ICD10","","dementia_narrow_def","Code/00_inputs/canonical_icd_codes.csv","Hospital diagnosis code included in canonical event definition."
"dementia_narrow_def","G300","ICD10","","dementia_narrow_def","Code/00_inputs/canonical_icd_codes.csv","Hospital diagnosis code included in canonical event definition."
"dementia_narrow_def","G301","ICD10","","dementia_narrow_def","Code/00_inputs/canonical_icd_codes.csv","Hospital diagnosis code included in canonical event definition."
"dementia_narrow_def","G308","ICD10","","dementia_narrow_def","Code/00_inputs/canonical_icd_codes.csv","Hospital diagnosis code included in canonical event definition."
"dementia_narrow_def","G309","ICD10","","dementia_narrow_def","Code/00_inputs/canonical_icd_codes.csv","Hospital diagnosis code included in canonical event definition."
"dementia_narrow_def","G310","ICD10","","dementia_narrow_def","Code/00_inputs/canonical_icd_codes.csv","Hospital diagnosis code included in canonical event definition."
"dementia_narrow_def","G311","ICD10","","dementia_narrow_def","Code/00_inputs/canonical_icd_codes.csv","Hospital diagnosis code included in canonical event definition."
"depression","F330","ICD10","","depression","Code/00_inputs/canonical_icd_codes.csv","Hospital diagnosis code included in canonical event definition."
"depression","F3300","ICD10","","depression","Code/00_inputs/canonical_icd_codes.csv","Hospital diagnosis code included in canonical event definition."
"depression","F331","ICD10","","depression","Code/00_inputs/canonical_icd_codes.csv","Hospital diagnosis code included in canonical event definition."
"depression","F3310","ICD10","","depression","Code/00_inputs/canonical_icd_codes.csv","Hospital diagnosis code included in canonical event definition."
"depression","F332","ICD10","","depression","Code/00_inputs/canonical_icd_codes.csv","Hospital diagnosis code included in canonical event definition."
"depression","F3320","ICD10","","depression","Code/00_inputs/canonical_icd_codes.csv","Hospital diagnosis code included in canonical event definition."
"depression","F333","ICD10","","depression","Code/00_inputs/canonical_icd_codes.csv","Hospital diagnosis code included in canonical event definition."
"depression","F3330","ICD10","","depression","Code/00_inputs/canonical_icd_codes.csv","Hospital diagnosis code included in canonical event definition."
"depression","F334","ICD10","","depression","Code/00_inputs/canonical_icd_codes.csv","Hospital diagnosis code included in canonical event definition."
"depression","F3340","ICD10","","depression","Code/00_inputs/canonical_icd_codes.csv","Hospital diagnosis code included in canonical event definition."
"depression","F338","ICD10","","depression","Code/00_inputs/canonical_icd_codes.csv","Hospital diagnosis code included in canonical event definition."
"depression","F3380","ICD10","","depression","Code/00_inputs/canonical_icd_codes.csv","Hospital diagnosis code included in canonical event definition."
"depression","F339","ICD10","","depression","Code/00_inputs/canonical_icd_codes.csv","Hospital diagnosis code included in canonical event definition."
"depression","F3390","ICD10","","depression","Code/00_inputs/canonical_icd_codes.csv","Hospital diagnosis code included in canonical event definition."
"DM","E08","ICD10","","DM","Code/00_inputs/canonical_icd_codes.csv","Hospital diagnosis code included in canonical event definition."
"DM","E080","ICD10","","DM","Code/00_inputs/canonical_icd_codes.csv","Hospital diagnosis code included in canonical event definition."
"DM","E0800","ICD10","","DM","Code/00_inputs/canonical_icd_codes.csv","Hospital diagnosis code included in canonical event definition."
"DM","E081","ICD10","","DM","Code/00_inputs/canonical_icd_codes.csv","Hospital diagnosis code included in canonical event definition."
"DM","E0810","ICD10","","DM","Code/00_inputs/canonical_icd_codes.csv","Hospital diagnosis code included in canonical event definition."
"DM","E082","ICD10","","DM","Code/00_inputs/canonical_icd_codes.csv","Hospital diagnosis code included in canonical event definition."
"DM","E0820","ICD10","","DM","Code/00_inputs/canonical_icd_codes.csv","Hospital diagnosis code included in canonical event definition."
"DM","E083","ICD10","","DM","Code/00_inputs/canonical_icd_codes.csv","Hospital diagnosis code included in canonical event definition."
"DM","E0830","ICD10","","DM","Code/00_inputs/canonical_icd_codes.csv","Hospital diagnosis code included in canonical event definition."
"DM","E084","ICD10","","DM","Code/00_inputs/canonical_icd_codes.csv","Hospital diagnosis code included in canonical event definition."
"DM","E0840","ICD10","","DM","Code/00_inputs/canonical_icd_codes.csv","Hospital diagnosis code included in canonical event definition."
"DM","E085","ICD10","","DM","Code/00_inputs/canonical_icd_codes.csv","Hospital diagnosis code included in canonical event definition."
"DM","E0850","ICD10","","DM","Code/00_inputs/canonical_icd_codes.csv","Hospital diagnosis code included in canonical event definition."
"DM","E086","ICD10","","DM","Code/00_inputs/canonical_icd_codes.csv","Hospital diagnosis code included in canonical event definition."
"DM","E0860","ICD10","","DM","Code/00_inputs/canonical_icd_codes.csv","Hospital diagnosis code included in canonical event definition."
"DM","E089","ICD10","","DM","Code/00_inputs/canonical_icd_codes.csv","Hospital diagnosis code included in canonical event definition."
"DM","E0890","ICD10","","DM","Code/00_inputs/canonical_icd_codes.csv","Hospital diagnosis code included in canonical event definition."
"DM","E09","ICD10","","DM","Code/00_inputs/canonical_icd_codes.csv","Hospital diagnosis code included in canonical event definition."
"DM","E090","ICD10","","DM","Code/00_inputs/canonical_icd_codes.csv","Hospital diagnosis code included in canonical event definition."
"DM","E0900","ICD10","","DM","Code/00_inputs/canonical_icd_codes.csv","Hospital diagnosis code included in canonical event definition."
"DM","E091","ICD10","","DM","Code/00_inputs/canonical_icd_codes.csv","Hospital diagnosis code included in canonical event definition."
"DM","E0910","ICD10","","DM","Code/00_inputs/canonical_icd_codes.csv","Hospital diagnosis code included in canonical event definition."
"DM","E092","ICD10","","DM","Code/00_inputs/canonical_icd_codes.csv","Hospital diagnosis code included in canonical event definition."
"DM","E0920","ICD10","","DM","Code/00_inputs/canonical_icd_codes.csv","Hospital diagnosis code included in canonical event definition."
"DM","E093","ICD10","","DM","Code/00_inputs/canonical_icd_codes.csv","Hospital diagnosis code included in canonical event definition."
"DM","E0930","ICD10","","DM","Code/00_inputs/canonical_icd_codes.csv","Hospital diagnosis code included in canonical event definition."
"DM","E094","ICD10","","DM","Code/00_inputs/canonical_icd_codes.csv","Hospital diagnosis code included in canonical event definition."
"DM","E0940","ICD10","","DM","Code/00_inputs/canonical_icd_codes.csv","Hospital diagnosis code included in canonical event definition."
"DM","E095","ICD10","","DM","Code/00_inputs/canonical_icd_codes.csv","Hospital diagnosis code included in canonical event definition."
"DM","E0950","ICD10","","DM","Code/00_inputs/canonical_icd_codes.csv","Hospital diagnosis code included in canonical event definition."
"DM","E096","ICD10","","DM","Code/00_inputs/canonical_icd_codes.csv","Hospital diagnosis code included in canonical event definition."
"DM","E0960","ICD10","","DM","Code/00_inputs/canonical_icd_codes.csv","Hospital diagnosis code included in canonical event definition."
"DM","E098","ICD10","","DM","Code/00_inputs/canonical_icd_codes.csv","Hospital diagnosis code included in canonical event definition."
"DM","E0980","ICD10","","DM","Code/00_inputs/canonical_icd_codes.csv","Hospital diagnosis code included in canonical event definition."
"DM","E099","ICD10","","DM","Code/00_inputs/canonical_icd_codes.csv","Hospital diagnosis code included in canonical event definition."
"DM","E0990","ICD10","","DM","Code/00_inputs/canonical_icd_codes.csv","Hospital diagnosis code included in canonical event definition."
"DM","E10","ICD10","","DM","Code/00_inputs/canonical_icd_codes.csv","Hospital diagnosis code included in canonical event definition."
"DM","E100","ICD10","","DM","Code/00_inputs/canonical_icd_codes.csv","Hospital diagnosis code included in canonical event definition."
"DM","E1000","ICD10","","DM","Code/00_inputs/canonical_icd_codes.csv","Hospital diagnosis code included in canonical event definition."
"DM","E101","ICD10","","DM","Code/00_inputs/canonical_icd_codes.csv","Hospital diagnosis code included in canonical event definition."
"DM","E1010","ICD10","","DM","Code/00_inputs/canonical_icd_codes.csv","Hospital diagnosis code included in canonical event definition."
"DM","E102","ICD10","","DM","Code/00_inputs/canonical_icd_codes.csv","Hospital diagnosis code included in canonical event definition."
"DM","E1020","ICD10","","DM","Code/00_inputs/canonical_icd_codes.csv","Hospital diagnosis code included in canonical event definition."
"DM","E103","ICD10","","DM","Code/00_inputs/canonical_icd_codes.csv","Hospital diagnosis code included in canonical event definition."
"DM","E1030","ICD10","","DM","Code/00_inputs/canonical_icd_codes.csv","Hospital diagnosis code included in canonical event definition."
"DM","E104","ICD10","","DM","Code/00_inputs/canonical_icd_codes.csv","Hospital diagnosis code included in canonical event definition."
"DM","E1040","ICD10","","DM","Code/00_inputs/canonical_icd_codes.csv","Hospital diagnosis code included in canonical event definition."
"DM","E105","ICD10","","DM","Code/00_inputs/canonical_icd_codes.csv","Hospital diagnosis code included in canonical event definition."
"DM","E1050","ICD10","","DM","Code/00_inputs/canonical_icd_codes.csv","Hospital diagnosis code included in canonical event definition."
"DM","E106","ICD10","","DM","Code/00_inputs/canonical_icd_codes.csv","Hospital diagnosis code included in canonical event definition."
"DM","E1060","ICD10","","DM","Code/00_inputs/canonical_icd_codes.csv","Hospital diagnosis code included in canonical event definition."
"DM","E108","ICD10","","DM","Code/00_inputs/canonical_icd_codes.csv","Hospital diagnosis code included in canonical event definition."
"DM","E1080","ICD10","","DM","Code/00_inputs/canonical_icd_codes.csv","Hospital diagnosis code included in canonical event definition."
"DM","E109","ICD10","","DM","Code/00_inputs/canonical_icd_codes.csv","Hospital diagnosis code included in canonical event definition."
"DM","E1090","ICD10","","DM","Code/00_inputs/canonical_icd_codes.csv","Hospital diagnosis code included in canonical event definition."
"DM","E11","ICD10","","DM","Code/00_inputs/canonical_icd_codes.csv","Hospital diagnosis code included in canonical event definition."
"DM","E110","ICD10","","DM","Code/00_inputs/canonical_icd_codes.csv","Hospital diagnosis code included in canonical event definition."
"DM","E1100","ICD10","","DM","Code/00_inputs/canonical_icd_codes.csv","Hospital diagnosis code included in canonical event definition."
"DM","E111","ICD10","","DM","Code/00_inputs/canonical_icd_codes.csv","Hospital diagnosis code included in canonical event definition."
"DM","E1110","ICD10","","DM","Code/00_inputs/canonical_icd_codes.csv","Hospital diagnosis code included in canonical event definition."
"DM","E112","ICD10","","DM","Code/00_inputs/canonical_icd_codes.csv","Hospital diagnosis code included in canonical event definition."
"DM","E1120","ICD10","","DM","Code/00_inputs/canonical_icd_codes.csv","Hospital diagnosis code included in canonical event definition."
"DM","E113","ICD10","","DM","Code/00_inputs/canonical_icd_codes.csv","Hospital diagnosis code included in canonical event definition."
"DM","E1130","ICD10","","DM","Code/00_inputs/canonical_icd_codes.csv","Hospital diagnosis code included in canonical event definition."
"DM","E114","ICD10","","DM","Code/00_inputs/canonical_icd_codes.csv","Hospital diagnosis code included in canonical event definition."
"DM","E1140","ICD10","","DM","Code/00_inputs/canonical_icd_codes.csv","Hospital diagnosis code included in canonical event definition."
"DM","E115","ICD10","","DM","Code/00_inputs/canonical_icd_codes.csv","Hospital diagnosis code included in canonical event definition."
"DM","E1150","ICD10","","DM","Code/00_inputs/canonical_icd_codes.csv","Hospital diagnosis code included in canonical event definition."
"DM","E116","ICD10","","DM","Code/00_inputs/canonical_icd_codes.csv","Hospital diagnosis code included in canonical event definition."
"DM","E1160","ICD10","","DM","Code/00_inputs/canonical_icd_codes.csv","Hospital diagnosis code included in canonical event definition."
"DM","E118","ICD10","","DM","Code/00_inputs/canonical_icd_codes.csv","Hospital diagnosis code included in canonical event definition."
"DM","E1180","ICD10","","DM","Code/00_inputs/canonical_icd_codes.csv","Hospital diagnosis code included in canonical event definition."
"DM","E119","ICD10","","DM","Code/00_inputs/canonical_icd_codes.csv","Hospital diagnosis code included in canonical event definition."
"DM","E1190","ICD10","","DM","Code/00_inputs/canonical_icd_codes.csv","Hospital diagnosis code included in canonical event definition."
"DM","E13","ICD10","","DM","Code/00_inputs/canonical_icd_codes.csv","Hospital diagnosis code included in canonical event definition."
"DM","E130","ICD10","","DM","Code/00_inputs/canonical_icd_codes.csv","Hospital diagnosis code included in canonical event definition."
"DM","E1300","ICD10","","DM","Code/00_inputs/canonical_icd_codes.csv","Hospital diagnosis code included in canonical event definition."
"DM","E131","ICD10","","DM","Code/00_inputs/canonical_icd_codes.csv","Hospital diagnosis code included in canonical event definition."
"DM","E1310","ICD10","","DM","Code/00_inputs/canonical_icd_codes.csv","Hospital diagnosis code included in canonical event definition."
"DM","E132","ICD10","","DM","Code/00_inputs/canonical_icd_codes.csv","Hospital diagnosis code included in canonical event definition."
"DM","E1320","ICD10","","DM","Code/00_inputs/canonical_icd_codes.csv","Hospital diagnosis code included in canonical event definition."
"DM","E133","ICD10","","DM","Code/00_inputs/canonical_icd_codes.csv","Hospital diagnosis code included in canonical event definition."
"DM","E1330","ICD10","","DM","Code/00_inputs/canonical_icd_codes.csv","Hospital diagnosis code included in canonical event definition."
"DM","E134","ICD10","","DM","Code/00_inputs/canonical_icd_codes.csv","Hospital diagnosis code included in canonical event definition."
"DM","E1340","ICD10","","DM","Code/00_inputs/canonical_icd_codes.csv","Hospital diagnosis code included in canonical event definition."
"DM","E135","ICD10","","DM","Code/00_inputs/canonical_icd_codes.csv","Hospital diagnosis code included in canonical event definition."
"DM","E1350","ICD10","","DM","Code/00_inputs/canonical_icd_codes.csv","Hospital diagnosis code included in canonical event definition."
"DM","E136","ICD10","","DM","Code/00_inputs/canonical_icd_codes.csv","Hospital diagnosis code included in canonical event definition."
"DM","E1360","ICD10","","DM","Code/00_inputs/canonical_icd_codes.csv","Hospital diagnosis code included in canonical event definition."
"DM","E138","ICD10","","DM","Code/00_inputs/canonical_icd_codes.csv","Hospital diagnosis code included in canonical event definition."
"DM","E1380","ICD10","","DM","Code/00_inputs/canonical_icd_codes.csv","Hospital diagnosis code included in canonical event definition."
"DM","E139","ICD10","","DM","Code/00_inputs/canonical_icd_codes.csv","Hospital diagnosis code included in canonical event definition."
"DM","E1390","ICD10","","DM","Code/00_inputs/canonical_icd_codes.csv","Hospital diagnosis code included in canonical event definition."
"FALLS","W001","ICD10","","FALLS","Code/00_inputs/canonical_icd_codes.csv","Hospital diagnosis code included in canonical event definition."
"FALLS","W0019","ICD10","","FALLS","Code/00_inputs/canonical_icd_codes.csv","Hospital diagnosis code included in canonical event definition."
"FALLS","W002","ICD10","","FALLS","Code/00_inputs/canonical_icd_codes.csv","Hospital diagnosis code included in canonical event definition."
"FALLS","W0029","ICD10","","FALLS","Code/00_inputs/canonical_icd_codes.csv","Hospital diagnosis code included in canonical event definition."
"FALLS","W003","ICD10","","FALLS","Code/00_inputs/canonical_icd_codes.csv","Hospital diagnosis code included in canonical event definition."
"FALLS","W0039","ICD10","","FALLS","Code/00_inputs/canonical_icd_codes.csv","Hospital diagnosis code included in canonical event definition."
"FALLS","W004","ICD10","","FALLS","Code/00_inputs/canonical_icd_codes.csv","Hospital diagnosis code included in canonical event definition."
"FALLS","W0049","ICD10","","FALLS","Code/00_inputs/canonical_icd_codes.csv","Hospital diagnosis code included in canonical event definition."
"FALLS","W005","ICD10","","FALLS","Code/00_inputs/canonical_icd_codes.csv","Hospital diagnosis code included in canonical event definition."
"FALLS","W0059","ICD10","","FALLS","Code/00_inputs/canonical_icd_codes.csv","Hospital diagnosis code included in canonical event definition."
"FALLS","W006","ICD10","","FALLS","Code/00_inputs/canonical_icd_codes.csv","Hospital diagnosis code included in canonical event definition."
"FALLS","W0069","ICD10","","FALLS","Code/00_inputs/canonical_icd_codes.csv","Hospital diagnosis code included in canonical event definition."
"FALLS","W007","ICD10","","FALLS","Code/00_inputs/canonical_icd_codes.csv","Hospital diagnosis code included in canonical event definition."
"FALLS","W0079","ICD10","","FALLS","Code/00_inputs/canonical_icd_codes.csv","Hospital diagnosis code included in canonical event definition."
"FALLS","W008","ICD10","","FALLS","Code/00_inputs/canonical_icd_codes.csv","Hospital diagnosis code included in canonical event definition."
"FALLS","W0089","ICD10","","FALLS","Code/00_inputs/canonical_icd_codes.csv","Hospital diagnosis code included in canonical event definition."
"FALLS","W009","ICD10","","FALLS","Code/00_inputs/canonical_icd_codes.csv","Hospital diagnosis code included in canonical event definition."
"FALLS","W0099","ICD10","","FALLS","Code/00_inputs/canonical_icd_codes.csv","Hospital diagnosis code included in canonical event definition."
"FALLS","W00X","ICD10","","FALLS","Code/00_inputs/canonical_icd_codes.csv","Hospital diagnosis code included in canonical event definition."
"FALLS","W00X9","ICD10","","FALLS","Code/00_inputs/canonical_icd_codes.csv","Hospital diagnosis code included in canonical event definition."
"FALLS","W01","ICD10","","FALLS","Code/00_inputs/canonical_icd_codes.csv","Hospital diagnosis code included in canonical event definition."
"FALLS","W011","ICD10","","FALLS","Code/00_inputs/canonical_icd_codes.csv","Hospital diagnosis code included in canonical event definition."
"FALLS","W0119","ICD10","","FALLS","Code/00_inputs/canonical_icd_codes.csv","Hospital diagnosis code included in canonical event definition."
"FALLS","W012","ICD10","","FALLS","Code/00_inputs/canonical_icd_codes.csv","Hospital diagnosis code included in canonical event definition."
"FALLS","W0129","ICD10","","FALLS","Code/00_inputs/canonical_icd_codes.csv","Hospital diagnosis code included in canonical event definition."
"FALLS","W013","ICD10","","FALLS","Code/00_inputs/canonical_icd_codes.csv","Hospital diagnosis code included in canonical event definition."
"FALLS","W0139","ICD10","","FALLS","Code/00_inputs/canonical_icd_codes.csv","Hospital diagnosis code included in canonical event definition."
"FALLS","W014","ICD10","","FALLS","Code/00_inputs/canonical_icd_codes.csv","Hospital diagnosis code included in canonical event definition."
"FALLS","W0149","ICD10","","FALLS","Code/00_inputs/canonical_icd_codes.csv","Hospital diagnosis code included in canonical event definition."
"FALLS","W015","ICD10","","FALLS","Code/00_inputs/canonical_icd_codes.csv","Hospital diagnosis code included in canonical event definition."
"FALLS","W0159","ICD10","","FALLS","Code/00_inputs/canonical_icd_codes.csv","Hospital diagnosis code included in canonical event definition."
"FALLS","W016","ICD10","","FALLS","Code/00_inputs/canonical_icd_codes.csv","Hospital diagnosis code included in canonical event definition."
"FALLS","W0169","ICD10","","FALLS","Code/00_inputs/canonical_icd_codes.csv","Hospital diagnosis code included in canonical event definition."
"FALLS","W017","ICD10","","FALLS","Code/00_inputs/canonical_icd_codes.csv","Hospital diagnosis code included in canonical event definition."
"FALLS","W0179","ICD10","","FALLS","Code/00_inputs/canonical_icd_codes.csv","Hospital diagnosis code included in canonical event definition."
"FALLS","W018","ICD10","","FALLS","Code/00_inputs/canonical_icd_codes.csv","Hospital diagnosis code included in canonical event definition."
"FALLS","W0189","ICD10","","FALLS","Code/00_inputs/canonical_icd_codes.csv","Hospital diagnosis code included in canonical event definition."
"FALLS","W019","ICD10","","FALLS","Code/00_inputs/canonical_icd_codes.csv","Hospital diagnosis code included in canonical event definition."
"FALLS","W0199","ICD10","","FALLS","Code/00_inputs/canonical_icd_codes.csv","Hospital diagnosis code included in canonical event definition."
"FALLS","W01X","ICD10","","FALLS","Code/00_inputs/canonical_icd_codes.csv","Hospital diagnosis code included in canonical event definition."
"FALLS","W01X9","ICD10","","FALLS","Code/00_inputs/canonical_icd_codes.csv","Hospital diagnosis code included in canonical event definition."
"FALLS","W021","ICD10","","FALLS","Code/00_inputs/canonical_icd_codes.csv","Hospital diagnosis code included in canonical event definition."
"FALLS","W0219","ICD10","","FALLS","Code/00_inputs/canonical_icd_codes.csv","Hospital diagnosis code included in canonical event definition."
"FALLS","W022","ICD10","","FALLS","Code/00_inputs/canonical_icd_codes.csv","Hospital diagnosis code included in canonical event definition."
"FALLS","W0229","ICD10","","FALLS","Code/00_inputs/canonical_icd_codes.csv","Hospital diagnosis code included in canonical event definition."
"FALLS","W023","ICD10","","FALLS","Code/00_inputs/canonical_icd_codes.csv","Hospital diagnosis code included in canonical event definition."
"FALLS","W0239","ICD10","","FALLS","Code/00_inputs/canonical_icd_codes.csv","Hospital diagnosis code included in canonical event definition."
"FALLS","W024","ICD10","","FALLS","Code/00_inputs/canonical_icd_codes.csv","Hospital diagnosis code included in canonical event definition."
"FALLS","W0249","ICD10","","FALLS","Code/00_inputs/canonical_icd_codes.csv","Hospital diagnosis code included in canonical event definition."
"FALLS","W025","ICD10","","FALLS","Code/00_inputs/canonical_icd_codes.csv","Hospital diagnosis code included in canonical event definition."
"FALLS","W0259","ICD10","","FALLS","Code/00_inputs/canonical_icd_codes.csv","Hospital diagnosis code included in canonical event definition."
"FALLS","W026","ICD10","","FALLS","Code/00_inputs/canonical_icd_codes.csv","Hospital diagnosis code included in canonical event definition."
"FALLS","W0269","ICD10","","FALLS","Code/00_inputs/canonical_icd_codes.csv","Hospital diagnosis code included in canonical event definition."
"FALLS","W027","ICD10","","FALLS","Code/00_inputs/canonical_icd_codes.csv","Hospital diagnosis code included in canonical event definition."
"FALLS","W0279","ICD10","","FALLS","Code/00_inputs/canonical_icd_codes.csv","Hospital diagnosis code included in canonical event definition."
"FALLS","W028","ICD10","","FALLS","Code/00_inputs/canonical_icd_codes.csv","Hospital diagnosis code included in canonical event definition."
"FALLS","W0289","ICD10","","FALLS","Code/00_inputs/canonical_icd_codes.csv","Hospital diagnosis code included in canonical event definition."
"FALLS","W029","ICD10","","FALLS","Code/00_inputs/canonical_icd_codes.csv","Hospital diagnosis code included in canonical event definition."
"FALLS","W0299","ICD10","","FALLS","Code/00_inputs/canonical_icd_codes.csv","Hospital diagnosis code included in canonical event definition."
"FALLS","W02X","ICD10","","FALLS","Code/00_inputs/canonical_icd_codes.csv","Hospital diagnosis code included in canonical event definition."
"FALLS","W02X9","ICD10","","FALLS","Code/00_inputs/canonical_icd_codes.csv","Hospital diagnosis code included in canonical event definition."
"FALLS","W03","ICD10","","FALLS","Code/00_inputs/canonical_icd_codes.csv","Hospital diagnosis code included in canonical event definition."
"FALLS","W031","ICD10","","FALLS","Code/00_inputs/canonical_icd_codes.csv","Hospital diagnosis code included in canonical event definition."
"FALLS","W0319","ICD10","","FALLS","Code/00_inputs/canonical_icd_codes.csv","Hospital diagnosis code included in canonical event definition."
"FALLS","W032","ICD10","","FALLS","Code/00_inputs/canonical_icd_codes.csv","Hospital diagnosis code included in canonical event definition."
"FALLS","W0329","ICD10","","FALLS","Code/00_inputs/canonical_icd_codes.csv","Hospital diagnosis code included in canonical event definition."
"FALLS","W033","ICD10","","FALLS","Code/00_inputs/canonical_icd_codes.csv","Hospital diagnosis code included in canonical event definition."
"FALLS","W0339","ICD10","","FALLS","Code/00_inputs/canonical_icd_codes.csv","Hospital diagnosis code included in canonical event definition."
"FALLS","W034","ICD10","","FALLS","Code/00_inputs/canonical_icd_codes.csv","Hospital diagnosis code included in canonical event definition."
"FALLS","W0349","ICD10","","FALLS","Code/00_inputs/canonical_icd_codes.csv","Hospital diagnosis code included in canonical event definition."
"FALLS","W035","ICD10","","FALLS","Code/00_inputs/canonical_icd_codes.csv","Hospital diagnosis code included in canonical event definition."
"FALLS","W0359","ICD10","","FALLS","Code/00_inputs/canonical_icd_codes.csv","Hospital diagnosis code included in canonical event definition."
"FALLS","W036","ICD10","","FALLS","Code/00_inputs/canonical_icd_codes.csv","Hospital diagnosis code included in canonical event definition."
"FALLS","W0369","ICD10","","FALLS","Code/00_inputs/canonical_icd_codes.csv","Hospital diagnosis code included in canonical event definition."
"FALLS","W037","ICD10","","FALLS","Code/00_inputs/canonical_icd_codes.csv","Hospital diagnosis code included in canonical event definition."
"FALLS","W0379","ICD10","","FALLS","Code/00_inputs/canonical_icd_codes.csv","Hospital diagnosis code included in canonical event definition."
"FALLS","W038","ICD10","","FALLS","Code/00_inputs/canonical_icd_codes.csv","Hospital diagnosis code included in canonical event definition."
"FALLS","W0389","ICD10","","FALLS","Code/00_inputs/canonical_icd_codes.csv","Hospital diagnosis code included in canonical event definition."
"FALLS","W039","ICD10","","FALLS","Code/00_inputs/canonical_icd_codes.csv","Hospital diagnosis code included in canonical event definition."
"FALLS","W0399","ICD10","","FALLS","Code/00_inputs/canonical_icd_codes.csv","Hospital diagnosis code included in canonical event definition."
"FALLS","W03X","ICD10","","FALLS","Code/00_inputs/canonical_icd_codes.csv","Hospital diagnosis code included in canonical event definition."
"FALLS","W03X9","ICD10","","FALLS","Code/00_inputs/canonical_icd_codes.csv","Hospital diagnosis code included in canonical event definition."
"FALLS","W04","ICD10","","FALLS","Code/00_inputs/canonical_icd_codes.csv","Hospital diagnosis code included in canonical event definition."
"FALLS","W041","ICD10","","FALLS","Code/00_inputs/canonical_icd_codes.csv","Hospital diagnosis code included in canonical event definition."
"FALLS","W0419","ICD10","","FALLS","Code/00_inputs/canonical_icd_codes.csv","Hospital diagnosis code included in canonical event definition."
"FALLS","W042","ICD10","","FALLS","Code/00_inputs/canonical_icd_codes.csv","Hospital diagnosis code included in canonical event definition."
"FALLS","W0429","ICD10","","FALLS","Code/00_inputs/canonical_icd_codes.csv","Hospital diagnosis code included in canonical event definition."
"FALLS","W043","ICD10","","FALLS","Code/00_inputs/canonical_icd_codes.csv","Hospital diagnosis code included in canonical event definition."
"FALLS","W0439","ICD10","","FALLS","Code/00_inputs/canonical_icd_codes.csv","Hospital diagnosis code included in canonical event definition."
"FALLS","W044","ICD10","","FALLS","Code/00_inputs/canonical_icd_codes.csv","Hospital diagnosis code included in canonical event definition."
"FALLS","W0449","ICD10","","FALLS","Code/00_inputs/canonical_icd_codes.csv","Hospital diagnosis code included in canonical event definition."
"FALLS","W045","ICD10","","FALLS","Code/00_inputs/canonical_icd_codes.csv","Hospital diagnosis code included in canonical event definition."
"FALLS","W0459","ICD10","","FALLS","Code/00_inputs/canonical_icd_codes.csv","Hospital diagnosis code included in canonical event definition."
"FALLS","W046","ICD10","","FALLS","Code/00_inputs/canonical_icd_codes.csv","Hospital diagnosis code included in canonical event definition."
"FALLS","W0469","ICD10","","FALLS","Code/00_inputs/canonical_icd_codes.csv","Hospital diagnosis code included in canonical event definition."
"FALLS","W047","ICD10","","FALLS","Code/00_inputs/canonical_icd_codes.csv","Hospital diagnosis code included in canonical event definition."
"FALLS","W0479","ICD10","","FALLS","Code/00_inputs/canonical_icd_codes.csv","Hospital diagnosis code included in canonical event definition."
"FALLS","W048","ICD10","","FALLS","Code/00_inputs/canonical_icd_codes.csv","Hospital diagnosis code included in canonical event definition."
"FALLS","W0489","ICD10","","FALLS","Code/00_inputs/canonical_icd_codes.csv","Hospital diagnosis code included in canonical event definition."
"FALLS","W049","ICD10","","FALLS","Code/00_inputs/canonical_icd_codes.csv","Hospital diagnosis code included in canonical event definition."
"FALLS","W0499","ICD10","","FALLS","Code/00_inputs/canonical_icd_codes.csv","Hospital diagnosis code included in canonical event definition."
"FALLS","W04X","ICD10","","FALLS","Code/00_inputs/canonical_icd_codes.csv","Hospital diagnosis code included in canonical event definition."
"FALLS","W04X9","ICD10","","FALLS","Code/00_inputs/canonical_icd_codes.csv","Hospital diagnosis code included in canonical event definition."
"FALLS","W05","ICD10","","FALLS","Code/00_inputs/canonical_icd_codes.csv","Hospital diagnosis code included in canonical event definition."
"FALLS","W051","ICD10","","FALLS","Code/00_inputs/canonical_icd_codes.csv","Hospital diagnosis code included in canonical event definition."
"FALLS","W0519","ICD10","","FALLS","Code/00_inputs/canonical_icd_codes.csv","Hospital diagnosis code included in canonical event definition."
"FALLS","W052","ICD10","","FALLS","Code/00_inputs/canonical_icd_codes.csv","Hospital diagnosis code included in canonical event definition."
"FALLS","W0529","ICD10","","FALLS","Code/00_inputs/canonical_icd_codes.csv","Hospital diagnosis code included in canonical event definition."
"FALLS","W053","ICD10","","FALLS","Code/00_inputs/canonical_icd_codes.csv","Hospital diagnosis code included in canonical event definition."
"FALLS","W0539","ICD10","","FALLS","Code/00_inputs/canonical_icd_codes.csv","Hospital diagnosis code included in canonical event definition."
"FALLS","W054","ICD10","","FALLS","Code/00_inputs/canonical_icd_codes.csv","Hospital diagnosis code included in canonical event definition."
"FALLS","W0549","ICD10","","FALLS","Code/00_inputs/canonical_icd_codes.csv","Hospital diagnosis code included in canonical event definition."
"FALLS","W055","ICD10","","FALLS","Code/00_inputs/canonical_icd_codes.csv","Hospital diagnosis code included in canonical event definition."
"FALLS","W0559","ICD10","","FALLS","Code/00_inputs/canonical_icd_codes.csv","Hospital diagnosis code included in canonical event definition."
"FALLS","W056","ICD10","","FALLS","Code/00_inputs/canonical_icd_codes.csv","Hospital diagnosis code included in canonical event definition."
"FALLS","W0569","ICD10","","FALLS","Code/00_inputs/canonical_icd_codes.csv","Hospital diagnosis code included in canonical event definition."
"FALLS","W057","ICD10","","FALLS","Code/00_inputs/canonical_icd_codes.csv","Hospital diagnosis code included in canonical event definition."
"FALLS","W0579","ICD10","","FALLS","Code/00_inputs/canonical_icd_codes.csv","Hospital diagnosis code included in canonical event definition."
"FALLS","W058","ICD10","","FALLS","Code/00_inputs/canonical_icd_codes.csv","Hospital diagnosis code included in canonical event definition."
"FALLS","W0589","ICD10","","FALLS","Code/00_inputs/canonical_icd_codes.csv","Hospital diagnosis code included in canonical event definition."
"FALLS","W059","ICD10","","FALLS","Code/00_inputs/canonical_icd_codes.csv","Hospital diagnosis code included in canonical event definition."
"FALLS","W0599","ICD10","","FALLS","Code/00_inputs/canonical_icd_codes.csv","Hospital diagnosis code included in canonical event definition."
"FALLS","W05X","ICD10","","FALLS","Code/00_inputs/canonical_icd_codes.csv","Hospital diagnosis code included in canonical event definition."
"FALLS","W05X9","ICD10","","FALLS","Code/00_inputs/canonical_icd_codes.csv","Hospital diagnosis code included in canonical event definition."
"FALLS","W06","ICD10","","FALLS","Code/00_inputs/canonical_icd_codes.csv","Hospital diagnosis code included in canonical event definition."
"FALLS","W061","ICD10","","FALLS","Code/00_inputs/canonical_icd_codes.csv","Hospital diagnosis code included in canonical event definition."
"FALLS","W0619","ICD10","","FALLS","Code/00_inputs/canonical_icd_codes.csv","Hospital diagnosis code included in canonical event definition."
"FALLS","W062","ICD10","","FALLS","Code/00_inputs/canonical_icd_codes.csv","Hospital diagnosis code included in canonical event definition."
"FALLS","W0629","ICD10","","FALLS","Code/00_inputs/canonical_icd_codes.csv","Hospital diagnosis code included in canonical event definition."
"FALLS","W063","ICD10","","FALLS","Code/00_inputs/canonical_icd_codes.csv","Hospital diagnosis code included in canonical event definition."
"FALLS","W0639","ICD10","","FALLS","Code/00_inputs/canonical_icd_codes.csv","Hospital diagnosis code included in canonical event definition."
"FALLS","W064","ICD10","","FALLS","Code/00_inputs/canonical_icd_codes.csv","Hospital diagnosis code included in canonical event definition."
"FALLS","W0649","ICD10","","FALLS","Code/00_inputs/canonical_icd_codes.csv","Hospital diagnosis code included in canonical event definition."
"FALLS","W065","ICD10","","FALLS","Code/00_inputs/canonical_icd_codes.csv","Hospital diagnosis code included in canonical event definition."
"FALLS","W0659","ICD10","","FALLS","Code/00_inputs/canonical_icd_codes.csv","Hospital diagnosis code included in canonical event definition."
"FALLS","W066","ICD10","","FALLS","Code/00_inputs/canonical_icd_codes.csv","Hospital diagnosis code included in canonical event definition."
"FALLS","W0669","ICD10","","FALLS","Code/00_inputs/canonical_icd_codes.csv","Hospital diagnosis code included in canonical event definition."
"FALLS","W067","ICD10","","FALLS","Code/00_inputs/canonical_icd_codes.csv","Hospital diagnosis code included in canonical event definition."
"FALLS","W0679","ICD10","","FALLS","Code/00_inputs/canonical_icd_codes.csv","Hospital diagnosis code included in canonical event definition."
"FALLS","W068","ICD10","","FALLS","Code/00_inputs/canonical_icd_codes.csv","Hospital diagnosis code included in canonical event definition."
"FALLS","W0689","ICD10","","FALLS","Code/00_inputs/canonical_icd_codes.csv","Hospital diagnosis code included in canonical event definition."
"FALLS","W069","ICD10","","FALLS","Code/00_inputs/canonical_icd_codes.csv","Hospital diagnosis code included in canonical event definition."
"FALLS","W0699","ICD10","","FALLS","Code/00_inputs/canonical_icd_codes.csv","Hospital diagnosis code included in canonical event definition."
"FALLS","W06X","ICD10","","FALLS","Code/00_inputs/canonical_icd_codes.csv","Hospital diagnosis code included in canonical event definition."
"FALLS","W06X9","ICD10","","FALLS","Code/00_inputs/canonical_icd_codes.csv","Hospital diagnosis code included in canonical event definition."
"FALLS","W07","ICD10","","FALLS","Code/00_inputs/canonical_icd_codes.csv","Hospital diagnosis code included in canonical event definition."
"FALLS","W071","ICD10","","FALLS","Code/00_inputs/canonical_icd_codes.csv","Hospital diagnosis code included in canonical event definition."
"FALLS","W0719","ICD10","","FALLS","Code/00_inputs/canonical_icd_codes.csv","Hospital diagnosis code included in canonical event definition."
"FALLS","W072","ICD10","","FALLS","Code/00_inputs/canonical_icd_codes.csv","Hospital diagnosis code included in canonical event definition."
"FALLS","W0729","ICD10","","FALLS","Code/00_inputs/canonical_icd_codes.csv","Hospital diagnosis code included in canonical event definition."
"FALLS","W073","ICD10","","FALLS","Code/00_inputs/canonical_icd_codes.csv","Hospital diagnosis code included in canonical event definition."
"FALLS","W0739","ICD10","","FALLS","Code/00_inputs/canonical_icd_codes.csv","Hospital diagnosis code included in canonical event definition."
"FALLS","W074","ICD10","","FALLS","Code/00_inputs/canonical_icd_codes.csv","Hospital diagnosis code included in canonical event definition."
"FALLS","W0749","ICD10","","FALLS","Code/00_inputs/canonical_icd_codes.csv","Hospital diagnosis code included in canonical event definition."
"FALLS","W075","ICD10","","FALLS","Code/00_inputs/canonical_icd_codes.csv","Hospital diagnosis code included in canonical event definition."
"FALLS","W0759","ICD10","","FALLS","Code/00_inputs/canonical_icd_codes.csv","Hospital diagnosis code included in canonical event definition."
"FALLS","W076","ICD10","","FALLS","Code/00_inputs/canonical_icd_codes.csv","Hospital diagnosis code included in canonical event definition."
"FALLS","W0769","ICD10","","FALLS","Code/00_inputs/canonical_icd_codes.csv","Hospital diagnosis code included in canonical event definition."
"FALLS","W077","ICD10","","FALLS","Code/00_inputs/canonical_icd_codes.csv","Hospital diagnosis code included in canonical event definition."
"FALLS","W0779","ICD10","","FALLS","Code/00_inputs/canonical_icd_codes.csv","Hospital diagnosis code included in canonical event definition."
"FALLS","W078","ICD10","","FALLS","Code/00_inputs/canonical_icd_codes.csv","Hospital diagnosis code included in canonical event definition."
"FALLS","W0789","ICD10","","FALLS","Code/00_inputs/canonical_icd_codes.csv","Hospital diagnosis code included in canonical event definition."
"FALLS","W079","ICD10","","FALLS","Code/00_inputs/canonical_icd_codes.csv","Hospital diagnosis code included in canonical event definition."
"FALLS","W0799","ICD10","","FALLS","Code/00_inputs/canonical_icd_codes.csv","Hospital diagnosis code included in canonical event definition."
"FALLS","W07X","ICD10","","FALLS","Code/00_inputs/canonical_icd_codes.csv","Hospital diagnosis code included in canonical event definition."
"FALLS","W07X9","ICD10","","FALLS","Code/00_inputs/canonical_icd_codes.csv","Hospital diagnosis code included in canonical event definition."
"FALLS","W08","ICD10","","FALLS","Code/00_inputs/canonical_icd_codes.csv","Hospital diagnosis code included in canonical event definition."
"FALLS","W081","ICD10","","FALLS","Code/00_inputs/canonical_icd_codes.csv","Hospital diagnosis code included in canonical event definition."
"FALLS","W0819","ICD10","","FALLS","Code/00_inputs/canonical_icd_codes.csv","Hospital diagnosis code included in canonical event definition."
"FALLS","W082","ICD10","","FALLS","Code/00_inputs/canonical_icd_codes.csv","Hospital diagnosis code included in canonical event definition."
"FALLS","W0829","ICD10","","FALLS","Code/00_inputs/canonical_icd_codes.csv","Hospital diagnosis code included in canonical event definition."
"FALLS","W083","ICD10","","FALLS","Code/00_inputs/canonical_icd_codes.csv","Hospital diagnosis code included in canonical event definition."
"FALLS","W0839","ICD10","","FALLS","Code/00_inputs/canonical_icd_codes.csv","Hospital diagnosis code included in canonical event definition."
"FALLS","W084","ICD10","","FALLS","Code/00_inputs/canonical_icd_codes.csv","Hospital diagnosis code included in canonical event definition."
"FALLS","W0849","ICD10","","FALLS","Code/00_inputs/canonical_icd_codes.csv","Hospital diagnosis code included in canonical event definition."
"FALLS","W085","ICD10","","FALLS","Code/00_inputs/canonical_icd_codes.csv","Hospital diagnosis code included in canonical event definition."
"FALLS","W0859","ICD10","","FALLS","Code/00_inputs/canonical_icd_codes.csv","Hospital diagnosis code included in canonical event definition."
"FALLS","W086","ICD10","","FALLS","Code/00_inputs/canonical_icd_codes.csv","Hospital diagnosis code included in canonical event definition."
"FALLS","W0869","ICD10","","FALLS","Code/00_inputs/canonical_icd_codes.csv","Hospital diagnosis code included in canonical event definition."
"FALLS","W087","ICD10","","FALLS","Code/00_inputs/canonical_icd_codes.csv","Hospital diagnosis code included in canonical event definition."
"FALLS","W0879","ICD10","","FALLS","Code/00_inputs/canonical_icd_codes.csv","Hospital diagnosis code included in canonical event definition."
"FALLS","W088","ICD10","","FALLS","Code/00_inputs/canonical_icd_codes.csv","Hospital diagnosis code included in canonical event definition."
"FALLS","W0889","ICD10","","FALLS","Code/00_inputs/canonical_icd_codes.csv","Hospital diagnosis code included in canonical event definition."
"FALLS","W089","ICD10","","FALLS","Code/00_inputs/canonical_icd_codes.csv","Hospital diagnosis code included in canonical event definition."
"FALLS","W0899","ICD10","","FALLS","Code/00_inputs/canonical_icd_codes.csv","Hospital diagnosis code included in canonical event definition."
"FALLS","W08X","ICD10","","FALLS","Code/00_inputs/canonical_icd_codes.csv","Hospital diagnosis code included in canonical event definition."
"FALLS","W08X9","ICD10","","FALLS","Code/00_inputs/canonical_icd_codes.csv","Hospital diagnosis code included in canonical event definition."
"FALLS","W09","ICD10","","FALLS","Code/00_inputs/canonical_icd_codes.csv","Hospital diagnosis code included in canonical event definition."
"FALLS","W091","ICD10","","FALLS","Code/00_inputs/canonical_icd_codes.csv","Hospital diagnosis code included in canonical event definition."
"FALLS","W0919","ICD10","","FALLS","Code/00_inputs/canonical_icd_codes.csv","Hospital diagnosis code included in canonical event definition."
"FALLS","W092","ICD10","","FALLS","Code/00_inputs/canonical_icd_codes.csv","Hospital diagnosis code included in canonical event definition."
"FALLS","W0929","ICD10","","FALLS","Code/00_inputs/canonical_icd_codes.csv","Hospital diagnosis code included in canonical event definition."
"FALLS","W093","ICD10","","FALLS","Code/00_inputs/canonical_icd_codes.csv","Hospital diagnosis code included in canonical event definition."
"FALLS","W0939","ICD10","","FALLS","Code/00_inputs/canonical_icd_codes.csv","Hospital diagnosis code included in canonical event definition."
"FALLS","W094","ICD10","","FALLS","Code/00_inputs/canonical_icd_codes.csv","Hospital diagnosis code included in canonical event definition."
"FALLS","W0949","ICD10","","FALLS","Code/00_inputs/canonical_icd_codes.csv","Hospital diagnosis code included in canonical event definition."
"FALLS","W095","ICD10","","FALLS","Code/00_inputs/canonical_icd_codes.csv","Hospital diagnosis code included in canonical event definition."
"FALLS","W0959","ICD10","","FALLS","Code/00_inputs/canonical_icd_codes.csv","Hospital diagnosis code included in canonical event definition."
"FALLS","W096","ICD10","","FALLS","Code/00_inputs/canonical_icd_codes.csv","Hospital diagnosis code included in canonical event definition."
"FALLS","W0969","ICD10","","FALLS","Code/00_inputs/canonical_icd_codes.csv","Hospital diagnosis code included in canonical event definition."
"FALLS","W097","ICD10","","FALLS","Code/00_inputs/canonical_icd_codes.csv","Hospital diagnosis code included in canonical event definition."
"FALLS","W0979","ICD10","","FALLS","Code/00_inputs/canonical_icd_codes.csv","Hospital diagnosis code included in canonical event definition."
"FALLS","W098","ICD10","","FALLS","Code/00_inputs/canonical_icd_codes.csv","Hospital diagnosis code included in canonical event definition."
"FALLS","W0989","ICD10","","FALLS","Code/00_inputs/canonical_icd_codes.csv","Hospital diagnosis code included in canonical event definition."
"FALLS","W099","ICD10","","FALLS","Code/00_inputs/canonical_icd_codes.csv","Hospital diagnosis code included in canonical event definition."
"FALLS","W0999","ICD10","","FALLS","Code/00_inputs/canonical_icd_codes.csv","Hospital diagnosis code included in canonical event definition."
"FALLS","W09X","ICD10","","FALLS","Code/00_inputs/canonical_icd_codes.csv","Hospital diagnosis code included in canonical event definition."
"FALLS","W09X9","ICD10","","FALLS","Code/00_inputs/canonical_icd_codes.csv","Hospital diagnosis code included in canonical event definition."
"FALLS","W101","ICD10","","FALLS","Code/00_inputs/canonical_icd_codes.csv","Hospital diagnosis code included in canonical event definition."
"FALLS","W1019","ICD10","","FALLS","Code/00_inputs/canonical_icd_codes.csv","Hospital diagnosis code included in canonical event definition."
"FALLS","W102","ICD10","","FALLS","Code/00_inputs/canonical_icd_codes.csv","Hospital diagnosis code included in canonical event definition."
"FALLS","W1029","ICD10","","FALLS","Code/00_inputs/canonical_icd_codes.csv","Hospital diagnosis code included in canonical event definition."
"FALLS","W103","ICD10","","FALLS","Code/00_inputs/canonical_icd_codes.csv","Hospital diagnosis code included in canonical event definition."
"FALLS","W1039","ICD10","","FALLS","Code/00_inputs/canonical_icd_codes.csv","Hospital diagnosis code included in canonical event definition."
"FALLS","W104","ICD10","","FALLS","Code/00_inputs/canonical_icd_codes.csv","Hospital diagnosis code included in canonical event definition."
"FALLS","W1049","ICD10","","FALLS","Code/00_inputs/canonical_icd_codes.csv","Hospital diagnosis code included in canonical event definition."
"FALLS","W105","ICD10","","FALLS","Code/00_inputs/canonical_icd_codes.csv","Hospital diagnosis code included in canonical event definition."
"FALLS","W1059","ICD10","","FALLS","Code/00_inputs/canonical_icd_codes.csv","Hospital diagnosis code included in canonical event definition."
"FALLS","W106","ICD10","","FALLS","Code/00_inputs/canonical_icd_codes.csv","Hospital diagnosis code included in canonical event definition."
"FALLS","W1069","ICD10","","FALLS","Code/00_inputs/canonical_icd_codes.csv","Hospital diagnosis code included in canonical event definition."
"FALLS","W107","ICD10","","FALLS","Code/00_inputs/canonical_icd_codes.csv","Hospital diagnosis code included in canonical event definition."
"FALLS","W1079","ICD10","","FALLS","Code/00_inputs/canonical_icd_codes.csv","Hospital diagnosis code included in canonical event definition."
"FALLS","W108","ICD10","","FALLS","Code/00_inputs/canonical_icd_codes.csv","Hospital diagnosis code included in canonical event definition."
"FALLS","W1089","ICD10","","FALLS","Code/00_inputs/canonical_icd_codes.csv","Hospital diagnosis code included in canonical event definition."
"FALLS","W109","ICD10","","FALLS","Code/00_inputs/canonical_icd_codes.csv","Hospital diagnosis code included in canonical event definition."
"FALLS","W1099","ICD10","","FALLS","Code/00_inputs/canonical_icd_codes.csv","Hospital diagnosis code included in canonical event definition."
"FALLS","W10X","ICD10","","FALLS","Code/00_inputs/canonical_icd_codes.csv","Hospital diagnosis code included in canonical event definition."
"FALLS","W10X9","ICD10","","FALLS","Code/00_inputs/canonical_icd_codes.csv","Hospital diagnosis code included in canonical event definition."
"FALLS","W11","ICD10","","FALLS","Code/00_inputs/canonical_icd_codes.csv","Hospital diagnosis code included in canonical event definition."
"FALLS","W111","ICD10","","FALLS","Code/00_inputs/canonical_icd_codes.csv","Hospital diagnosis code included in canonical event definition."
"FALLS","W1119","ICD10","","FALLS","Code/00_inputs/canonical_icd_codes.csv","Hospital diagnosis code included in canonical event definition."
"FALLS","W112","ICD10","","FALLS","Code/00_inputs/canonical_icd_codes.csv","Hospital diagnosis code included in canonical event definition."
"FALLS","W1129","ICD10","","FALLS","Code/00_inputs/canonical_icd_codes.csv","Hospital diagnosis code included in canonical event definition."
"FALLS","W113","ICD10","","FALLS","Code/00_inputs/canonical_icd_codes.csv","Hospital diagnosis code included in canonical event definition."
"FALLS","W1139","ICD10","","FALLS","Code/00_inputs/canonical_icd_codes.csv","Hospital diagnosis code included in canonical event definition."
"FALLS","W114","ICD10","","FALLS","Code/00_inputs/canonical_icd_codes.csv","Hospital diagnosis code included in canonical event definition."
"FALLS","W1149","ICD10","","FALLS","Code/00_inputs/canonical_icd_codes.csv","Hospital diagnosis code included in canonical event definition."
"FALLS","W115","ICD10","","FALLS","Code/00_inputs/canonical_icd_codes.csv","Hospital diagnosis code included in canonical event definition."
"FALLS","W1159","ICD10","","FALLS","Code/00_inputs/canonical_icd_codes.csv","Hospital diagnosis code included in canonical event definition."
"FALLS","W116","ICD10","","FALLS","Code/00_inputs/canonical_icd_codes.csv","Hospital diagnosis code included in canonical event definition."
"FALLS","W1169","ICD10","","FALLS","Code/00_inputs/canonical_icd_codes.csv","Hospital diagnosis code included in canonical event definition."
"FALLS","W117","ICD10","","FALLS","Code/00_inputs/canonical_icd_codes.csv","Hospital diagnosis code included in canonical event definition."
"FALLS","W1179","ICD10","","FALLS","Code/00_inputs/canonical_icd_codes.csv","Hospital diagnosis code included in canonical event definition."
"FALLS","W118","ICD10","","FALLS","Code/00_inputs/canonical_icd_codes.csv","Hospital diagnosis code included in canonical event definition."
"FALLS","W1189","ICD10","","FALLS","Code/00_inputs/canonical_icd_codes.csv","Hospital diagnosis code included in canonical event definition."
"FALLS","W119","ICD10","","FALLS","Code/00_inputs/canonical_icd_codes.csv","Hospital diagnosis code included in canonical event definition."
"FALLS","W1199","ICD10","","FALLS","Code/00_inputs/canonical_icd_codes.csv","Hospital diagnosis code included in canonical event definition."
"FALLS","W11X","ICD10","","FALLS","Code/00_inputs/canonical_icd_codes.csv","Hospital diagnosis code included in canonical event definition."
"FALLS","W11X9","ICD10","","FALLS","Code/00_inputs/canonical_icd_codes.csv","Hospital diagnosis code included in canonical event definition."
"FALLS","W12","ICD10","","FALLS","Code/00_inputs/canonical_icd_codes.csv","Hospital diagnosis code included in canonical event definition."
"FALLS","W121","ICD10","","FALLS","Code/00_inputs/canonical_icd_codes.csv","Hospital diagnosis code included in canonical event definition."
"FALLS","W1219","ICD10","","FALLS","Code/00_inputs/canonical_icd_codes.csv","Hospital diagnosis code included in canonical event definition."
"FALLS","W122","ICD10","","FALLS","Code/00_inputs/canonical_icd_codes.csv","Hospital diagnosis code included in canonical event definition."
"FALLS","W1229","ICD10","","FALLS","Code/00_inputs/canonical_icd_codes.csv","Hospital diagnosis code included in canonical event definition."
"FALLS","W123","ICD10","","FALLS","Code/00_inputs/canonical_icd_codes.csv","Hospital diagnosis code included in canonical event definition."
"FALLS","W1239","ICD10","","FALLS","Code/00_inputs/canonical_icd_codes.csv","Hospital diagnosis code included in canonical event definition."
"FALLS","W124","ICD10","","FALLS","Code/00_inputs/canonical_icd_codes.csv","Hospital diagnosis code included in canonical event definition."
"FALLS","W1249","ICD10","","FALLS","Code/00_inputs/canonical_icd_codes.csv","Hospital diagnosis code included in canonical event definition."
"FALLS","W125","ICD10","","FALLS","Code/00_inputs/canonical_icd_codes.csv","Hospital diagnosis code included in canonical event definition."
"FALLS","W1259","ICD10","","FALLS","Code/00_inputs/canonical_icd_codes.csv","Hospital diagnosis code included in canonical event definition."
"FALLS","W126","ICD10","","FALLS","Code/00_inputs/canonical_icd_codes.csv","Hospital diagnosis code included in canonical event definition."
"FALLS","W1269","ICD10","","FALLS","Code/00_inputs/canonical_icd_codes.csv","Hospital diagnosis code included in canonical event definition."
"FALLS","W127","ICD10","","FALLS","Code/00_inputs/canonical_icd_codes.csv","Hospital diagnosis code included in canonical event definition."
"FALLS","W1279","ICD10","","FALLS","Code/00_inputs/canonical_icd_codes.csv","Hospital diagnosis code included in canonical event definition."
"FALLS","W128","ICD10","","FALLS","Code/00_inputs/canonical_icd_codes.csv","Hospital diagnosis code included in canonical event definition."
"FALLS","W1289","ICD10","","FALLS","Code/00_inputs/canonical_icd_codes.csv","Hospital diagnosis code included in canonical event definition."
"FALLS","W129","ICD10","","FALLS","Code/00_inputs/canonical_icd_codes.csv","Hospital diagnosis code included in canonical event definition."
"FALLS","W1299","ICD10","","FALLS","Code/00_inputs/canonical_icd_codes.csv","Hospital diagnosis code included in canonical event definition."
"FALLS","W13","ICD10","","FALLS","Code/00_inputs/canonical_icd_codes.csv","Hospital diagnosis code included in canonical event definition."
"FALLS","W131","ICD10","","FALLS","Code/00_inputs/canonical_icd_codes.csv","Hospital diagnosis code included in canonical event definition."
"FALLS","W1319","ICD10","","FALLS","Code/00_inputs/canonical_icd_codes.csv","Hospital diagnosis code included in canonical event definition."
"FALLS","W132","ICD10","","FALLS","Code/00_inputs/canonical_icd_codes.csv","Hospital diagnosis code included in canonical event definition."
"FALLS","W1329","ICD10","","FALLS","Code/00_inputs/canonical_icd_codes.csv","Hospital diagnosis code included in canonical event definition."
"FALLS","W133","ICD10","","FALLS","Code/00_inputs/canonical_icd_codes.csv","Hospital diagnosis code included in canonical event definition."
"FALLS","W1339","ICD10","","FALLS","Code/00_inputs/canonical_icd_codes.csv","Hospital diagnosis code included in canonical event definition."
"FALLS","W134","ICD10","","FALLS","Code/00_inputs/canonical_icd_codes.csv","Hospital diagnosis code included in canonical event definition."
"FALLS","W1349","ICD10","","FALLS","Code/00_inputs/canonical_icd_codes.csv","Hospital diagnosis code included in canonical event definition."
"FALLS","W135","ICD10","","FALLS","Code/00_inputs/canonical_icd_codes.csv","Hospital diagnosis code included in canonical event definition."
"FALLS","W1359","ICD10","","FALLS","Code/00_inputs/canonical_icd_codes.csv","Hospital diagnosis code included in canonical event definition."
"FALLS","W136","ICD10","","FALLS","Code/00_inputs/canonical_icd_codes.csv","Hospital diagnosis code included in canonical event definition."
"FALLS","W1369","ICD10","","FALLS","Code/00_inputs/canonical_icd_codes.csv","Hospital diagnosis code included in canonical event definition."
"FALLS","W137","ICD10","","FALLS","Code/00_inputs/canonical_icd_codes.csv","Hospital diagnosis code included in canonical event definition."
"FALLS","W1379","ICD10","","FALLS","Code/00_inputs/canonical_icd_codes.csv","Hospital diagnosis code included in canonical event definition."
"FALLS","W138","ICD10","","FALLS","Code/00_inputs/canonical_icd_codes.csv","Hospital diagnosis code included in canonical event definition."
"FALLS","W1389","ICD10","","FALLS","Code/00_inputs/canonical_icd_codes.csv","Hospital diagnosis code included in canonical event definition."
"FALLS","W139","ICD10","","FALLS","Code/00_inputs/canonical_icd_codes.csv","Hospital diagnosis code included in canonical event definition."
"FALLS","W1399","ICD10","","FALLS","Code/00_inputs/canonical_icd_codes.csv","Hospital diagnosis code included in canonical event definition."
"FALLS","W13X","ICD10","","FALLS","Code/00_inputs/canonical_icd_codes.csv","Hospital diagnosis code included in canonical event definition."
"FALLS","W13X9","ICD10","","FALLS","Code/00_inputs/canonical_icd_codes.csv","Hospital diagnosis code included in canonical event definition."
"FALLS","W14","ICD10","","FALLS","Code/00_inputs/canonical_icd_codes.csv","Hospital diagnosis code included in canonical event definition."
"FALLS","W141","ICD10","","FALLS","Code/00_inputs/canonical_icd_codes.csv","Hospital diagnosis code included in canonical event definition."
"FALLS","W1419","ICD10","","FALLS","Code/00_inputs/canonical_icd_codes.csv","Hospital diagnosis code included in canonical event definition."
"FALLS","W142","ICD10","","FALLS","Code/00_inputs/canonical_icd_codes.csv","Hospital diagnosis code included in canonical event definition."
"FALLS","W1429","ICD10","","FALLS","Code/00_inputs/canonical_icd_codes.csv","Hospital diagnosis code included in canonical event definition."
"FALLS","W143","ICD10","","FALLS","Code/00_inputs/canonical_icd_codes.csv","Hospital diagnosis code included in canonical event definition."
"FALLS","W1439","ICD10","","FALLS","Code/00_inputs/canonical_icd_codes.csv","Hospital diagnosis code included in canonical event definition."
"FALLS","W144","ICD10","","FALLS","Code/00_inputs/canonical_icd_codes.csv","Hospital diagnosis code included in canonical event definition."
"FALLS","W1449","ICD10","","FALLS","Code/00_inputs/canonical_icd_codes.csv","Hospital diagnosis code included in canonical event definition."
"FALLS","W145","ICD10","","FALLS","Code/00_inputs/canonical_icd_codes.csv","Hospital diagnosis code included in canonical event definition."
"FALLS","W1459","ICD10","","FALLS","Code/00_inputs/canonical_icd_codes.csv","Hospital diagnosis code included in canonical event definition."
"FALLS","W146","ICD10","","FALLS","Code/00_inputs/canonical_icd_codes.csv","Hospital diagnosis code included in canonical event definition."
"FALLS","W1469","ICD10","","FALLS","Code/00_inputs/canonical_icd_codes.csv","Hospital diagnosis code included in canonical event definition."
"FALLS","W147","ICD10","","FALLS","Code/00_inputs/canonical_icd_codes.csv","Hospital diagnosis code included in canonical event definition."
"FALLS","W1479","ICD10","","FALLS","Code/00_inputs/canonical_icd_codes.csv","Hospital diagnosis code included in canonical event definition."
"FALLS","W148","ICD10","","FALLS","Code/00_inputs/canonical_icd_codes.csv","Hospital diagnosis code included in canonical event definition."
"FALLS","W1489","ICD10","","FALLS","Code/00_inputs/canonical_icd_codes.csv","Hospital diagnosis code included in canonical event definition."
"FALLS","W149","ICD10","","FALLS","Code/00_inputs/canonical_icd_codes.csv","Hospital diagnosis code included in canonical event definition."
"FALLS","W1499","ICD10","","FALLS","Code/00_inputs/canonical_icd_codes.csv","Hospital diagnosis code included in canonical event definition."
"FALLS","W14X","ICD10","","FALLS","Code/00_inputs/canonical_icd_codes.csv","Hospital diagnosis code included in canonical event definition."
"FALLS","W14X9","ICD10","","FALLS","Code/00_inputs/canonical_icd_codes.csv","Hospital diagnosis code included in canonical event definition."
"FALLS","W15","ICD10","","FALLS","Code/00_inputs/canonical_icd_codes.csv","Hospital diagnosis code included in canonical event definition."
"FALLS","W151","ICD10","","FALLS","Code/00_inputs/canonical_icd_codes.csv","Hospital diagnosis code included in canonical event definition."
"FALLS","W1519","ICD10","","FALLS","Code/00_inputs/canonical_icd_codes.csv","Hospital diagnosis code included in canonical event definition."
"FALLS","W152","ICD10","","FALLS","Code/00_inputs/canonical_icd_codes.csv","Hospital diagnosis code included in canonical event definition."
"FALLS","W1529","ICD10","","FALLS","Code/00_inputs/canonical_icd_codes.csv","Hospital diagnosis code included in canonical event definition."
"FALLS","W153","ICD10","","FALLS","Code/00_inputs/canonical_icd_codes.csv","Hospital diagnosis code included in canonical event definition."
"FALLS","W1539","ICD10","","FALLS","Code/00_inputs/canonical_icd_codes.csv","Hospital diagnosis code included in canonical event definition."
"FALLS","W154","ICD10","","FALLS","Code/00_inputs/canonical_icd_codes.csv","Hospital diagnosis code included in canonical event definition."
"FALLS","W1549","ICD10","","FALLS","Code/00_inputs/canonical_icd_codes.csv","Hospital diagnosis code included in canonical event definition."
"FALLS","W155","ICD10","","FALLS","Code/00_inputs/canonical_icd_codes.csv","Hospital diagnosis code included in canonical event definition."
"FALLS","W1559","ICD10","","FALLS","Code/00_inputs/canonical_icd_codes.csv","Hospital diagnosis code included in canonical event definition."
"FALLS","W156","ICD10","","FALLS","Code/00_inputs/canonical_icd_codes.csv","Hospital diagnosis code included in canonical event definition."
"FALLS","W1569","ICD10","","FALLS","Code/00_inputs/canonical_icd_codes.csv","Hospital diagnosis code included in canonical event definition."
"FALLS","W157","ICD10","","FALLS","Code/00_inputs/canonical_icd_codes.csv","Hospital diagnosis code included in canonical event definition."
"FALLS","W1579","ICD10","","FALLS","Code/00_inputs/canonical_icd_codes.csv","Hospital diagnosis code included in canonical event definition."
"FALLS","W158","ICD10","","FALLS","Code/00_inputs/canonical_icd_codes.csv","Hospital diagnosis code included in canonical event definition."
"FALLS","W1589","ICD10","","FALLS","Code/00_inputs/canonical_icd_codes.csv","Hospital diagnosis code included in canonical event definition."
"FALLS","W159","ICD10","","FALLS","Code/00_inputs/canonical_icd_codes.csv","Hospital diagnosis code included in canonical event definition."
"FALLS","W1599","ICD10","","FALLS","Code/00_inputs/canonical_icd_codes.csv","Hospital diagnosis code included in canonical event definition."
"FALLS","W15X","ICD10","","FALLS","Code/00_inputs/canonical_icd_codes.csv","Hospital diagnosis code included in canonical event definition."
"FALLS","W15X9","ICD10","","FALLS","Code/00_inputs/canonical_icd_codes.csv","Hospital diagnosis code included in canonical event definition."
"FALLS","W16","ICD10","","FALLS","Code/00_inputs/canonical_icd_codes.csv","Hospital diagnosis code included in canonical event definition."
"FALLS","W161","ICD10","","FALLS","Code/00_inputs/canonical_icd_codes.csv","Hospital diagnosis code included in canonical event definition."
"FALLS","W1619","ICD10","","FALLS","Code/00_inputs/canonical_icd_codes.csv","Hospital diagnosis code included in canonical event definition."
"FALLS","W162","ICD10","","FALLS","Code/00_inputs/canonical_icd_codes.csv","Hospital diagnosis code included in canonical event definition."
"FALLS","W1629","ICD10","","FALLS","Code/00_inputs/canonical_icd_codes.csv","Hospital diagnosis code included in canonical event definition."
"FALLS","W163","ICD10","","FALLS","Code/00_inputs/canonical_icd_codes.csv","Hospital diagnosis code included in canonical event definition."
"FALLS","W1639","ICD10","","FALLS","Code/00_inputs/canonical_icd_codes.csv","Hospital diagnosis code included in canonical event definition."
"FALLS","W164","ICD10","","FALLS","Code/00_inputs/canonical_icd_codes.csv","Hospital diagnosis code included in canonical event definition."
"FALLS","W1649","ICD10","","FALLS","Code/00_inputs/canonical_icd_codes.csv","Hospital diagnosis code included in canonical event definition."
"FALLS","W165","ICD10","","FALLS","Code/00_inputs/canonical_icd_codes.csv","Hospital diagnosis code included in canonical event definition."
"FALLS","W1659","ICD10","","FALLS","Code/00_inputs/canonical_icd_codes.csv","Hospital diagnosis code included in canonical event definition."
"FALLS","W166","ICD10","","FALLS","Code/00_inputs/canonical_icd_codes.csv","Hospital diagnosis code included in canonical event definition."
"FALLS","W1669","ICD10","","FALLS","Code/00_inputs/canonical_icd_codes.csv","Hospital diagnosis code included in canonical event definition."
"FALLS","W167","ICD10","","FALLS","Code/00_inputs/canonical_icd_codes.csv","Hospital diagnosis code included in canonical event definition."
"FALLS","W1679","ICD10","","FALLS","Code/00_inputs/canonical_icd_codes.csv","Hospital diagnosis code included in canonical event definition."
"FALLS","W168","ICD10","","FALLS","Code/00_inputs/canonical_icd_codes.csv","Hospital diagnosis code included in canonical event definition."
"FALLS","W1689","ICD10","","FALLS","Code/00_inputs/canonical_icd_codes.csv","Hospital diagnosis code included in canonical event definition."
"FALLS","W169","ICD10","","FALLS","Code/00_inputs/canonical_icd_codes.csv","Hospital diagnosis code included in canonical event definition."
"FALLS","W1699","ICD10","","FALLS","Code/00_inputs/canonical_icd_codes.csv","Hospital diagnosis code included in canonical event definition."
"FALLS","W16X","ICD10","","FALLS","Code/00_inputs/canonical_icd_codes.csv","Hospital diagnosis code included in canonical event definition."
"FALLS","W16X9","ICD10","","FALLS","Code/00_inputs/canonical_icd_codes.csv","Hospital diagnosis code included in canonical event definition."
"FALLS","W17","ICD10","","FALLS","Code/00_inputs/canonical_icd_codes.csv","Hospital diagnosis code included in canonical event definition."
"FALLS","W171","ICD10","","FALLS","Code/00_inputs/canonical_icd_codes.csv","Hospital diagnosis code included in canonical event definition."
"FALLS","W1719","ICD10","","FALLS","Code/00_inputs/canonical_icd_codes.csv","Hospital diagnosis code included in canonical event definition."
"FALLS","W172","ICD10","","FALLS","Code/00_inputs/canonical_icd_codes.csv","Hospital diagnosis code included in canonical event definition."
"FALLS","W1729","ICD10","","FALLS","Code/00_inputs/canonical_icd_codes.csv","Hospital diagnosis code included in canonical event definition."
"FALLS","W173","ICD10","","FALLS","Code/00_inputs/canonical_icd_codes.csv","Hospital diagnosis code included in canonical event definition."
"FALLS","W1739","ICD10","","FALLS","Code/00_inputs/canonical_icd_codes.csv","Hospital diagnosis code included in canonical event definition."
"FALLS","W174","ICD10","","FALLS","Code/00_inputs/canonical_icd_codes.csv","Hospital diagnosis code included in canonical event definition."
"FALLS","W1749","ICD10","","FALLS","Code/00_inputs/canonical_icd_codes.csv","Hospital diagnosis code included in canonical event definition."
"FALLS","W175","ICD10","","FALLS","Code/00_inputs/canonical_icd_codes.csv","Hospital diagnosis code included in canonical event definition."
"FALLS","W1759","ICD10","","FALLS","Code/00_inputs/canonical_icd_codes.csv","Hospital diagnosis code included in canonical event definition."
"FALLS","W176","ICD10","","FALLS","Code/00_inputs/canonical_icd_codes.csv","Hospital diagnosis code included in canonical event definition."
"FALLS","W1769","ICD10","","FALLS","Code/00_inputs/canonical_icd_codes.csv","Hospital diagnosis code included in canonical event definition."
"FALLS","W177","ICD10","","FALLS","Code/00_inputs/canonical_icd_codes.csv","Hospital diagnosis code included in canonical event definition."
"FALLS","W1779","ICD10","","FALLS","Code/00_inputs/canonical_icd_codes.csv","Hospital diagnosis code included in canonical event definition."
"FALLS","W178","ICD10","","FALLS","Code/00_inputs/canonical_icd_codes.csv","Hospital diagnosis code included in canonical event definition."
"FALLS","W1789","ICD10","","FALLS","Code/00_inputs/canonical_icd_codes.csv","Hospital diagnosis code included in canonical event definition."
"FALLS","W179","ICD10","","FALLS","Code/00_inputs/canonical_icd_codes.csv","Hospital diagnosis code included in canonical event definition."
"FALLS","W1799","ICD10","","FALLS","Code/00_inputs/canonical_icd_codes.csv","Hospital diagnosis code included in canonical event definition."
"FALLS","W17X","ICD10","","FALLS","Code/00_inputs/canonical_icd_codes.csv","Hospital diagnosis code included in canonical event definition."
"FALLS","W17X9","ICD10","","FALLS","Code/00_inputs/canonical_icd_codes.csv","Hospital diagnosis code included in canonical event definition."
"FALLS","W18","ICD10","","FALLS","Code/00_inputs/canonical_icd_codes.csv","Hospital diagnosis code included in canonical event definition."
"FALLS","W181","ICD10","","FALLS","Code/00_inputs/canonical_icd_codes.csv","Hospital diagnosis code included in canonical event definition."
"FALLS","W1819","ICD10","","FALLS","Code/00_inputs/canonical_icd_codes.csv","Hospital diagnosis code included in canonical event definition."
"FALLS","W182","ICD10","","FALLS","Code/00_inputs/canonical_icd_codes.csv","Hospital diagnosis code included in canonical event definition."
"FALLS","W1829","ICD10","","FALLS","Code/00_inputs/canonical_icd_codes.csv","Hospital diagnosis code included in canonical event definition."
"FALLS","W183","ICD10","","FALLS","Code/00_inputs/canonical_icd_codes.csv","Hospital diagnosis code included in canonical event definition."
"FALLS","W1839","ICD10","","FALLS","Code/00_inputs/canonical_icd_codes.csv","Hospital diagnosis code included in canonical event definition."
"FALLS","W184","ICD10","","FALLS","Code/00_inputs/canonical_icd_codes.csv","Hospital diagnosis code included in canonical event definition."
"FALLS","W1849","ICD10","","FALLS","Code/00_inputs/canonical_icd_codes.csv","Hospital diagnosis code included in canonical event definition."
"FALLS","W185","ICD10","","FALLS","Code/00_inputs/canonical_icd_codes.csv","Hospital diagnosis code included in canonical event definition."
"FALLS","W1859","ICD10","","FALLS","Code/00_inputs/canonical_icd_codes.csv","Hospital diagnosis code included in canonical event definition."
"FALLS","W186","ICD10","","FALLS","Code/00_inputs/canonical_icd_codes.csv","Hospital diagnosis code included in canonical event definition."
"FALLS","W1869","ICD10","","FALLS","Code/00_inputs/canonical_icd_codes.csv","Hospital diagnosis code included in canonical event definition."
"FALLS","W187","ICD10","","FALLS","Code/00_inputs/canonical_icd_codes.csv","Hospital diagnosis code included in canonical event definition."
"FALLS","W1879","ICD10","","FALLS","Code/00_inputs/canonical_icd_codes.csv","Hospital diagnosis code included in canonical event definition."
"FALLS","W188","ICD10","","FALLS","Code/00_inputs/canonical_icd_codes.csv","Hospital diagnosis code included in canonical event definition."
"FALLS","W1889","ICD10","","FALLS","Code/00_inputs/canonical_icd_codes.csv","Hospital diagnosis code included in canonical event definition."
"FALLS","W189","ICD10","","FALLS","Code/00_inputs/canonical_icd_codes.csv","Hospital diagnosis code included in canonical event definition."
"FALLS","W1899","ICD10","","FALLS","Code/00_inputs/canonical_icd_codes.csv","Hospital diagnosis code included in canonical event definition."
"FALLS","W18X","ICD10","","FALLS","Code/00_inputs/canonical_icd_codes.csv","Hospital diagnosis code included in canonical event definition."
"FALLS","W18X9","ICD10","","FALLS","Code/00_inputs/canonical_icd_codes.csv","Hospital diagnosis code included in canonical event definition."
"FALLS","W19","ICD10","","FALLS","Code/00_inputs/canonical_icd_codes.csv","Hospital diagnosis code included in canonical event definition."
"FALLS","W191","ICD10","","FALLS","Code/00_inputs/canonical_icd_codes.csv","Hospital diagnosis code included in canonical event definition."
"FALLS","W1919","ICD10","","FALLS","Code/00_inputs/canonical_icd_codes.csv","Hospital diagnosis code included in canonical event definition."
"FALLS","W192","ICD10","","FALLS","Code/00_inputs/canonical_icd_codes.csv","Hospital diagnosis code included in canonical event definition."
"FALLS","W1929","ICD10","","FALLS","Code/00_inputs/canonical_icd_codes.csv","Hospital diagnosis code included in canonical event definition."
"FALLS","W193","ICD10","","FALLS","Code/00_inputs/canonical_icd_codes.csv","Hospital diagnosis code included in canonical event definition."
"FALLS","W1939","ICD10","","FALLS","Code/00_inputs/canonical_icd_codes.csv","Hospital diagnosis code included in canonical event definition."
"FALLS","W194","ICD10","","FALLS","Code/00_inputs/canonical_icd_codes.csv","Hospital diagnosis code included in canonical event definition."
"FALLS","W1949","ICD10","","FALLS","Code/00_inputs/canonical_icd_codes.csv","Hospital diagnosis code included in canonical event definition."
"FALLS","W195","ICD10","","FALLS","Code/00_inputs/canonical_icd_codes.csv","Hospital diagnosis code included in canonical event definition."
"FALLS","W1959","ICD10","","FALLS","Code/00_inputs/canonical_icd_codes.csv","Hospital diagnosis code included in canonical event definition."
"FALLS","W196","ICD10","","FALLS","Code/00_inputs/canonical_icd_codes.csv","Hospital diagnosis code included in canonical event definition."
"FALLS","W1969","ICD10","","FALLS","Code/00_inputs/canonical_icd_codes.csv","Hospital diagnosis code included in canonical event definition."
"FALLS","W197","ICD10","","FALLS","Code/00_inputs/canonical_icd_codes.csv","Hospital diagnosis code included in canonical event definition."
"FALLS","W1979","ICD10","","FALLS","Code/00_inputs/canonical_icd_codes.csv","Hospital diagnosis code included in canonical event definition."
"FALLS","W198","ICD10","","FALLS","Code/00_inputs/canonical_icd_codes.csv","Hospital diagnosis code included in canonical event definition."
"FALLS","W1989","ICD10","","FALLS","Code/00_inputs/canonical_icd_codes.csv","Hospital diagnosis code included in canonical event definition."
"FALLS","W199","ICD10","","FALLS","Code/00_inputs/canonical_icd_codes.csv","Hospital diagnosis code included in canonical event definition."
"FALLS","W1999","ICD10","","FALLS","Code/00_inputs/canonical_icd_codes.csv","Hospital diagnosis code included in canonical event definition."
"FALLS","W19O","ICD10","","FALLS","Code/00_inputs/canonical_icd_codes.csv","Hospital diagnosis code included in canonical event definition."
"FALLS","W19O9","ICD10","","FALLS","Code/00_inputs/canonical_icd_codes.csv","Hospital diagnosis code included in canonical event definition."
"FALLS","W19X","ICD10","","FALLS","Code/00_inputs/canonical_icd_codes.csv","Hospital diagnosis code included in canonical event definition."
"FALLS","W19X9","ICD10","","FALLS","Code/00_inputs/canonical_icd_codes.csv","Hospital diagnosis code included in canonical event definition."
"FALLS","W20X","ICD10","","FALLS","Code/00_inputs/canonical_icd_codes.csv","Hospital diagnosis code included in canonical event definition."
"FALLS","W20X9","ICD10","","FALLS","Code/00_inputs/canonical_icd_codes.csv","Hospital diagnosis code included in canonical event definition."
"hypertension","I10","ICD10","","hypertension","Code/00_inputs/canonical_icd_codes.csv","Hospital diagnosis code included in canonical event definition."
"hypertension","I100","ICD10","","hypertension","Code/00_inputs/canonical_icd_codes.csv","Hospital diagnosis code included in canonical event definition."
"hypertension","I1000","ICD10","","hypertension","Code/00_inputs/canonical_icd_codes.csv","Hospital diagnosis code included in canonical event definition."
"hypertension","I110","ICD10","","hypertension","Code/00_inputs/canonical_icd_codes.csv","Hospital diagnosis code included in canonical event definition."
"hypertension","I1100","ICD10","","hypertension","Code/00_inputs/canonical_icd_codes.csv","Hospital diagnosis code included in canonical event definition."
"hypertension","I119","ICD10","","hypertension","Code/00_inputs/canonical_icd_codes.csv","Hospital diagnosis code included in canonical event definition."
"hypertension","I1190","ICD10","","hypertension","Code/00_inputs/canonical_icd_codes.csv","Hospital diagnosis code included in canonical event definition."
"hypertension","I120","ICD10","","hypertension","Code/00_inputs/canonical_icd_codes.csv","Hospital diagnosis code included in canonical event definition."
"hypertension","I1200","ICD10","","hypertension","Code/00_inputs/canonical_icd_codes.csv","Hospital diagnosis code included in canonical event definition."
"hypertension","I129","ICD10","","hypertension","Code/00_inputs/canonical_icd_codes.csv","Hospital diagnosis code included in canonical event definition."
"hypertension","I1290","ICD10","","hypertension","Code/00_inputs/canonical_icd_codes.csv","Hospital diagnosis code included in canonical event definition."
"hypertension","I13","ICD10","","hypertension","Code/00_inputs/canonical_icd_codes.csv","Hospital diagnosis code included in canonical event definition."
"hypertension","I130","ICD10","","hypertension","Code/00_inputs/canonical_icd_codes.csv","Hospital diagnosis code included in canonical event definition."
"hypertension","I1300","ICD10","","hypertension","Code/00_inputs/canonical_icd_codes.csv","Hospital diagnosis code included in canonical event definition."
"hypertension","I131","ICD10","","hypertension","Code/00_inputs/canonical_icd_codes.csv","Hospital diagnosis code included in canonical event definition."
"hypertension","I1310","ICD10","","hypertension","Code/00_inputs/canonical_icd_codes.csv","Hospital diagnosis code included in canonical event definition."
"hypertension","I132","ICD10","","hypertension","Code/00_inputs/canonical_icd_codes.csv","Hospital diagnosis code included in canonical event definition."
"hypertension","I1320","ICD10","","hypertension","Code/00_inputs/canonical_icd_codes.csv","Hospital diagnosis code included in canonical event definition."
"hypertension","I150","ICD10","","hypertension","Code/00_inputs/canonical_icd_codes.csv","Hospital diagnosis code included in canonical event definition."
"hypertension","I1500","ICD10","","hypertension","Code/00_inputs/canonical_icd_codes.csv","Hospital diagnosis code included in canonical event definition."
"hypertension","I151","ICD10","","hypertension","Code/00_inputs/canonical_icd_codes.csv","Hospital diagnosis code included in canonical event definition."
"hypertension","I1510","ICD10","","hypertension","Code/00_inputs/canonical_icd_codes.csv","Hospital diagnosis code included in canonical event definition."
"hypertension","I152","ICD10","","hypertension","Code/00_inputs/canonical_icd_codes.csv","Hospital diagnosis code included in canonical event definition."
"hypertension","I1520","ICD10","","hypertension","Code/00_inputs/canonical_icd_codes.csv","Hospital diagnosis code included in canonical event definition."
"hypertension","I158","ICD10","","hypertension","Code/00_inputs/canonical_icd_codes.csv","Hospital diagnosis code included in canonical event definition."
"hypertension","I1580","ICD10","","hypertension","Code/00_inputs/canonical_icd_codes.csv","Hospital diagnosis code included in canonical event definition."
"hypertension","I159","ICD10","","hypertension","Code/00_inputs/canonical_icd_codes.csv","Hospital diagnosis code included in canonical event definition."
"hypertension","I1590","ICD10","","hypertension","Code/00_inputs/canonical_icd_codes.csv","Hospital diagnosis code included in canonical event definition."
"hypertension","I160","ICD10","","hypertension","Code/00_inputs/canonical_icd_codes.csv","Hospital diagnosis code included in canonical event definition."
"hypertension","I1600","ICD10","","hypertension","Code/00_inputs/canonical_icd_codes.csv","Hospital diagnosis code included in canonical event definition."
"hypertension","I161","ICD10","","hypertension","Code/00_inputs/canonical_icd_codes.csv","Hospital diagnosis code included in canonical event definition."
"hypertension","I1610","ICD10","","hypertension","Code/00_inputs/canonical_icd_codes.csv","Hospital diagnosis code included in canonical event definition."
"hypertension","I169","ICD10","","hypertension","Code/00_inputs/canonical_icd_codes.csv","Hospital diagnosis code included in canonical event definition."
"hypertension","I1690","ICD10","","hypertension","Code/00_inputs/canonical_icd_codes.csv","Hospital diagnosis code included in canonical event definition."
"IHD","I21","ICD10","","IHD","Code/00_inputs/canonical_icd_codes.csv","Hospital diagnosis code included in canonical event definition."
"IHD","I210","ICD10","","IHD","Code/00_inputs/canonical_icd_codes.csv","Hospital diagnosis code included in canonical event definition."
"IHD","I2100","ICD10","","IHD","Code/00_inputs/canonical_icd_codes.csv","Hospital diagnosis code included in canonical event definition."
"IHD","I211","ICD10","","IHD","Code/00_inputs/canonical_icd_codes.csv","Hospital diagnosis code included in canonical event definition."
"IHD","I2110","ICD10","","IHD","Code/00_inputs/canonical_icd_codes.csv","Hospital diagnosis code included in canonical event definition."
"IHD","I212","ICD10","","IHD","Code/00_inputs/canonical_icd_codes.csv","Hospital diagnosis code included in canonical event definition."
"IHD","I2120","ICD10","","IHD","Code/00_inputs/canonical_icd_codes.csv","Hospital diagnosis code included in canonical event definition."
"IHD","I213","ICD10","","IHD","Code/00_inputs/canonical_icd_codes.csv","Hospital diagnosis code included in canonical event definition."
"IHD","I2130","ICD10","","IHD","Code/00_inputs/canonical_icd_codes.csv","Hospital diagnosis code included in canonical event definition."
"IHD","I214","ICD10","","IHD","Code/00_inputs/canonical_icd_codes.csv","Hospital diagnosis code included in canonical event definition."
"IHD","I2140","ICD10","","IHD","Code/00_inputs/canonical_icd_codes.csv","Hospital diagnosis code included in canonical event definition."
"IHD","I218","ICD10","","IHD","Code/00_inputs/canonical_icd_codes.csv","Hospital diagnosis code included in canonical event definition."
"IHD","I2180","ICD10","","IHD","Code/00_inputs/canonical_icd_codes.csv","Hospital diagnosis code included in canonical event definition."
"IHD","I219","ICD10","","IHD","Code/00_inputs/canonical_icd_codes.csv","Hospital diagnosis code included in canonical event definition."
"IHD","I2190","ICD10","","IHD","Code/00_inputs/canonical_icd_codes.csv","Hospital diagnosis code included in canonical event definition."
"IHD","I21X","ICD10","","IHD","Code/00_inputs/canonical_icd_codes.csv","Hospital diagnosis code included in canonical event definition."
"IHD","I21X0","ICD10","","IHD","Code/00_inputs/canonical_icd_codes.csv","Hospital diagnosis code included in canonical event definition."
"IHD","I22","ICD10","","IHD","Code/00_inputs/canonical_icd_codes.csv","Hospital diagnosis code included in canonical event definition."
"IHD","I220","ICD10","","IHD","Code/00_inputs/canonical_icd_codes.csv","Hospital diagnosis code included in canonical event definition."
"IHD","I2200","ICD10","","IHD","Code/00_inputs/canonical_icd_codes.csv","Hospital diagnosis code included in canonical event definition."
"IHD","I221","ICD10","","IHD","Code/00_inputs/canonical_icd_codes.csv","Hospital diagnosis code included in canonical event definition."
"IHD","I2210","ICD10","","IHD","Code/00_inputs/canonical_icd_codes.csv","Hospital diagnosis code included in canonical event definition."
"IHD","I228","ICD10","","IHD","Code/00_inputs/canonical_icd_codes.csv","Hospital diagnosis code included in canonical event definition."
"IHD","I2280","ICD10","","IHD","Code/00_inputs/canonical_icd_codes.csv","Hospital diagnosis code included in canonical event definition."
"IHD","I229","ICD10","","IHD","Code/00_inputs/canonical_icd_codes.csv","Hospital diagnosis code included in canonical event definition."
"IHD","I2290","ICD10","","IHD","Code/00_inputs/canonical_icd_codes.csv","Hospital diagnosis code included in canonical event definition."
"IHD","I22X","ICD10","","IHD","Code/00_inputs/canonical_icd_codes.csv","Hospital diagnosis code included in canonical event definition."
"IHD","I22X0","ICD10","","IHD","Code/00_inputs/canonical_icd_codes.csv","Hospital diagnosis code included in canonical event definition."
"IHD","I230","ICD10","","IHD","Code/00_inputs/canonical_icd_codes.csv","Hospital diagnosis code included in canonical event definition."
"IHD","I2300","ICD10","","IHD","Code/00_inputs/canonical_icd_codes.csv","Hospital diagnosis code included in canonical event definition."
"IHD","I231","ICD10","","IHD","Code/00_inputs/canonical_icd_codes.csv","Hospital diagnosis code included in canonical event definition."
"IHD","I2310","ICD10","","IHD","Code/00_inputs/canonical_icd_codes.csv","Hospital diagnosis code included in canonical event definition."
"IHD","I232","ICD10","","IHD","Code/00_inputs/canonical_icd_codes.csv","Hospital diagnosis code included in canonical event definition."
"IHD","I2320","ICD10","","IHD","Code/00_inputs/canonical_icd_codes.csv","Hospital diagnosis code included in canonical event definition."
"IHD","I233","ICD10","","IHD","Code/00_inputs/canonical_icd_codes.csv","Hospital diagnosis code included in canonical event definition."
"IHD","I2330","ICD10","","IHD","Code/00_inputs/canonical_icd_codes.csv","Hospital diagnosis code included in canonical event definition."
"IHD","I234","ICD10","","IHD","Code/00_inputs/canonical_icd_codes.csv","Hospital diagnosis code included in canonical event definition."
"IHD","I2340","ICD10","","IHD","Code/00_inputs/canonical_icd_codes.csv","Hospital diagnosis code included in canonical event definition."
"IHD","I235","ICD10","","IHD","Code/00_inputs/canonical_icd_codes.csv","Hospital diagnosis code included in canonical event definition."
"IHD","I2350","ICD10","","IHD","Code/00_inputs/canonical_icd_codes.csv","Hospital diagnosis code included in canonical event definition."
"IHD","I236","ICD10","","IHD","Code/00_inputs/canonical_icd_codes.csv","Hospital diagnosis code included in canonical event definition."
"IHD","I2360","ICD10","","IHD","Code/00_inputs/canonical_icd_codes.csv","Hospital diagnosis code included in canonical event definition."
"IHD","I238","ICD10","","IHD","Code/00_inputs/canonical_icd_codes.csv","Hospital diagnosis code included in canonical event definition."
"IHD","I2380","ICD10","","IHD","Code/00_inputs/canonical_icd_codes.csv","Hospital diagnosis code included in canonical event definition."
"IHD","I240","ICD10","","IHD","Code/00_inputs/canonical_icd_codes.csv","Hospital diagnosis code included in canonical event definition."
"IHD","I2400","ICD10","","IHD","Code/00_inputs/canonical_icd_codes.csv","Hospital diagnosis code included in canonical event definition."
"IHD","I241","ICD10","","IHD","Code/00_inputs/canonical_icd_codes.csv","Hospital diagnosis code included in canonical event definition."
"IHD","I2410","ICD10","","IHD","Code/00_inputs/canonical_icd_codes.csv","Hospital diagnosis code included in canonical event definition."
"IHD","I248","ICD10","","IHD","Code/00_inputs/canonical_icd_codes.csv","Hospital diagnosis code included in canonical event definition."
"IHD","I2480","ICD10","","IHD","Code/00_inputs/canonical_icd_codes.csv","Hospital diagnosis code included in canonical event definition."
"IHD","I249","ICD10","","IHD","Code/00_inputs/canonical_icd_codes.csv","Hospital diagnosis code included in canonical event definition."
"IHD","I2490","ICD10","","IHD","Code/00_inputs/canonical_icd_codes.csv","Hospital diagnosis code included in canonical event definition."
"IHD","I24X","ICD10","","IHD","Code/00_inputs/canonical_icd_codes.csv","Hospital diagnosis code included in canonical event definition."
"IHD","I24X0","ICD10","","IHD","Code/00_inputs/canonical_icd_codes.csv","Hospital diagnosis code included in canonical event definition."
"immuno_compromised","B20","ICD10","","immuno_compromised","Code/00_inputs/canonical_icd_codes.csv","Hospital diagnosis code included in canonical event definition."
"immuno_compromised","B21","ICD10","","immuno_compromised","Code/00_inputs/canonical_icd_codes.csv","Hospital diagnosis code included in canonical event definition."
"immuno_compromised","B22","ICD10","","immuno_compromised","Code/00_inputs/canonical_icd_codes.csv","Hospital diagnosis code included in canonical event definition."
"immuno_compromised","B230","ICD10","","immuno_compromised","Code/00_inputs/canonical_icd_codes.csv","Hospital diagnosis code included in canonical event definition."
"immuno_compromised","B238","ICD10","","immuno_compromised","Code/00_inputs/canonical_icd_codes.csv","Hospital diagnosis code included in canonical event definition."
"immuno_compromised","B24","ICD10","","immuno_compromised","Code/00_inputs/canonical_icd_codes.csv","Hospital diagnosis code included in canonical event definition."
"immuno_compromised","C810","ICD10","","immuno_compromised","Code/00_inputs/canonical_icd_codes.csv","Hospital diagnosis code included in canonical event definition."
"immuno_compromised","C811","ICD10","","immuno_compromised","Code/00_inputs/canonical_icd_codes.csv","Hospital diagnosis code included in canonical event definition."
"immuno_compromised","C812","ICD10","","immuno_compromised","Code/00_inputs/canonical_icd_codes.csv","Hospital diagnosis code included in canonical event definition."
"immuno_compromised","C813","ICD10","","immuno_compromised","Code/00_inputs/canonical_icd_codes.csv","Hospital diagnosis code included in canonical event definition."
"immuno_compromised","C817","ICD10","","immuno_compromised","Code/00_inputs/canonical_icd_codes.csv","Hospital diagnosis code included in canonical event definition."
"immuno_compromised","C819","ICD10","","immuno_compromised","Code/00_inputs/canonical_icd_codes.csv","Hospital diagnosis code included in canonical event definition."
"immuno_compromised","C820","ICD10","","immuno_compromised","Code/00_inputs/canonical_icd_codes.csv","Hospital diagnosis code included in canonical event definition."
"immuno_compromised","C821","ICD10","","immuno_compromised","Code/00_inputs/canonical_icd_codes.csv","Hospital diagnosis code included in canonical event definition."
"immuno_compromised","C822","ICD10","","immuno_compromised","Code/00_inputs/canonical_icd_codes.csv","Hospital diagnosis code included in canonical event definition."
"immuno_compromised","C827","ICD10","","immuno_compromised","Code/00_inputs/canonical_icd_codes.csv","Hospital diagnosis code included in canonical event definition."
"immuno_compromised","C829","ICD10","","immuno_compromised","Code/00_inputs/canonical_icd_codes.csv","Hospital diagnosis code included in canonical event definition."
"immuno_compromised","C830","ICD10","","immuno_compromised","Code/00_inputs/canonical_icd_codes.csv","Hospital diagnosis code included in canonical event definition."
"immuno_compromised","C831","ICD10","","immuno_compromised","Code/00_inputs/canonical_icd_codes.csv","Hospital diagnosis code included in canonical event definition."
"immuno_compromised","C832","ICD10","","immuno_compromised","Code/00_inputs/canonical_icd_codes.csv","Hospital diagnosis code included in canonical event definition."
"immuno_compromised","C833","ICD10","","immuno_compromised","Code/00_inputs/canonical_icd_codes.csv","Hospital diagnosis code included in canonical event definition."
"immuno_compromised","C834","ICD10","","immuno_compromised","Code/00_inputs/canonical_icd_codes.csv","Hospital diagnosis code included in canonical event definition."
"immuno_compromised","C835","ICD10","","immuno_compromised","Code/00_inputs/canonical_icd_codes.csv","Hospital diagnosis code included in canonical event definition."
"immuno_compromised","C836","ICD10","","immuno_compromised","Code/00_inputs/canonical_icd_codes.csv","Hospital diagnosis code included in canonical event definition."
"immuno_compromised","C837","ICD10","","immuno_compromised","Code/00_inputs/canonical_icd_codes.csv","Hospital diagnosis code included in canonical event definition."
"immuno_compromised","C838","ICD10","","immuno_compromised","Code/00_inputs/canonical_icd_codes.csv","Hospital diagnosis code included in canonical event definition."
"immuno_compromised","C839","ICD10","","immuno_compromised","Code/00_inputs/canonical_icd_codes.csv","Hospital diagnosis code included in canonical event definition."
"immuno_compromised","C840","ICD10","","immuno_compromised","Code/00_inputs/canonical_icd_codes.csv","Hospital diagnosis code included in canonical event definition."
"immuno_compromised","C841","ICD10","","immuno_compromised","Code/00_inputs/canonical_icd_codes.csv","Hospital diagnosis code included in canonical event definition."
"immuno_compromised","C843","ICD10","","immuno_compromised","Code/00_inputs/canonical_icd_codes.csv","Hospital diagnosis code included in canonical event definition."
"immuno_compromised","C844","ICD10","","immuno_compromised","Code/00_inputs/canonical_icd_codes.csv","Hospital diagnosis code included in canonical event definition."
"immuno_compromised","C845","ICD10","","immuno_compromised","Code/00_inputs/canonical_icd_codes.csv","Hospital diagnosis code included in canonical event definition."
"immuno_compromised","C850","ICD10","","immuno_compromised","Code/00_inputs/canonical_icd_codes.csv","Hospital diagnosis code included in canonical event definition."
"immuno_compromised","C851","ICD10","","immuno_compromised","Code/00_inputs/canonical_icd_codes.csv","Hospital diagnosis code included in canonical event definition."
"immuno_compromised","C857","ICD10","","immuno_compromised","Code/00_inputs/canonical_icd_codes.csv","Hospital diagnosis code included in canonical event definition."
"immuno_compromised","C859","ICD10","","immuno_compromised","Code/00_inputs/canonical_icd_codes.csv","Hospital diagnosis code included in canonical event definition."
"immuno_compromised","C9000","ICD10","","immuno_compromised","Code/00_inputs/canonical_icd_codes.csv","Hospital diagnosis code included in canonical event definition."
"immuno_compromised","C9001","ICD10","","immuno_compromised","Code/00_inputs/canonical_icd_codes.csv","Hospital diagnosis code included in canonical event definition."
"immuno_compromised","C9010","ICD10","","immuno_compromised","Code/00_inputs/canonical_icd_codes.csv","Hospital diagnosis code included in canonical event definition."
"immuno_compromised","C9011","ICD10","","immuno_compromised","Code/00_inputs/canonical_icd_codes.csv","Hospital diagnosis code included in canonical event definition."
"immuno_compromised","C9020","ICD10","","immuno_compromised","Code/00_inputs/canonical_icd_codes.csv","Hospital diagnosis code included in canonical event definition."
"immuno_compromised","C9021","ICD10","","immuno_compromised","Code/00_inputs/canonical_icd_codes.csv","Hospital diagnosis code included in canonical event definition."
"immuno_compromised","C9100","ICD10","","immuno_compromised","Code/00_inputs/canonical_icd_codes.csv","Hospital diagnosis code included in canonical event definition."
"immuno_compromised","C9101","ICD10","","immuno_compromised","Code/00_inputs/canonical_icd_codes.csv","Hospital diagnosis code included in canonical event definition."
"immuno_compromised","C9110","ICD10","","immuno_compromised","Code/00_inputs/canonical_icd_codes.csv","Hospital diagnosis code included in canonical event definition."
"immuno_compromised","C9111","ICD10","","immuno_compromised","Code/00_inputs/canonical_icd_codes.csv","Hospital diagnosis code included in canonical event definition."
"immuno_compromised","C9120","ICD10","","immuno_compromised","Code/00_inputs/canonical_icd_codes.csv","Hospital diagnosis code included in canonical event definition."
"immuno_compromised","C9130","ICD10","","immuno_compromised","Code/00_inputs/canonical_icd_codes.csv","Hospital diagnosis code included in canonical event definition."
"immuno_compromised","C9131","ICD10","","immuno_compromised","Code/00_inputs/canonical_icd_codes.csv","Hospital diagnosis code included in canonical event definition."
"immuno_compromised","C9140","ICD10","","immuno_compromised","Code/00_inputs/canonical_icd_codes.csv","Hospital diagnosis code included in canonical event definition."
"immuno_compromised","C9141","ICD10","","immuno_compromised","Code/00_inputs/canonical_icd_codes.csv","Hospital diagnosis code included in canonical event definition."
"immuno_compromised","C9150","ICD10","","immuno_compromised","Code/00_inputs/canonical_icd_codes.csv","Hospital diagnosis code included in canonical event definition."
"immuno_compromised","C9151","ICD10","","immuno_compromised","Code/00_inputs/canonical_icd_codes.csv","Hospital diagnosis code included in canonical event definition."
"immuno_compromised","C9170","ICD10","","immuno_compromised","Code/00_inputs/canonical_icd_codes.csv","Hospital diagnosis code included in canonical event definition."
"immuno_compromised","C9171","ICD10","","immuno_compromised","Code/00_inputs/canonical_icd_codes.csv","Hospital diagnosis code included in canonical event definition."
"immuno_compromised","C9190","ICD10","","immuno_compromised","Code/00_inputs/canonical_icd_codes.csv","Hospital diagnosis code included in canonical event definition."
"immuno_compromised","C9191","ICD10","","immuno_compromised","Code/00_inputs/canonical_icd_codes.csv","Hospital diagnosis code included in canonical event definition."
"immuno_compromised","C9200","ICD10","","immuno_compromised","Code/00_inputs/canonical_icd_codes.csv","Hospital diagnosis code included in canonical event definition."
"immuno_compromised","C9201","ICD10","","immuno_compromised","Code/00_inputs/canonical_icd_codes.csv","Hospital diagnosis code included in canonical event definition."
"immuno_compromised","C9210","ICD10","","immuno_compromised","Code/00_inputs/canonical_icd_codes.csv","Hospital diagnosis code included in canonical event definition."
"immuno_compromised","C9211","ICD10","","immuno_compromised","Code/00_inputs/canonical_icd_codes.csv","Hospital diagnosis code included in canonical event definition."
"immuno_compromised","C9220","ICD10","","immuno_compromised","Code/00_inputs/canonical_icd_codes.csv","Hospital diagnosis code included in canonical event definition."
"immuno_compromised","C9221","ICD10","","immuno_compromised","Code/00_inputs/canonical_icd_codes.csv","Hospital diagnosis code included in canonical event definition."
"immuno_compromised","C9230","ICD10","","immuno_compromised","Code/00_inputs/canonical_icd_codes.csv","Hospital diagnosis code included in canonical event definition."
"immuno_compromised","C9231","ICD10","","immuno_compromised","Code/00_inputs/canonical_icd_codes.csv","Hospital diagnosis code included in canonical event definition."
"immuno_compromised","C9240","ICD10","","immuno_compromised","Code/00_inputs/canonical_icd_codes.csv","Hospital diagnosis code included in canonical event definition."
"immuno_compromised","C9241","ICD10","","immuno_compromised","Code/00_inputs/canonical_icd_codes.csv","Hospital diagnosis code included in canonical event definition."
"immuno_compromised","C9250","ICD10","","immuno_compromised","Code/00_inputs/canonical_icd_codes.csv","Hospital diagnosis code included in canonical event definition."
"immuno_compromised","C9251","ICD10","","immuno_compromised","Code/00_inputs/canonical_icd_codes.csv","Hospital diagnosis code included in canonical event definition."
"immuno_compromised","C9270","ICD10","","immuno_compromised","Code/00_inputs/canonical_icd_codes.csv","Hospital diagnosis code included in canonical event definition."
"immuno_compromised","C9271","ICD10","","immuno_compromised","Code/00_inputs/canonical_icd_codes.csv","Hospital diagnosis code included in canonical event definition."
"immuno_compromised","C9290","ICD10","","immuno_compromised","Code/00_inputs/canonical_icd_codes.csv","Hospital diagnosis code included in canonical event definition."
"immuno_compromised","C9291","ICD10","","immuno_compromised","Code/00_inputs/canonical_icd_codes.csv","Hospital diagnosis code included in canonical event definition."
"immuno_compromised","C9300","ICD10","","immuno_compromised","Code/00_inputs/canonical_icd_codes.csv","Hospital diagnosis code included in canonical event definition."
"immuno_compromised","C9301","ICD10","","immuno_compromised","Code/00_inputs/canonical_icd_codes.csv","Hospital diagnosis code included in canonical event definition."
"immuno_compromised","C9310","ICD10","","immuno_compromised","Code/00_inputs/canonical_icd_codes.csv","Hospital diagnosis code included in canonical event definition."
"immuno_compromised","C9311","ICD10","","immuno_compromised","Code/00_inputs/canonical_icd_codes.csv","Hospital diagnosis code included in canonical event definition."
"immuno_compromised","C9370","ICD10","","immuno_compromised","Code/00_inputs/canonical_icd_codes.csv","Hospital diagnosis code included in canonical event definition."
"immuno_compromised","C9390","ICD10","","immuno_compromised","Code/00_inputs/canonical_icd_codes.csv","Hospital diagnosis code included in canonical event definition."
"immuno_compromised","C9400","ICD10","","immuno_compromised","Code/00_inputs/canonical_icd_codes.csv","Hospital diagnosis code included in canonical event definition."
"immuno_compromised","C9401","ICD10","","immuno_compromised","Code/00_inputs/canonical_icd_codes.csv","Hospital diagnosis code included in canonical event definition."
"immuno_compromised","C9420","ICD10","","immuno_compromised","Code/00_inputs/canonical_icd_codes.csv","Hospital diagnosis code included in canonical event definition."
"immuno_compromised","C9430","ICD10","","immuno_compromised","Code/00_inputs/canonical_icd_codes.csv","Hospital diagnosis code included in canonical event definition."
"immuno_compromised","C9431","ICD10","","immuno_compromised","Code/00_inputs/canonical_icd_codes.csv","Hospital diagnosis code included in canonical event definition."
"immuno_compromised","C9440","ICD10","","immuno_compromised","Code/00_inputs/canonical_icd_codes.csv","Hospital diagnosis code included in canonical event definition."
"immuno_compromised","C9441","ICD10","","immuno_compromised","Code/00_inputs/canonical_icd_codes.csv","Hospital diagnosis code included in canonical event definition."
"immuno_compromised","C9450","ICD10","","immuno_compromised","Code/00_inputs/canonical_icd_codes.csv","Hospital diagnosis code included in canonical event definition."
"immuno_compromised","C9470","ICD10","","immuno_compromised","Code/00_inputs/canonical_icd_codes.csv","Hospital diagnosis code included in canonical event definition."
"immuno_compromised","C9471","ICD10","","immuno_compromised","Code/00_inputs/canonical_icd_codes.csv","Hospital diagnosis code included in canonical event definition."
"immuno_compromised","C9500","ICD10","","immuno_compromised","Code/00_inputs/canonical_icd_codes.csv","Hospital diagnosis code included in canonical event definition."
"immuno_compromised","C9501","ICD10","","immuno_compromised","Code/00_inputs/canonical_icd_codes.csv","Hospital diagnosis code included in canonical event definition."
"immuno_compromised","C9510","ICD10","","immuno_compromised","Code/00_inputs/canonical_icd_codes.csv","Hospital diagnosis code included in canonical event definition."
"immuno_compromised","C9511","ICD10","","immuno_compromised","Code/00_inputs/canonical_icd_codes.csv","Hospital diagnosis code included in canonical event definition."
"immuno_compromised","C9590","ICD10","","immuno_compromised","Code/00_inputs/canonical_icd_codes.csv","Hospital diagnosis code included in canonical event definition."
"immuno_compromised","C960","ICD10","","immuno_compromised","Code/00_inputs/canonical_icd_codes.csv","Hospital diagnosis code included in canonical event definition."
"immuno_compromised","C961","ICD10","","immuno_compromised","Code/00_inputs/canonical_icd_codes.csv","Hospital diagnosis code included in canonical event definition."
"immuno_compromised","C962","ICD10","","immuno_compromised","Code/00_inputs/canonical_icd_codes.csv","Hospital diagnosis code included in canonical event definition."
"immuno_compromised","C963","ICD10","","immuno_compromised","Code/00_inputs/canonical_icd_codes.csv","Hospital diagnosis code included in canonical event definition."
"immuno_compromised","C967","ICD10","","immuno_compromised","Code/00_inputs/canonical_icd_codes.csv","Hospital diagnosis code included in canonical event definition."
"immuno_compromised","C969","ICD10","","immuno_compromised","Code/00_inputs/canonical_icd_codes.csv","Hospital diagnosis code included in canonical event definition."
"immuno_compromised","D750","ICD10","","immuno_compromised","Code/00_inputs/canonical_icd_codes.csv","Hospital diagnosis code included in canonical event definition."
"immuno_compromised","D751","ICD10","","immuno_compromised","Code/00_inputs/canonical_icd_codes.csv","Hospital diagnosis code included in canonical event definition."
"immuno_compromised","D752","ICD10","","immuno_compromised","Code/00_inputs/canonical_icd_codes.csv","Hospital diagnosis code included in canonical event definition."
"immuno_compromised","D758","ICD10","","immuno_compromised","Code/00_inputs/canonical_icd_codes.csv","Hospital diagnosis code included in canonical event definition."
"immuno_compromised","D759","ICD10","","immuno_compromised","Code/00_inputs/canonical_icd_codes.csv","Hospital diagnosis code included in canonical event definition."
"immuno_compromised","D800","ICD10","","immuno_compromised","Code/00_inputs/canonical_icd_codes.csv","Hospital diagnosis code included in canonical event definition."
"immuno_compromised","D801","ICD10","","immuno_compromised","Code/00_inputs/canonical_icd_codes.csv","Hospital diagnosis code included in canonical event definition."
"immuno_compromised","D802","ICD10","","immuno_compromised","Code/00_inputs/canonical_icd_codes.csv","Hospital diagnosis code included in canonical event definition."
"immuno_compromised","D803","ICD10","","immuno_compromised","Code/00_inputs/canonical_icd_codes.csv","Hospital diagnosis code included in canonical event definition."
"immuno_compromised","D804","ICD10","","immuno_compromised","Code/00_inputs/canonical_icd_codes.csv","Hospital diagnosis code included in canonical event definition."
"immuno_compromised","D805","ICD10","","immuno_compromised","Code/00_inputs/canonical_icd_codes.csv","Hospital diagnosis code included in canonical event definition."
"immuno_compromised","D806","ICD10","","immuno_compromised","Code/00_inputs/canonical_icd_codes.csv","Hospital diagnosis code included in canonical event definition."
"immuno_compromised","D808","ICD10","","immuno_compromised","Code/00_inputs/canonical_icd_codes.csv","Hospital diagnosis code included in canonical event definition."
"immuno_compromised","D809","ICD10","","immuno_compromised","Code/00_inputs/canonical_icd_codes.csv","Hospital diagnosis code included in canonical event definition."
"immuno_compromised","D810","ICD10","","immuno_compromised","Code/00_inputs/canonical_icd_codes.csv","Hospital diagnosis code included in canonical event definition."
"immuno_compromised","D811","ICD10","","immuno_compromised","Code/00_inputs/canonical_icd_codes.csv","Hospital diagnosis code included in canonical event definition."
"immuno_compromised","D818","ICD10","","immuno_compromised","Code/00_inputs/canonical_icd_codes.csv","Hospital diagnosis code included in canonical event definition."
"immuno_compromised","D819","ICD10","","immuno_compromised","Code/00_inputs/canonical_icd_codes.csv","Hospital diagnosis code included in canonical event definition."
"immuno_compromised","D821","ICD10","","immuno_compromised","Code/00_inputs/canonical_icd_codes.csv","Hospital diagnosis code included in canonical event definition."
"immuno_compromised","D823","ICD10","","immuno_compromised","Code/00_inputs/canonical_icd_codes.csv","Hospital diagnosis code included in canonical event definition."
"immuno_compromised","D824","ICD10","","immuno_compromised","Code/00_inputs/canonical_icd_codes.csv","Hospital diagnosis code included in canonical event definition."
"immuno_compromised","D828","ICD10","","immuno_compromised","Code/00_inputs/canonical_icd_codes.csv","Hospital diagnosis code included in canonical event definition."
"immuno_compromised","D829","ICD10","","immuno_compromised","Code/00_inputs/canonical_icd_codes.csv","Hospital diagnosis code included in canonical event definition."
"immuno_compromised","D830","ICD10","","immuno_compromised","Code/00_inputs/canonical_icd_codes.csv","Hospital diagnosis code included in canonical event definition."
"immuno_compromised","D831","ICD10","","immuno_compromised","Code/00_inputs/canonical_icd_codes.csv","Hospital diagnosis code included in canonical event definition."
"immuno_compromised","D832","ICD10","","immuno_compromised","Code/00_inputs/canonical_icd_codes.csv","Hospital diagnosis code included in canonical event definition."
"immuno_compromised","D838","ICD10","","immuno_compromised","Code/00_inputs/canonical_icd_codes.csv","Hospital diagnosis code included in canonical event definition."
"immuno_compromised","D839","ICD10","","immuno_compromised","Code/00_inputs/canonical_icd_codes.csv","Hospital diagnosis code included in canonical event definition."
"immuno_compromised","D841","ICD10","","immuno_compromised","Code/00_inputs/canonical_icd_codes.csv","Hospital diagnosis code included in canonical event definition."
"immuno_compromised","D848","ICD10","","immuno_compromised","Code/00_inputs/canonical_icd_codes.csv","Hospital diagnosis code included in canonical event definition."
"immuno_compromised","D849","ICD10","","immuno_compromised","Code/00_inputs/canonical_icd_codes.csv","Hospital diagnosis code included in canonical event definition."
"immuno_compromised","Z940","ICD10","","immuno_compromised","Code/00_inputs/canonical_icd_codes.csv","Hospital diagnosis code included in canonical event definition."
"immuno_compromised","Z941","ICD10","","immuno_compromised","Code/00_inputs/canonical_icd_codes.csv","Hospital diagnosis code included in canonical event definition."
"immuno_compromised","Z942","ICD10","","immuno_compromised","Code/00_inputs/canonical_icd_codes.csv","Hospital diagnosis code included in canonical event definition."
"immuno_compromised","Z943","ICD10","","immuno_compromised","Code/00_inputs/canonical_icd_codes.csv","Hospital diagnosis code included in canonical event definition."
"immuno_compromised","Z944","ICD10","","immuno_compromised","Code/00_inputs/canonical_icd_codes.csv","Hospital diagnosis code included in canonical event definition."
"immuno_compromised","Z945","ICD10","","immuno_compromised","Code/00_inputs/canonical_icd_codes.csv","Hospital diagnosis code included in canonical event definition."
"immuno_compromised","Z946","ICD10","","immuno_compromised","Code/00_inputs/canonical_icd_codes.csv","Hospital diagnosis code included in canonical event definition."
"immuno_compromised","Z947","ICD10","","immuno_compromised","Code/00_inputs/canonical_icd_codes.csv","Hospital diagnosis code included in canonical event definition."
"immuno_compromised","Z948","ICD10","","immuno_compromised","Code/00_inputs/canonical_icd_codes.csv","Hospital diagnosis code included in canonical event definition."
"immuno_compromised","Z949","ICD10","","immuno_compromised","Code/00_inputs/canonical_icd_codes.csv","Hospital diagnosis code included in canonical event definition."
"LBP","G544","ICD10","","LBP","Code/00_inputs/canonical_icd_codes.csv","Hospital diagnosis code included in canonical event definition."
"LBP","G5440","ICD10","","LBP","Code/00_inputs/canonical_icd_codes.csv","Hospital diagnosis code included in canonical event definition."
"LBP","M470","ICD10","","LBP","Code/00_inputs/canonical_icd_codes.csv","Hospital diagnosis code included in canonical event definition."
"LBP","M4700","ICD10","","LBP","Code/00_inputs/canonical_icd_codes.csv","Hospital diagnosis code included in canonical event definition."
"LBP","M471","ICD10","","LBP","Code/00_inputs/canonical_icd_codes.csv","Hospital diagnosis code included in canonical event definition."
"LBP","M4710","ICD10","","LBP","Code/00_inputs/canonical_icd_codes.csv","Hospital diagnosis code included in canonical event definition."
"LBP","M472","ICD10","","LBP","Code/00_inputs/canonical_icd_codes.csv","Hospital diagnosis code included in canonical event definition."
"LBP","M4720","ICD10","","LBP","Code/00_inputs/canonical_icd_codes.csv","Hospital diagnosis code included in canonical event definition."
"LBP","M478","ICD10","","LBP","Code/00_inputs/canonical_icd_codes.csv","Hospital diagnosis code included in canonical event definition."
"LBP","M4780","ICD10","","LBP","Code/00_inputs/canonical_icd_codes.csv","Hospital diagnosis code included in canonical event definition."
"LBP","M480","ICD10","","LBP","Code/00_inputs/canonical_icd_codes.csv","Hospital diagnosis code included in canonical event definition."
"LBP","M4800","ICD10","","LBP","Code/00_inputs/canonical_icd_codes.csv","Hospital diagnosis code included in canonical event definition."
"LBP","M481","ICD10","","LBP","Code/00_inputs/canonical_icd_codes.csv","Hospital diagnosis code included in canonical event definition."
"LBP","M4810","ICD10","","LBP","Code/00_inputs/canonical_icd_codes.csv","Hospital diagnosis code included in canonical event definition."
"LBP","M482","ICD10","","LBP","Code/00_inputs/canonical_icd_codes.csv","Hospital diagnosis code included in canonical event definition."
"LBP","M4820","ICD10","","LBP","Code/00_inputs/canonical_icd_codes.csv","Hospital diagnosis code included in canonical event definition."
"LBP","M483","ICD10","","LBP","Code/00_inputs/canonical_icd_codes.csv","Hospital diagnosis code included in canonical event definition."
"LBP","M4830","ICD10","","LBP","Code/00_inputs/canonical_icd_codes.csv","Hospital diagnosis code included in canonical event definition."
"LBP","M4848","ICD10","","LBP","Code/00_inputs/canonical_icd_codes.csv","Hospital diagnosis code included in canonical event definition."
"LBP","M485","ICD10","","LBP","Code/00_inputs/canonical_icd_codes.csv","Hospital diagnosis code included in canonical event definition."
"LBP","M4850","ICD10","","LBP","Code/00_inputs/canonical_icd_codes.csv","Hospital diagnosis code included in canonical event definition."
"LBP","M498","ICD10","","LBP","Code/00_inputs/canonical_icd_codes.csv","Hospital diagnosis code included in canonical event definition."
"LBP","M4980","ICD10","","LBP","Code/00_inputs/canonical_icd_codes.csv","Hospital diagnosis code included in canonical event definition."
"LBP","M510","ICD10","","LBP","Code/00_inputs/canonical_icd_codes.csv","Hospital diagnosis code included in canonical event definition."
"LBP","M5100","ICD10","","LBP","Code/00_inputs/canonical_icd_codes.csv","Hospital diagnosis code included in canonical event definition."
"LBP","M511","ICD10","","LBP","Code/00_inputs/canonical_icd_codes.csv","Hospital diagnosis code included in canonical event definition."
"LBP","M5110","ICD10","","LBP","Code/00_inputs/canonical_icd_codes.csv","Hospital diagnosis code included in canonical event definition."
"LBP","M512","ICD10","","LBP","Code/00_inputs/canonical_icd_codes.csv","Hospital diagnosis code included in canonical event definition."
"LBP","M5120","ICD10","","LBP","Code/00_inputs/canonical_icd_codes.csv","Hospital diagnosis code included in canonical event definition."
"LBP","M513","ICD10","","LBP","Code/00_inputs/canonical_icd_codes.csv","Hospital diagnosis code included in canonical event definition."
"LBP","M5130","ICD10","","LBP","Code/00_inputs/canonical_icd_codes.csv","Hospital diagnosis code included in canonical event definition."
"LBP","M514","ICD10","","LBP","Code/00_inputs/canonical_icd_codes.csv","Hospital diagnosis code included in canonical event definition."
"LBP","M5140","ICD10","","LBP","Code/00_inputs/canonical_icd_codes.csv","Hospital diagnosis code included in canonical event definition."
"LBP","M518","ICD10","","LBP","Code/00_inputs/canonical_icd_codes.csv","Hospital diagnosis code included in canonical event definition."
"LBP","M5180","ICD10","","LBP","Code/00_inputs/canonical_icd_codes.csv","Hospital diagnosis code included in canonical event definition."
"LBP","M533","ICD10","","LBP","Code/00_inputs/canonical_icd_codes.csv","Hospital diagnosis code included in canonical event definition."
"LBP","M5330","ICD10","","LBP","Code/00_inputs/canonical_icd_codes.csv","Hospital diagnosis code included in canonical event definition."
"LBP","M538","ICD10","","LBP","Code/00_inputs/canonical_icd_codes.csv","Hospital diagnosis code included in canonical event definition."
"LBP","M5380","ICD10","","LBP","Code/00_inputs/canonical_icd_codes.csv","Hospital diagnosis code included in canonical event definition."
"LBP","M540","ICD10","","LBP","Code/00_inputs/canonical_icd_codes.csv","Hospital diagnosis code included in canonical event definition."
"LBP","M5400","ICD10","","LBP","Code/00_inputs/canonical_icd_codes.csv","Hospital diagnosis code included in canonical event definition."
"LBP","M541","ICD10","","LBP","Code/00_inputs/canonical_icd_codes.csv","Hospital diagnosis code included in canonical event definition."
"LBP","M5410","ICD10","","LBP","Code/00_inputs/canonical_icd_codes.csv","Hospital diagnosis code included in canonical event definition."
"LBP","M543","ICD10","","LBP","Code/00_inputs/canonical_icd_codes.csv","Hospital diagnosis code included in canonical event definition."
"LBP","M5430","ICD10","","LBP","Code/00_inputs/canonical_icd_codes.csv","Hospital diagnosis code included in canonical event definition."
"LBP","M544","ICD10","","LBP","Code/00_inputs/canonical_icd_codes.csv","Hospital diagnosis code included in canonical event definition."
"LBP","M5440","ICD10","","LBP","Code/00_inputs/canonical_icd_codes.csv","Hospital diagnosis code included in canonical event definition."
"LBP","M990","ICD10","","LBP","Code/00_inputs/canonical_icd_codes.csv","Hospital diagnosis code included in canonical event definition."
"LBP","M9900","ICD10","","LBP","Code/00_inputs/canonical_icd_codes.csv","Hospital diagnosis code included in canonical event definition."
"LBP","M991","ICD10","","LBP","Code/00_inputs/canonical_icd_codes.csv","Hospital diagnosis code included in canonical event definition."
"LBP","M9910","ICD10","","LBP","Code/00_inputs/canonical_icd_codes.csv","Hospital diagnosis code included in canonical event definition."
"LBP","M992","ICD10","","LBP","Code/00_inputs/canonical_icd_codes.csv","Hospital diagnosis code included in canonical event definition."
"LBP","M9920","ICD10","","LBP","Code/00_inputs/canonical_icd_codes.csv","Hospital diagnosis code included in canonical event definition."
"LBP","M993","ICD10","","LBP","Code/00_inputs/canonical_icd_codes.csv","Hospital diagnosis code included in canonical event definition."
"LBP","M9930","ICD10","","LBP","Code/00_inputs/canonical_icd_codes.csv","Hospital diagnosis code included in canonical event definition."
"LBP","M994","ICD10","","LBP","Code/00_inputs/canonical_icd_codes.csv","Hospital diagnosis code included in canonical event definition."
"LBP","M9940","ICD10","","LBP","Code/00_inputs/canonical_icd_codes.csv","Hospital diagnosis code included in canonical event definition."
"LBP","M995","ICD10","","LBP","Code/00_inputs/canonical_icd_codes.csv","Hospital diagnosis code included in canonical event definition."
"LBP","M9950","ICD10","","LBP","Code/00_inputs/canonical_icd_codes.csv","Hospital diagnosis code included in canonical event definition."
"LBP","M996","ICD10","","LBP","Code/00_inputs/canonical_icd_codes.csv","Hospital diagnosis code included in canonical event definition."
"LBP","M9960","ICD10","","LBP","Code/00_inputs/canonical_icd_codes.csv","Hospital diagnosis code included in canonical event definition."
"LBP","M997","ICD10","","LBP","Code/00_inputs/canonical_icd_codes.csv","Hospital diagnosis code included in canonical event definition."
"LBP","M9970","ICD10","","LBP","Code/00_inputs/canonical_icd_codes.csv","Hospital diagnosis code included in canonical event definition."
"LBP","M998","ICD10","","LBP","Code/00_inputs/canonical_icd_codes.csv","Hospital diagnosis code included in canonical event definition."
"LBP","M9980","ICD10","","LBP","Code/00_inputs/canonical_icd_codes.csv","Hospital diagnosis code included in canonical event definition."
"Leukaemia","C9010","ICD 10 v3","","Leukaemia","Code/00_inputs/canonical_icd_codes.csv","Hospital diagnosis code included in canonical event definition."
"Leukaemia","C9011","","","Leukaemia","Code/00_inputs/canonical_icd_codes.csv","Hospital diagnosis code included in canonical event definition."
"Leukaemia","C9100","","","Leukaemia","Code/00_inputs/canonical_icd_codes.csv","Hospital diagnosis code included in canonical event definition."
"Leukaemia","C9101","","","Leukaemia","Code/00_inputs/canonical_icd_codes.csv","Hospital diagnosis code included in canonical event definition."
"Leukaemia","C9110","","","Leukaemia","Code/00_inputs/canonical_icd_codes.csv","Hospital diagnosis code included in canonical event definition."
"Leukaemia","C9111","","","Leukaemia","Code/00_inputs/canonical_icd_codes.csv","Hospital diagnosis code included in canonical event definition."
"Leukaemia","C9120","","","Leukaemia","Code/00_inputs/canonical_icd_codes.csv","Hospital diagnosis code included in canonical event definition."
"Leukaemia","C9121","","","Leukaemia","Code/00_inputs/canonical_icd_codes.csv","Hospital diagnosis code included in canonical event definition."
"Leukaemia","C9130","","","Leukaemia","Code/00_inputs/canonical_icd_codes.csv","Hospital diagnosis code included in canonical event definition."
"Leukaemia","C9131","","","Leukaemia","Code/00_inputs/canonical_icd_codes.csv","Hospital diagnosis code included in canonical event definition."
"Leukaemia","C9140","","","Leukaemia","Code/00_inputs/canonical_icd_codes.csv","Hospital diagnosis code included in canonical event definition."
"Leukaemia","C9141","","","Leukaemia","Code/00_inputs/canonical_icd_codes.csv","Hospital diagnosis code included in canonical event definition."
"Leukaemia","C9150","","","Leukaemia","Code/00_inputs/canonical_icd_codes.csv","Hospital diagnosis code included in canonical event definition."
"Leukaemia","C9151","","","Leukaemia","Code/00_inputs/canonical_icd_codes.csv","Hospital diagnosis code included in canonical event definition."
"Leukaemia","C9170","","","Leukaemia","Code/00_inputs/canonical_icd_codes.csv","Hospital diagnosis code included in canonical event definition."
"Leukaemia","C9171","","","Leukaemia","Code/00_inputs/canonical_icd_codes.csv","Hospital diagnosis code included in canonical event definition."
"Leukaemia","C9190","","","Leukaemia","Code/00_inputs/canonical_icd_codes.csv","Hospital diagnosis code included in canonical event definition."
"Leukaemia","C9191","","","Leukaemia","Code/00_inputs/canonical_icd_codes.csv","Hospital diagnosis code included in canonical event definition."
"Leukaemia","C9200","","","Leukaemia","Code/00_inputs/canonical_icd_codes.csv","Hospital diagnosis code included in canonical event definition."
"Leukaemia","C9201","","","Leukaemia","Code/00_inputs/canonical_icd_codes.csv","Hospital diagnosis code included in canonical event definition."
"Leukaemia","C9210","","","Leukaemia","Code/00_inputs/canonical_icd_codes.csv","Hospital diagnosis code included in canonical event definition."
"Leukaemia","C9211","","","Leukaemia","Code/00_inputs/canonical_icd_codes.csv","Hospital diagnosis code included in canonical event definition."
"Leukaemia","C9220","","","Leukaemia","Code/00_inputs/canonical_icd_codes.csv","Hospital diagnosis code included in canonical event definition."
"Leukaemia","C9221","","","Leukaemia","Code/00_inputs/canonical_icd_codes.csv","Hospital diagnosis code included in canonical event definition."
"Leukaemia","C9240","","","Leukaemia","Code/00_inputs/canonical_icd_codes.csv","Hospital diagnosis code included in canonical event definition."
"Leukaemia","C9241","","","Leukaemia","Code/00_inputs/canonical_icd_codes.csv","Hospital diagnosis code included in canonical event definition."
"Leukaemia","C9250","","","Leukaemia","Code/00_inputs/canonical_icd_codes.csv","Hospital diagnosis code included in canonical event definition."
"Leukaemia","C9251","","","Leukaemia","Code/00_inputs/canonical_icd_codes.csv","Hospital diagnosis code included in canonical event definition."
"Leukaemia","C9270","","","Leukaemia","Code/00_inputs/canonical_icd_codes.csv","Hospital diagnosis code included in canonical event definition."
"Leukaemia","C9271","","","Leukaemia","Code/00_inputs/canonical_icd_codes.csv","Hospital diagnosis code included in canonical event definition."
"Leukaemia","C9290","","","Leukaemia","Code/00_inputs/canonical_icd_codes.csv","Hospital diagnosis code included in canonical event definition."
"Leukaemia","C9291","","","Leukaemia","Code/00_inputs/canonical_icd_codes.csv","Hospital diagnosis code included in canonical event definition."
"Leukaemia","C9300","","","Leukaemia","Code/00_inputs/canonical_icd_codes.csv","Hospital diagnosis code included in canonical event definition."
"Leukaemia","C9301","","","Leukaemia","Code/00_inputs/canonical_icd_codes.csv","Hospital diagnosis code included in canonical event definition."
"Leukaemia","C9310","","","Leukaemia","Code/00_inputs/canonical_icd_codes.csv","Hospital diagnosis code included in canonical event definition."
"Leukaemia","C9311","","","Leukaemia","Code/00_inputs/canonical_icd_codes.csv","Hospital diagnosis code included in canonical event definition."
"Leukaemia","C9320","","","Leukaemia","Code/00_inputs/canonical_icd_codes.csv","Hospital diagnosis code included in canonical event definition."
"Leukaemia","C9321","","","Leukaemia","Code/00_inputs/canonical_icd_codes.csv","Hospital diagnosis code included in canonical event definition."
"Leukaemia","C9370","","","Leukaemia","Code/00_inputs/canonical_icd_codes.csv","Hospital diagnosis code included in canonical event definition."
"Leukaemia","C9371","","","Leukaemia","Code/00_inputs/canonical_icd_codes.csv","Hospital diagnosis code included in canonical event definition."
"Leukaemia","C9390","","","Leukaemia","Code/00_inputs/canonical_icd_codes.csv","Hospital diagnosis code included in canonical event definition."
"Leukaemia","C9391","","","Leukaemia","Code/00_inputs/canonical_icd_codes.csv","Hospital diagnosis code included in canonical event definition."
"Leukaemia","C9400","","","Leukaemia","Code/00_inputs/canonical_icd_codes.csv","Hospital diagnosis code included in canonical event definition."
"Leukaemia","C9401","","","Leukaemia","Code/00_inputs/canonical_icd_codes.csv","Hospital diagnosis code included in canonical event definition."
"Leukaemia","C9420","","","Leukaemia","Code/00_inputs/canonical_icd_codes.csv","Hospital diagnosis code included in canonical event definition."
"Leukaemia","C9421","","","Leukaemia","Code/00_inputs/canonical_icd_codes.csv","Hospital diagnosis code included in canonical event definition."
"Leukaemia","C9430","","","Leukaemia","Code/00_inputs/canonical_icd_codes.csv","Hospital diagnosis code included in canonical event definition."
"Leukaemia","C9431","","","Leukaemia","Code/00_inputs/canonical_icd_codes.csv","Hospital diagnosis code included in canonical event definition."
"Leukaemia","C9470","","","Leukaemia","Code/00_inputs/canonical_icd_codes.csv","Hospital diagnosis code included in canonical event definition."
"Leukaemia","C9471","","","Leukaemia","Code/00_inputs/canonical_icd_codes.csv","Hospital diagnosis code included in canonical event definition."
"Leukaemia","C9500","","","Leukaemia","Code/00_inputs/canonical_icd_codes.csv","Hospital diagnosis code included in canonical event definition."
"Leukaemia","C9501","","","Leukaemia","Code/00_inputs/canonical_icd_codes.csv","Hospital diagnosis code included in canonical event definition."
"Leukaemia","C9510","","","Leukaemia","Code/00_inputs/canonical_icd_codes.csv","Hospital diagnosis code included in canonical event definition."
"Leukaemia","C9511","","","Leukaemia","Code/00_inputs/canonical_icd_codes.csv","Hospital diagnosis code included in canonical event definition."
"Leukaemia","C9520","","","Leukaemia","Code/00_inputs/canonical_icd_codes.csv","Hospital diagnosis code included in canonical event definition."
"Leukaemia","C9521","","","Leukaemia","Code/00_inputs/canonical_icd_codes.csv","Hospital diagnosis code included in canonical event definition."
"Leukaemia","C9570","","","Leukaemia","Code/00_inputs/canonical_icd_codes.csv","Hospital diagnosis code included in canonical event definition."
"Leukaemia","C9571","","","Leukaemia","Code/00_inputs/canonical_icd_codes.csv","Hospital diagnosis code included in canonical event definition."
"Leukaemia","C9590","","","Leukaemia","Code/00_inputs/canonical_icd_codes.csv","Hospital diagnosis code included in canonical event definition."
"Leukaemia","C9591","","","Leukaemia","Code/00_inputs/canonical_icd_codes.csv","Hospital diagnosis code included in canonical event definition."
"LRI","A370","ICD10","","LRI","Code/00_inputs/canonical_icd_codes.csv","Hospital diagnosis code included in canonical event definition."
"LRI","A3700","ICD10","","LRI","Code/00_inputs/canonical_icd_codes.csv","Hospital diagnosis code included in canonical event definition."
"LRI","A371","ICD10","","LRI","Code/00_inputs/canonical_icd_codes.csv","Hospital diagnosis code included in canonical event definition."
"LRI","A3710","ICD10","","LRI","Code/00_inputs/canonical_icd_codes.csv","Hospital diagnosis code included in canonical event definition."
"LRI","A378","ICD10","","LRI","Code/00_inputs/canonical_icd_codes.csv","Hospital diagnosis code included in canonical event definition."
"LRI","A3780","ICD10","","LRI","Code/00_inputs/canonical_icd_codes.csv","Hospital diagnosis code included in canonical event definition."
"LRI","A379","ICD10","","LRI","Code/00_inputs/canonical_icd_codes.csv","Hospital diagnosis code included in canonical event definition."
"LRI","A3790","ICD10","","LRI","Code/00_inputs/canonical_icd_codes.csv","Hospital diagnosis code included in canonical event definition."
"LRI","A37X","ICD10","","LRI","Code/00_inputs/canonical_icd_codes.csv","Hospital diagnosis code included in canonical event definition."
"LRI","A37X0","ICD10","","LRI","Code/00_inputs/canonical_icd_codes.csv","Hospital diagnosis code included in canonical event definition."
"LRI","B012","ICD10","","LRI","Code/00_inputs/canonical_icd_codes.csv","Hospital diagnosis code included in canonical event definition."
"LRI","B0120","ICD10","","LRI","Code/00_inputs/canonical_icd_codes.csv","Hospital diagnosis code included in canonical event definition."
"LRI","B052","ICD10","","LRI","Code/00_inputs/canonical_icd_codes.csv","Hospital diagnosis code included in canonical event definition."
"LRI","B0520","ICD10","","LRI","Code/00_inputs/canonical_icd_codes.csv","Hospital diagnosis code included in canonical event definition."
"LRI","B250","ICD10","","LRI","Code/00_inputs/canonical_icd_codes.csv","Hospital diagnosis code included in canonical event definition."
"LRI","B2500","ICD10","","LRI","Code/00_inputs/canonical_icd_codes.csv","Hospital diagnosis code included in canonical event definition."
"LRI","J041","ICD10","","LRI","Code/00_inputs/canonical_icd_codes.csv","Hospital diagnosis code included in canonical event definition."
"LRI","J0410","ICD10","","LRI","Code/00_inputs/canonical_icd_codes.csv","Hospital diagnosis code included in canonical event definition."
"LRI","J042","ICD10","","LRI","Code/00_inputs/canonical_icd_codes.csv","Hospital diagnosis code included in canonical event definition."
"LRI","J0420","ICD10","","LRI","Code/00_inputs/canonical_icd_codes.csv","Hospital diagnosis code included in canonical event definition."
"LRI","J100","ICD10","","LRI","Code/00_inputs/canonical_icd_codes.csv","Hospital diagnosis code included in canonical event definition."
"LRI","J1000","ICD10","","LRI","Code/00_inputs/canonical_icd_codes.csv","Hospital diagnosis code included in canonical event definition."
"LRI","J101","ICD10","","LRI","Code/00_inputs/canonical_icd_codes.csv","Hospital diagnosis code included in canonical event definition."
"LRI","J1010","ICD10","","LRI","Code/00_inputs/canonical_icd_codes.csv","Hospital diagnosis code included in canonical event definition."
"LRI","J108","ICD10","","LRI","Code/00_inputs/canonical_icd_codes.csv","Hospital diagnosis code included in canonical event definition."
"LRI","J1080","ICD10","","LRI","Code/00_inputs/canonical_icd_codes.csv","Hospital diagnosis code included in canonical event definition."
"LRI","J10X","ICD10","","LRI","Code/00_inputs/canonical_icd_codes.csv","Hospital diagnosis code included in canonical event definition."
"LRI","J10X0","ICD10","","LRI","Code/00_inputs/canonical_icd_codes.csv","Hospital diagnosis code included in canonical event definition."
"LRI","J11","ICD10","","LRI","Code/00_inputs/canonical_icd_codes.csv","Hospital diagnosis code included in canonical event definition."
"LRI","J110","ICD10","","LRI","Code/00_inputs/canonical_icd_codes.csv","Hospital diagnosis code included in canonical event definition."
"LRI","J1100","ICD10","","LRI","Code/00_inputs/canonical_icd_codes.csv","Hospital diagnosis code included in canonical event definition."
"LRI","J111","ICD10","","LRI","Code/00_inputs/canonical_icd_codes.csv","Hospital diagnosis code included in canonical event definition."
"LRI","J1110","ICD10","","LRI","Code/00_inputs/canonical_icd_codes.csv","Hospital diagnosis code included in canonical event definition."
"LRI","J118","ICD10","","LRI","Code/00_inputs/canonical_icd_codes.csv","Hospital diagnosis code included in canonical event definition."
"LRI","J1180","ICD10","","LRI","Code/00_inputs/canonical_icd_codes.csv","Hospital diagnosis code included in canonical event definition."
"LRI","J11X","ICD10","","LRI","Code/00_inputs/canonical_icd_codes.csv","Hospital diagnosis code included in canonical event definition."
"LRI","J11X0","ICD10","","LRI","Code/00_inputs/canonical_icd_codes.csv","Hospital diagnosis code included in canonical event definition."
"LRI","J120","ICD10","","LRI","Code/00_inputs/canonical_icd_codes.csv","Hospital diagnosis code included in canonical event definition."
"LRI","J1200","ICD10","","LRI","Code/00_inputs/canonical_icd_codes.csv","Hospital diagnosis code included in canonical event definition."
"LRI","J121","ICD10","","LRI","Code/00_inputs/canonical_icd_codes.csv","Hospital diagnosis code included in canonical event definition."
"LRI","J1210","ICD10","","LRI","Code/00_inputs/canonical_icd_codes.csv","Hospital diagnosis code included in canonical event definition."
"LRI","J122","ICD10","","LRI","Code/00_inputs/canonical_icd_codes.csv","Hospital diagnosis code included in canonical event definition."
"LRI","J1220","ICD10","","LRI","Code/00_inputs/canonical_icd_codes.csv","Hospital diagnosis code included in canonical event definition."
"LRI","J123","ICD10","","LRI","Code/00_inputs/canonical_icd_codes.csv","Hospital diagnosis code included in canonical event definition."
"LRI","J1230","ICD10","","LRI","Code/00_inputs/canonical_icd_codes.csv","Hospital diagnosis code included in canonical event definition."
"LRI","J128","ICD10","","LRI","Code/00_inputs/canonical_icd_codes.csv","Hospital diagnosis code included in canonical event definition."
"LRI","J1280","ICD10","","LRI","Code/00_inputs/canonical_icd_codes.csv","Hospital diagnosis code included in canonical event definition."
"LRI","J129","ICD10","","LRI","Code/00_inputs/canonical_icd_codes.csv","Hospital diagnosis code included in canonical event definition."
"LRI","J1290","ICD10","","LRI","Code/00_inputs/canonical_icd_codes.csv","Hospital diagnosis code included in canonical event definition."
"LRI","J13","ICD10","","LRI","Code/00_inputs/canonical_icd_codes.csv","Hospital diagnosis code included in canonical event definition."
"LRI","J130","ICD10","","LRI","Code/00_inputs/canonical_icd_codes.csv","Hospital diagnosis code included in canonical event definition."
"LRI","J1300","ICD10","","LRI","Code/00_inputs/canonical_icd_codes.csv","Hospital diagnosis code included in canonical event definition."
"LRI","J13X","ICD10","","LRI","Code/00_inputs/canonical_icd_codes.csv","Hospital diagnosis code included in canonical event definition."
"LRI","J13X0","ICD10","","LRI","Code/00_inputs/canonical_icd_codes.csv","Hospital diagnosis code included in canonical event definition."
"LRI","J14","ICD10","","LRI","Code/00_inputs/canonical_icd_codes.csv","Hospital diagnosis code included in canonical event definition."
"LRI","J140","ICD10","","LRI","Code/00_inputs/canonical_icd_codes.csv","Hospital diagnosis code included in canonical event definition."
"LRI","J1400","ICD10","","LRI","Code/00_inputs/canonical_icd_codes.csv","Hospital diagnosis code included in canonical event definition."
"LRI","J14X","ICD10","","LRI","Code/00_inputs/canonical_icd_codes.csv","Hospital diagnosis code included in canonical event definition."
"LRI","J14X0","ICD10","","LRI","Code/00_inputs/canonical_icd_codes.csv","Hospital diagnosis code included in canonical event definition."
"LRI","J150","ICD10","","LRI","Code/00_inputs/canonical_icd_codes.csv","Hospital diagnosis code included in canonical event definition."
"LRI","J1500","ICD10","","LRI","Code/00_inputs/canonical_icd_codes.csv","Hospital diagnosis code included in canonical event definition."
"LRI","J151","ICD10","","LRI","Code/00_inputs/canonical_icd_codes.csv","Hospital diagnosis code included in canonical event definition."
"LRI","J1510","ICD10","","LRI","Code/00_inputs/canonical_icd_codes.csv","Hospital diagnosis code included in canonical event definition."
"LRI","J152","ICD10","","LRI","Code/00_inputs/canonical_icd_codes.csv","Hospital diagnosis code included in canonical event definition."
"LRI","J1520","ICD10","","LRI","Code/00_inputs/canonical_icd_codes.csv","Hospital diagnosis code included in canonical event definition."
"LRI","J153","ICD10","","LRI","Code/00_inputs/canonical_icd_codes.csv","Hospital diagnosis code included in canonical event definition."
"LRI","J1530","ICD10","","LRI","Code/00_inputs/canonical_icd_codes.csv","Hospital diagnosis code included in canonical event definition."
"LRI","J154","ICD10","","LRI","Code/00_inputs/canonical_icd_codes.csv","Hospital diagnosis code included in canonical event definition."
"LRI","J1540","ICD10","","LRI","Code/00_inputs/canonical_icd_codes.csv","Hospital diagnosis code included in canonical event definition."
"LRI","J155","ICD10","","LRI","Code/00_inputs/canonical_icd_codes.csv","Hospital diagnosis code included in canonical event definition."
"LRI","J1550","ICD10","","LRI","Code/00_inputs/canonical_icd_codes.csv","Hospital diagnosis code included in canonical event definition."
"LRI","J156","ICD10","","LRI","Code/00_inputs/canonical_icd_codes.csv","Hospital diagnosis code included in canonical event definition."
"LRI","J1560","ICD10","","LRI","Code/00_inputs/canonical_icd_codes.csv","Hospital diagnosis code included in canonical event definition."
"LRI","J157","ICD10","","LRI","Code/00_inputs/canonical_icd_codes.csv","Hospital diagnosis code included in canonical event definition."
"LRI","J1570","ICD10","","LRI","Code/00_inputs/canonical_icd_codes.csv","Hospital diagnosis code included in canonical event definition."
"LRI","J158","ICD10","","LRI","Code/00_inputs/canonical_icd_codes.csv","Hospital diagnosis code included in canonical event definition."
"LRI","J1580","ICD10","","LRI","Code/00_inputs/canonical_icd_codes.csv","Hospital diagnosis code included in canonical event definition."
"LRI","J159","ICD10","","LRI","Code/00_inputs/canonical_icd_codes.csv","Hospital diagnosis code included in canonical event definition."
"LRI","J1590","ICD10","","LRI","Code/00_inputs/canonical_icd_codes.csv","Hospital diagnosis code included in canonical event definition."
"LRI","J160","ICD10","","LRI","Code/00_inputs/canonical_icd_codes.csv","Hospital diagnosis code included in canonical event definition."
"LRI","J1600","ICD10","","LRI","Code/00_inputs/canonical_icd_codes.csv","Hospital diagnosis code included in canonical event definition."
"LRI","J168","ICD10","","LRI","Code/00_inputs/canonical_icd_codes.csv","Hospital diagnosis code included in canonical event definition."
"LRI","J1680","ICD10","","LRI","Code/00_inputs/canonical_icd_codes.csv","Hospital diagnosis code included in canonical event definition."
"LRI","J17","ICD10","","LRI","Code/00_inputs/canonical_icd_codes.csv","Hospital diagnosis code included in canonical event definition."
"LRI","J170","ICD10","","LRI","Code/00_inputs/canonical_icd_codes.csv","Hospital diagnosis code included in canonical event definition."
"LRI","J1700","ICD10","","LRI","Code/00_inputs/canonical_icd_codes.csv","Hospital diagnosis code included in canonical event definition."
"LRI","J171","ICD10","","LRI","Code/00_inputs/canonical_icd_codes.csv","Hospital diagnosis code included in canonical event definition."
"LRI","J1710","ICD10","","LRI","Code/00_inputs/canonical_icd_codes.csv","Hospital diagnosis code included in canonical event definition."
"LRI","J172","ICD10","","LRI","Code/00_inputs/canonical_icd_codes.csv","Hospital diagnosis code included in canonical event definition."
"LRI","J1720","ICD10","","LRI","Code/00_inputs/canonical_icd_codes.csv","Hospital diagnosis code included in canonical event definition."
"LRI","J173","ICD10","","LRI","Code/00_inputs/canonical_icd_codes.csv","Hospital diagnosis code included in canonical event definition."
"LRI","J1730","ICD10","","LRI","Code/00_inputs/canonical_icd_codes.csv","Hospital diagnosis code included in canonical event definition."
"LRI","J178","ICD10","","LRI","Code/00_inputs/canonical_icd_codes.csv","Hospital diagnosis code included in canonical event definition."
"LRI","J1780","ICD10","","LRI","Code/00_inputs/canonical_icd_codes.csv","Hospital diagnosis code included in canonical event definition."
"LRI","J17X","ICD10","","LRI","Code/00_inputs/canonical_icd_codes.csv","Hospital diagnosis code included in canonical event definition."
"LRI","J17X0","ICD10","","LRI","Code/00_inputs/canonical_icd_codes.csv","Hospital diagnosis code included in canonical event definition."
"LRI","J18","ICD10","","LRI","Code/00_inputs/canonical_icd_codes.csv","Hospital diagnosis code included in canonical event definition."
"LRI","J180","ICD10","","LRI","Code/00_inputs/canonical_icd_codes.csv","Hospital diagnosis code included in canonical event definition."
"LRI","J1800","ICD10","","LRI","Code/00_inputs/canonical_icd_codes.csv","Hospital diagnosis code included in canonical event definition."
"LRI","J181","ICD10","","LRI","Code/00_inputs/canonical_icd_codes.csv","Hospital diagnosis code included in canonical event definition."
"LRI","J1810","ICD10","","LRI","Code/00_inputs/canonical_icd_codes.csv","Hospital diagnosis code included in canonical event definition."
"LRI","J182","ICD10","","LRI","Code/00_inputs/canonical_icd_codes.csv","Hospital diagnosis code included in canonical event definition."
"LRI","J1820","ICD10","","LRI","Code/00_inputs/canonical_icd_codes.csv","Hospital diagnosis code included in canonical event definition."
"LRI","J188","ICD10","","LRI","Code/00_inputs/canonical_icd_codes.csv","Hospital diagnosis code included in canonical event definition."
"LRI","J1880","ICD10","","LRI","Code/00_inputs/canonical_icd_codes.csv","Hospital diagnosis code included in canonical event definition."
"LRI","J189","ICD10","","LRI","Code/00_inputs/canonical_icd_codes.csv","Hospital diagnosis code included in canonical event definition."
"LRI","J1890","ICD10","","LRI","Code/00_inputs/canonical_icd_codes.csv","Hospital diagnosis code included in canonical event definition."
"LRI","J18O","ICD10","","LRI","Code/00_inputs/canonical_icd_codes.csv","Hospital diagnosis code included in canonical event definition."
"LRI","J18O0","ICD10","","LRI","Code/00_inputs/canonical_icd_codes.csv","Hospital diagnosis code included in canonical event definition."
"LRI","J18X","ICD10","","LRI","Code/00_inputs/canonical_icd_codes.csv","Hospital diagnosis code included in canonical event definition."
"LRI","J18X0","ICD10","","LRI","Code/00_inputs/canonical_icd_codes.csv","Hospital diagnosis code included in canonical event definition."
"LRI","J200","ICD10","","LRI","Code/00_inputs/canonical_icd_codes.csv","Hospital diagnosis code included in canonical event definition."
"LRI","J2000","ICD10","","LRI","Code/00_inputs/canonical_icd_codes.csv","Hospital diagnosis code included in canonical event definition."
"LRI","J201","ICD10","","LRI","Code/00_inputs/canonical_icd_codes.csv","Hospital diagnosis code included in canonical event definition."
"LRI","J2010","ICD10","","LRI","Code/00_inputs/canonical_icd_codes.csv","Hospital diagnosis code included in canonical event definition."
"LRI","J202","ICD10","","LRI","Code/00_inputs/canonical_icd_codes.csv","Hospital diagnosis code included in canonical event definition."
"LRI","J2020","ICD10","","LRI","Code/00_inputs/canonical_icd_codes.csv","Hospital diagnosis code included in canonical event definition."
"LRI","J203","ICD10","","LRI","Code/00_inputs/canonical_icd_codes.csv","Hospital diagnosis code included in canonical event definition."
"LRI","J2030","ICD10","","LRI","Code/00_inputs/canonical_icd_codes.csv","Hospital diagnosis code included in canonical event definition."
"LRI","J204","ICD10","","LRI","Code/00_inputs/canonical_icd_codes.csv","Hospital diagnosis code included in canonical event definition."
"LRI","J2040","ICD10","","LRI","Code/00_inputs/canonical_icd_codes.csv","Hospital diagnosis code included in canonical event definition."
"LRI","J205","ICD10","","LRI","Code/00_inputs/canonical_icd_codes.csv","Hospital diagnosis code included in canonical event definition."
"LRI","J2050","ICD10","","LRI","Code/00_inputs/canonical_icd_codes.csv","Hospital diagnosis code included in canonical event definition."
"LRI","J206","ICD10","","LRI","Code/00_inputs/canonical_icd_codes.csv","Hospital diagnosis code included in canonical event definition."
"LRI","J2060","ICD10","","LRI","Code/00_inputs/canonical_icd_codes.csv","Hospital diagnosis code included in canonical event definition."
"LRI","J207","ICD10","","LRI","Code/00_inputs/canonical_icd_codes.csv","Hospital diagnosis code included in canonical event definition."
"LRI","J2070","ICD10","","LRI","Code/00_inputs/canonical_icd_codes.csv","Hospital diagnosis code included in canonical event definition."
"LRI","J208","ICD10","","LRI","Code/00_inputs/canonical_icd_codes.csv","Hospital diagnosis code included in canonical event definition."
"LRI","J2080","ICD10","","LRI","Code/00_inputs/canonical_icd_codes.csv","Hospital diagnosis code included in canonical event definition."
"LRI","J209","ICD10","","LRI","Code/00_inputs/canonical_icd_codes.csv","Hospital diagnosis code included in canonical event definition."
"LRI","J2090","ICD10","","LRI","Code/00_inputs/canonical_icd_codes.csv","Hospital diagnosis code included in canonical event definition."
"LRI","J20X","ICD10","","LRI","Code/00_inputs/canonical_icd_codes.csv","Hospital diagnosis code included in canonical event definition."
"LRI","J20X0","ICD10","","LRI","Code/00_inputs/canonical_icd_codes.csv","Hospital diagnosis code included in canonical event definition."
"LRI","J210","ICD10","","LRI","Code/00_inputs/canonical_icd_codes.csv","Hospital diagnosis code included in canonical event definition."
"LRI","J2100","ICD10","","LRI","Code/00_inputs/canonical_icd_codes.csv","Hospital diagnosis code included in canonical event definition."
"LRI","J211","ICD10","","LRI","Code/00_inputs/canonical_icd_codes.csv","Hospital diagnosis code included in canonical event definition."
"LRI","J2110","ICD10","","LRI","Code/00_inputs/canonical_icd_codes.csv","Hospital diagnosis code included in canonical event definition."
"LRI","J218","ICD10","","LRI","Code/00_inputs/canonical_icd_codes.csv","Hospital diagnosis code included in canonical event definition."
"LRI","J2180","ICD10","","LRI","Code/00_inputs/canonical_icd_codes.csv","Hospital diagnosis code included in canonical event definition."
"LRI","J219","ICD10","","LRI","Code/00_inputs/canonical_icd_codes.csv","Hospital diagnosis code included in canonical event definition."
"LRI","J2190","ICD10","","LRI","Code/00_inputs/canonical_icd_codes.csv","Hospital diagnosis code included in canonical event definition."
"LRI","J21X","ICD10","","LRI","Code/00_inputs/canonical_icd_codes.csv","Hospital diagnosis code included in canonical event definition."
"LRI","J21X0","ICD10","","LRI","Code/00_inputs/canonical_icd_codes.csv","Hospital diagnosis code included in canonical event definition."
"LRI","J22","ICD10","","LRI","Code/00_inputs/canonical_icd_codes.csv","Hospital diagnosis code included in canonical event definition."
"LRI","J220","ICD10","","LRI","Code/00_inputs/canonical_icd_codes.csv","Hospital diagnosis code included in canonical event definition."
"LRI","J2200","ICD10","","LRI","Code/00_inputs/canonical_icd_codes.csv","Hospital diagnosis code included in canonical event definition."
"LRI","J229","ICD10","","LRI","Code/00_inputs/canonical_icd_codes.csv","Hospital diagnosis code included in canonical event definition."
"LRI","J2290","ICD10","","LRI","Code/00_inputs/canonical_icd_codes.csv","Hospital diagnosis code included in canonical event definition."
"LRI","J22X","ICD10","","LRI","Code/00_inputs/canonical_icd_codes.csv","Hospital diagnosis code included in canonical event definition."
"LRI","J22X0","ICD10","","LRI","Code/00_inputs/canonical_icd_codes.csv","Hospital diagnosis code included in canonical event definition."
"LRI","J22Y","ICD10","","LRI","Code/00_inputs/canonical_icd_codes.csv","Hospital diagnosis code included in canonical event definition."
"LRI","J22Y0","ICD10","","LRI","Code/00_inputs/canonical_icd_codes.csv","Hospital diagnosis code included in canonical event definition."
"LRI","J440","ICD10","","LRI","Code/00_inputs/canonical_icd_codes.csv","Hospital diagnosis code included in canonical event definition."
"LRI","J4400","ICD10","","LRI","Code/00_inputs/canonical_icd_codes.csv","Hospital diagnosis code included in canonical event definition."
"LRI","J851","ICD10","","LRI","Code/00_inputs/canonical_icd_codes.csv","Hospital diagnosis code included in canonical event definition."
"LRI","J8510","ICD10","","LRI","Code/00_inputs/canonical_icd_codes.csv","Hospital diagnosis code included in canonical event definition."
"LRI","J860","ICD10","","LRI","Code/00_inputs/canonical_icd_codes.csv","Hospital diagnosis code included in canonical event definition."
"LRI","J8600","ICD10","","LRI","Code/00_inputs/canonical_icd_codes.csv","Hospital diagnosis code included in canonical event definition."
"LRI","J869","ICD10","","LRI","Code/00_inputs/canonical_icd_codes.csv","Hospital diagnosis code included in canonical event definition."
"LRI","J8690","ICD10","","LRI","Code/00_inputs/canonical_icd_codes.csv","Hospital diagnosis code included in canonical event definition."
"LRI","P230","ICD10","","LRI","Code/00_inputs/canonical_icd_codes.csv","Hospital diagnosis code included in canonical event definition."
"LRI","P2300","ICD10","","LRI","Code/00_inputs/canonical_icd_codes.csv","Hospital diagnosis code included in canonical event definition."
"LRI","P231","ICD10","","LRI","Code/00_inputs/canonical_icd_codes.csv","Hospital diagnosis code included in canonical event definition."
"LRI","P2310","ICD10","","LRI","Code/00_inputs/canonical_icd_codes.csv","Hospital diagnosis code included in canonical event definition."
"LRI","P232","ICD10","","LRI","Code/00_inputs/canonical_icd_codes.csv","Hospital diagnosis code included in canonical event definition."
"LRI","P2320","ICD10","","LRI","Code/00_inputs/canonical_icd_codes.csv","Hospital diagnosis code included in canonical event definition."
"LRI","P233","ICD10","","LRI","Code/00_inputs/canonical_icd_codes.csv","Hospital diagnosis code included in canonical event definition."
"LRI","P2330","ICD10","","LRI","Code/00_inputs/canonical_icd_codes.csv","Hospital diagnosis code included in canonical event definition."
"LRI","P234","ICD10","","LRI","Code/00_inputs/canonical_icd_codes.csv","Hospital diagnosis code included in canonical event definition."
"LRI","P2340","ICD10","","LRI","Code/00_inputs/canonical_icd_codes.csv","Hospital diagnosis code included in canonical event definition."
"LRI","P235","ICD10","","LRI","Code/00_inputs/canonical_icd_codes.csv","Hospital diagnosis code included in canonical event definition."
"LRI","P2350","ICD10","","LRI","Code/00_inputs/canonical_icd_codes.csv","Hospital diagnosis code included in canonical event definition."
"LRI","P236","ICD10","","LRI","Code/00_inputs/canonical_icd_codes.csv","Hospital diagnosis code included in canonical event definition."
"LRI","P2360","ICD10","","LRI","Code/00_inputs/canonical_icd_codes.csv","Hospital diagnosis code included in canonical event definition."
"LRI","P238","ICD10","","LRI","Code/00_inputs/canonical_icd_codes.csv","Hospital diagnosis code included in canonical event definition."
"LRI","P2380","ICD10","","LRI","Code/00_inputs/canonical_icd_codes.csv","Hospital diagnosis code included in canonical event definition."
"LRI","P239","ICD10","","LRI","Code/00_inputs/canonical_icd_codes.csv","Hospital diagnosis code included in canonical event definition."
"LRI","P2390","ICD10","","LRI","Code/00_inputs/canonical_icd_codes.csv","Hospital diagnosis code included in canonical event definition."
"LRI","U049","ICD10","","LRI","Code/00_inputs/canonical_icd_codes.csv","Hospital diagnosis code included in canonical event definition."
"LRI","U0490","ICD10","","LRI","Code/00_inputs/canonical_icd_codes.csv","Hospital diagnosis code included in canonical event definition."
"lymphoma","C810","ICD10","","lymphoma","Code/00_inputs/canonical_icd_codes.csv","Hospital diagnosis code included in canonical event definition."
"lymphoma","C811","ICD10","","lymphoma","Code/00_inputs/canonical_icd_codes.csv","Hospital diagnosis code included in canonical event definition."
"lymphoma","C812","ICD10","","lymphoma","Code/00_inputs/canonical_icd_codes.csv","Hospital diagnosis code included in canonical event definition."
"lymphoma","C813","ICD10","","lymphoma","Code/00_inputs/canonical_icd_codes.csv","Hospital diagnosis code included in canonical event definition."
"lymphoma","C817","ICD10","","lymphoma","Code/00_inputs/canonical_icd_codes.csv","Hospital diagnosis code included in canonical event definition."
"lymphoma","C819","ICD10","","lymphoma","Code/00_inputs/canonical_icd_codes.csv","Hospital diagnosis code included in canonical event definition."
"lymphoma","C820","ICD10","","lymphoma","Code/00_inputs/canonical_icd_codes.csv","Hospital diagnosis code included in canonical event definition."
"lymphoma","C821","ICD10","","lymphoma","Code/00_inputs/canonical_icd_codes.csv","Hospital diagnosis code included in canonical event definition."
"lymphoma","C822","ICD10","","lymphoma","Code/00_inputs/canonical_icd_codes.csv","Hospital diagnosis code included in canonical event definition."
"lymphoma","C827","ICD10","","lymphoma","Code/00_inputs/canonical_icd_codes.csv","Hospital diagnosis code included in canonical event definition."
"lymphoma","C829","ICD10","","lymphoma","Code/00_inputs/canonical_icd_codes.csv","Hospital diagnosis code included in canonical event definition."
"lymphoma","C830","ICD10","","lymphoma","Code/00_inputs/canonical_icd_codes.csv","Hospital diagnosis code included in canonical event definition."
"lymphoma","C831","ICD10","","lymphoma","Code/00_inputs/canonical_icd_codes.csv","Hospital diagnosis code included in canonical event definition."
"lymphoma","C832","ICD10","","lymphoma","Code/00_inputs/canonical_icd_codes.csv","Hospital diagnosis code included in canonical event definition."
"lymphoma","C833","ICD10","","lymphoma","Code/00_inputs/canonical_icd_codes.csv","Hospital diagnosis code included in canonical event definition."
"lymphoma","C834","ICD10","","lymphoma","Code/00_inputs/canonical_icd_codes.csv","Hospital diagnosis code included in canonical event definition."
"lymphoma","C835","ICD10","","lymphoma","Code/00_inputs/canonical_icd_codes.csv","Hospital diagnosis code included in canonical event definition."
"lymphoma","C836","ICD10","","lymphoma","Code/00_inputs/canonical_icd_codes.csv","Hospital diagnosis code included in canonical event definition."
"lymphoma","C837","ICD10","","lymphoma","Code/00_inputs/canonical_icd_codes.csv","Hospital diagnosis code included in canonical event definition."
"lymphoma","C838","ICD10","","lymphoma","Code/00_inputs/canonical_icd_codes.csv","Hospital diagnosis code included in canonical event definition."
"lymphoma","C839","ICD10","","lymphoma","Code/00_inputs/canonical_icd_codes.csv","Hospital diagnosis code included in canonical event definition."
"lymphoma","C840","ICD10","","lymphoma","Code/00_inputs/canonical_icd_codes.csv","Hospital diagnosis code included in canonical event definition."
"lymphoma","C841","ICD10","","lymphoma","Code/00_inputs/canonical_icd_codes.csv","Hospital diagnosis code included in canonical event definition."
"lymphoma","C843","ICD10","","lymphoma","Code/00_inputs/canonical_icd_codes.csv","Hospital diagnosis code included in canonical event definition."
"lymphoma","C844","ICD10","","lymphoma","Code/00_inputs/canonical_icd_codes.csv","Hospital diagnosis code included in canonical event definition."
"lymphoma","C845","ICD10","","lymphoma","Code/00_inputs/canonical_icd_codes.csv","Hospital diagnosis code included in canonical event definition."
"lymphoma","C850","ICD10","","lymphoma","Code/00_inputs/canonical_icd_codes.csv","Hospital diagnosis code included in canonical event definition."
"lymphoma","C851","ICD10","","lymphoma","Code/00_inputs/canonical_icd_codes.csv","Hospital diagnosis code included in canonical event definition."
"lymphoma","C857","ICD10","","lymphoma","Code/00_inputs/canonical_icd_codes.csv","Hospital diagnosis code included in canonical event definition."
"lymphoma","C859","ICD10","","lymphoma","Code/00_inputs/canonical_icd_codes.csv","Hospital diagnosis code included in canonical event definition."
"lymphoma","C8800","ICD10","","lymphoma","Code/00_inputs/canonical_icd_codes.csv","Hospital diagnosis code included in canonical event definition."
"lymphoma","C8801","ICD10","","lymphoma","Code/00_inputs/canonical_icd_codes.csv","Hospital diagnosis code included in canonical event definition."
"lymphoma","C8820","ICD10","","lymphoma","Code/00_inputs/canonical_icd_codes.csv","Hospital diagnosis code included in canonical event definition."
"lymphoma","C8830","ICD10","","lymphoma","Code/00_inputs/canonical_icd_codes.csv","Hospital diagnosis code included in canonical event definition."
"lymphoma","C8870","ICD10","","lymphoma","Code/00_inputs/canonical_icd_codes.csv","Hospital diagnosis code included in canonical event definition."
"lymphoma","C8890","ICD10","","lymphoma","Code/00_inputs/canonical_icd_codes.csv","Hospital diagnosis code included in canonical event definition."
"NRVD","I340","ICD10","","NRVD","Code/00_inputs/canonical_icd_codes.csv","Hospital diagnosis code included in canonical event definition."
"NRVD","I341","ICD10","","NRVD","Code/00_inputs/canonical_icd_codes.csv","Hospital diagnosis code included in canonical event definition."
"NRVD","I342","ICD10","","NRVD","Code/00_inputs/canonical_icd_codes.csv","Hospital diagnosis code included in canonical event definition."
"NRVD","I348","ICD10","","NRVD","Code/00_inputs/canonical_icd_codes.csv","Hospital diagnosis code included in canonical event definition."
"NRVD","I349","ICD10","","NRVD","Code/00_inputs/canonical_icd_codes.csv","Hospital diagnosis code included in canonical event definition."
"NRVD","I350","ICD10","","NRVD","Code/00_inputs/canonical_icd_codes.csv","Hospital diagnosis code included in canonical event definition."
"NRVD","I351","ICD10","","NRVD","Code/00_inputs/canonical_icd_codes.csv","Hospital diagnosis code included in canonical event definition."
"NRVD","I352","ICD10","","NRVD","Code/00_inputs/canonical_icd_codes.csv","Hospital diagnosis code included in canonical event definition."
"NRVD","I358","ICD10","","NRVD","Code/00_inputs/canonical_icd_codes.csv","Hospital diagnosis code included in canonical event definition."
"NRVD","I359","ICD10","","NRVD","Code/00_inputs/canonical_icd_codes.csv","Hospital diagnosis code included in canonical event definition."
"NRVD","I361","ICD10","","NRVD","Code/00_inputs/canonical_icd_codes.csv","Hospital diagnosis code included in canonical event definition."
"NRVD","I362","ICD10","","NRVD","Code/00_inputs/canonical_icd_codes.csv","Hospital diagnosis code included in canonical event definition."
"NRVD","I368","ICD10","","NRVD","Code/00_inputs/canonical_icd_codes.csv","Hospital diagnosis code included in canonical event definition."
"NRVD","I369","ICD10","","NRVD","Code/00_inputs/canonical_icd_codes.csv","Hospital diagnosis code included in canonical event definition."
"NRVD","I370","ICD10","","NRVD","Code/00_inputs/canonical_icd_codes.csv","Hospital diagnosis code included in canonical event definition."
"NRVD","I371","ICD10","","NRVD","Code/00_inputs/canonical_icd_codes.csv","Hospital diagnosis code included in canonical event definition."
"NRVD","I372","ICD10","","NRVD","Code/00_inputs/canonical_icd_codes.csv","Hospital diagnosis code included in canonical event definition."
"NRVD","I378","ICD10","","NRVD","Code/00_inputs/canonical_icd_codes.csv","Hospital diagnosis code included in canonical event definition."
"NRVD","I379","ICD10","","NRVD","Code/00_inputs/canonical_icd_codes.csv","Hospital diagnosis code included in canonical event definition."
"oral_disorders","K000","ICD10","","oral_disorders","Code/00_inputs/canonical_icd_codes.csv","Hospital diagnosis code included in canonical event definition."
"oral_disorders","K001","ICD10","","oral_disorders","Code/00_inputs/canonical_icd_codes.csv","Hospital diagnosis code included in canonical event definition."
"oral_disorders","K002","ICD10","","oral_disorders","Code/00_inputs/canonical_icd_codes.csv","Hospital diagnosis code included in canonical event definition."
"oral_disorders","K003","ICD10","","oral_disorders","Code/00_inputs/canonical_icd_codes.csv","Hospital diagnosis code included in canonical event definition."
"oral_disorders","K004","ICD10","","oral_disorders","Code/00_inputs/canonical_icd_codes.csv","Hospital diagnosis code included in canonical event definition."
"oral_disorders","K006","ICD10","","oral_disorders","Code/00_inputs/canonical_icd_codes.csv","Hospital diagnosis code included in canonical event definition."
"oral_disorders","K007","ICD10","","oral_disorders","Code/00_inputs/canonical_icd_codes.csv","Hospital diagnosis code included in canonical event definition."
"oral_disorders","K008","ICD10","","oral_disorders","Code/00_inputs/canonical_icd_codes.csv","Hospital diagnosis code included in canonical event definition."
"oral_disorders","K009","ICD10","","oral_disorders","Code/00_inputs/canonical_icd_codes.csv","Hospital diagnosis code included in canonical event definition."
"oral_disorders","K010","ICD10","","oral_disorders","Code/00_inputs/canonical_icd_codes.csv","Hospital diagnosis code included in canonical event definition."
"oral_disorders","K011","ICD10","","oral_disorders","Code/00_inputs/canonical_icd_codes.csv","Hospital diagnosis code included in canonical event definition."
"oral_disorders","K020","ICD10","","oral_disorders","Code/00_inputs/canonical_icd_codes.csv","Hospital diagnosis code included in canonical event definition."
"oral_disorders","K021","ICD10","","oral_disorders","Code/00_inputs/canonical_icd_codes.csv","Hospital diagnosis code included in canonical event definition."
"oral_disorders","K022","ICD10","","oral_disorders","Code/00_inputs/canonical_icd_codes.csv","Hospital diagnosis code included in canonical event definition."
"oral_disorders","K023","ICD10","","oral_disorders","Code/00_inputs/canonical_icd_codes.csv","Hospital diagnosis code included in canonical event definition."
"oral_disorders","K028","ICD10","","oral_disorders","Code/00_inputs/canonical_icd_codes.csv","Hospital diagnosis code included in canonical event definition."
"oral_disorders","K029","ICD10","","oral_disorders","Code/00_inputs/canonical_icd_codes.csv","Hospital diagnosis code included in canonical event definition."
"oral_disorders","K030","ICD10","","oral_disorders","Code/00_inputs/canonical_icd_codes.csv","Hospital diagnosis code included in canonical event definition."
"oral_disorders","K031","ICD10","","oral_disorders","Code/00_inputs/canonical_icd_codes.csv","Hospital diagnosis code included in canonical event definition."
"oral_disorders","K032","ICD10","","oral_disorders","Code/00_inputs/canonical_icd_codes.csv","Hospital diagnosis code included in canonical event definition."
"oral_disorders","K033","ICD10","","oral_disorders","Code/00_inputs/canonical_icd_codes.csv","Hospital diagnosis code included in canonical event definition."
"oral_disorders","K034","ICD10","","oral_disorders","Code/00_inputs/canonical_icd_codes.csv","Hospital diagnosis code included in canonical event definition."
"oral_disorders","K035","ICD10","","oral_disorders","Code/00_inputs/canonical_icd_codes.csv","Hospital diagnosis code included in canonical event definition."
"oral_disorders","K036","ICD10","","oral_disorders","Code/00_inputs/canonical_icd_codes.csv","Hospital diagnosis code included in canonical event definition."
"oral_disorders","K037","ICD10","","oral_disorders","Code/00_inputs/canonical_icd_codes.csv","Hospital diagnosis code included in canonical event definition."
"oral_disorders","K038","ICD10","","oral_disorders","Code/00_inputs/canonical_icd_codes.csv","Hospital diagnosis code included in canonical event definition."
"oral_disorders","K039","ICD10","","oral_disorders","Code/00_inputs/canonical_icd_codes.csv","Hospital diagnosis code included in canonical event definition."
"oral_disorders","K040","ICD10","","oral_disorders","Code/00_inputs/canonical_icd_codes.csv","Hospital diagnosis code included in canonical event definition."
"oral_disorders","K041","ICD10","","oral_disorders","Code/00_inputs/canonical_icd_codes.csv","Hospital diagnosis code included in canonical event definition."
"oral_disorders","K042","ICD10","","oral_disorders","Code/00_inputs/canonical_icd_codes.csv","Hospital diagnosis code included in canonical event definition."
"oral_disorders","K043","ICD10","","oral_disorders","Code/00_inputs/canonical_icd_codes.csv","Hospital diagnosis code included in canonical event definition."
"oral_disorders","K044","ICD10","","oral_disorders","Code/00_inputs/canonical_icd_codes.csv","Hospital diagnosis code included in canonical event definition."
"oral_disorders","K045","ICD10","","oral_disorders","Code/00_inputs/canonical_icd_codes.csv","Hospital diagnosis code included in canonical event definition."
"oral_disorders","K046","ICD10","","oral_disorders","Code/00_inputs/canonical_icd_codes.csv","Hospital diagnosis code included in canonical event definition."
"oral_disorders","K047","ICD10","","oral_disorders","Code/00_inputs/canonical_icd_codes.csv","Hospital diagnosis code included in canonical event definition."
"oral_disorders","K048","ICD10","","oral_disorders","Code/00_inputs/canonical_icd_codes.csv","Hospital diagnosis code included in canonical event definition."
"oral_disorders","K049","ICD10","","oral_disorders","Code/00_inputs/canonical_icd_codes.csv","Hospital diagnosis code included in canonical event definition."
"oral_disorders","K050","ICD10","","oral_disorders","Code/00_inputs/canonical_icd_codes.csv","Hospital diagnosis code included in canonical event definition."
"oral_disorders","K051","ICD10","","oral_disorders","Code/00_inputs/canonical_icd_codes.csv","Hospital diagnosis code included in canonical event definition."
"oral_disorders","K052","ICD10","","oral_disorders","Code/00_inputs/canonical_icd_codes.csv","Hospital diagnosis code included in canonical event definition."
"oral_disorders","K053","ICD10","","oral_disorders","Code/00_inputs/canonical_icd_codes.csv","Hospital diagnosis code included in canonical event definition."
"oral_disorders","K054","ICD10","","oral_disorders","Code/00_inputs/canonical_icd_codes.csv","Hospital diagnosis code included in canonical event definition."
"oral_disorders","K055","ICD10","","oral_disorders","Code/00_inputs/canonical_icd_codes.csv","Hospital diagnosis code included in canonical event definition."
"oral_disorders","K056","ICD10","","oral_disorders","Code/00_inputs/canonical_icd_codes.csv","Hospital diagnosis code included in canonical event definition."
"oral_disorders","K060","ICD10","","oral_disorders","Code/00_inputs/canonical_icd_codes.csv","Hospital diagnosis code included in canonical event definition."
"oral_disorders","K061","ICD10","","oral_disorders","Code/00_inputs/canonical_icd_codes.csv","Hospital diagnosis code included in canonical event definition."
"oral_disorders","K062","ICD10","","oral_disorders","Code/00_inputs/canonical_icd_codes.csv","Hospital diagnosis code included in canonical event definition."
"oral_disorders","K068","ICD10","","oral_disorders","Code/00_inputs/canonical_icd_codes.csv","Hospital diagnosis code included in canonical event definition."
"oral_disorders","K069","ICD10","","oral_disorders","Code/00_inputs/canonical_icd_codes.csv","Hospital diagnosis code included in canonical event definition."
"oral_disorders","K070","ICD10","","oral_disorders","Code/00_inputs/canonical_icd_codes.csv","Hospital diagnosis code included in canonical event definition."
"oral_disorders","K071","ICD10","","oral_disorders","Code/00_inputs/canonical_icd_codes.csv","Hospital diagnosis code included in canonical event definition."
"oral_disorders","K072","ICD10","","oral_disorders","Code/00_inputs/canonical_icd_codes.csv","Hospital diagnosis code included in canonical event definition."
"oral_disorders","K073","ICD10","","oral_disorders","Code/00_inputs/canonical_icd_codes.csv","Hospital diagnosis code included in canonical event definition."
"oral_disorders","K074","ICD10","","oral_disorders","Code/00_inputs/canonical_icd_codes.csv","Hospital diagnosis code included in canonical event definition."
"oral_disorders","K075","ICD10","","oral_disorders","Code/00_inputs/canonical_icd_codes.csv","Hospital diagnosis code included in canonical event definition."
"oral_disorders","K076","ICD10","","oral_disorders","Code/00_inputs/canonical_icd_codes.csv","Hospital diagnosis code included in canonical event definition."
"oral_disorders","K078","ICD10","","oral_disorders","Code/00_inputs/canonical_icd_codes.csv","Hospital diagnosis code included in canonical event definition."
"oral_disorders","K079","ICD10","","oral_disorders","Code/00_inputs/canonical_icd_codes.csv","Hospital diagnosis code included in canonical event definition."
"oral_disorders","K080","ICD10","","oral_disorders","Code/00_inputs/canonical_icd_codes.csv","Hospital diagnosis code included in canonical event definition."
"oral_disorders","K081","ICD10","","oral_disorders","Code/00_inputs/canonical_icd_codes.csv","Hospital diagnosis code included in canonical event definition."
"oral_disorders","K082","ICD10","","oral_disorders","Code/00_inputs/canonical_icd_codes.csv","Hospital diagnosis code included in canonical event definition."
"oral_disorders","K083","ICD10","","oral_disorders","Code/00_inputs/canonical_icd_codes.csv","Hospital diagnosis code included in canonical event definition."
"oral_disorders","K0881","ICD10","","oral_disorders","Code/00_inputs/canonical_icd_codes.csv","Hospital diagnosis code included in canonical event definition."
"oral_disorders","K0888","ICD10","","oral_disorders","Code/00_inputs/canonical_icd_codes.csv","Hospital diagnosis code included in canonical event definition."
"oral_disorders","K089","ICD10","","oral_disorders","Code/00_inputs/canonical_icd_codes.csv","Hospital diagnosis code included in canonical event definition."
"oral_disorders","K090","ICD10","","oral_disorders","Code/00_inputs/canonical_icd_codes.csv","Hospital diagnosis code included in canonical event definition."
"oral_disorders","K091","ICD10","","oral_disorders","Code/00_inputs/canonical_icd_codes.csv","Hospital diagnosis code included in canonical event definition."
"oral_disorders","K092","ICD10","","oral_disorders","Code/00_inputs/canonical_icd_codes.csv","Hospital diagnosis code included in canonical event definition."
"oral_disorders","K098","ICD10","","oral_disorders","Code/00_inputs/canonical_icd_codes.csv","Hospital diagnosis code included in canonical event definition."
"oral_disorders","K099","ICD10","","oral_disorders","Code/00_inputs/canonical_icd_codes.csv","Hospital diagnosis code included in canonical event definition."
"oral_disorders","K110","ICD10","","oral_disorders","Code/00_inputs/canonical_icd_codes.csv","Hospital diagnosis code included in canonical event definition."
"oral_disorders","K111","ICD10","","oral_disorders","Code/00_inputs/canonical_icd_codes.csv","Hospital diagnosis code included in canonical event definition."
"oral_disorders","K112","ICD10","","oral_disorders","Code/00_inputs/canonical_icd_codes.csv","Hospital diagnosis code included in canonical event definition."
"oral_disorders","K113","ICD10","","oral_disorders","Code/00_inputs/canonical_icd_codes.csv","Hospital diagnosis code included in canonical event definition."
"oral_disorders","K114","ICD10","","oral_disorders","Code/00_inputs/canonical_icd_codes.csv","Hospital diagnosis code included in canonical event definition."
"oral_disorders","K115","ICD10","","oral_disorders","Code/00_inputs/canonical_icd_codes.csv","Hospital diagnosis code included in canonical event definition."
"oral_disorders","K116","ICD10","","oral_disorders","Code/00_inputs/canonical_icd_codes.csv","Hospital diagnosis code included in canonical event definition."
"oral_disorders","K117","ICD10","","oral_disorders","Code/00_inputs/canonical_icd_codes.csv","Hospital diagnosis code included in canonical event definition."
"oral_disorders","K118","ICD10","","oral_disorders","Code/00_inputs/canonical_icd_codes.csv","Hospital diagnosis code included in canonical event definition."
"oral_disorders","K119","ICD10","","oral_disorders","Code/00_inputs/canonical_icd_codes.csv","Hospital diagnosis code included in canonical event definition."
"oral_disorders","K120","ICD10","","oral_disorders","Code/00_inputs/canonical_icd_codes.csv","Hospital diagnosis code included in canonical event definition."
"oral_disorders","K121","ICD10","","oral_disorders","Code/00_inputs/canonical_icd_codes.csv","Hospital diagnosis code included in canonical event definition."
"oral_disorders","K122","ICD10","","oral_disorders","Code/00_inputs/canonical_icd_codes.csv","Hospital diagnosis code included in canonical event definition."
"oral_disorders","K130","ICD10","","oral_disorders","Code/00_inputs/canonical_icd_codes.csv","Hospital diagnosis code included in canonical event definition."
"oral_disorders","K131","ICD10","","oral_disorders","Code/00_inputs/canonical_icd_codes.csv","Hospital diagnosis code included in canonical event definition."
"oral_disorders","K132","ICD10","","oral_disorders","Code/00_inputs/canonical_icd_codes.csv","Hospital diagnosis code included in canonical event definition."
"oral_disorders","K133","ICD10","","oral_disorders","Code/00_inputs/canonical_icd_codes.csv","Hospital diagnosis code included in canonical event definition."
"oral_disorders","K134","ICD10","","oral_disorders","Code/00_inputs/canonical_icd_codes.csv","Hospital diagnosis code included in canonical event definition."
"oral_disorders","K135","ICD10","","oral_disorders","Code/00_inputs/canonical_icd_codes.csv","Hospital diagnosis code included in canonical event definition."
"oral_disorders","K136","ICD10","","oral_disorders","Code/00_inputs/canonical_icd_codes.csv","Hospital diagnosis code included in canonical event definition."
"oral_disorders","K137","ICD10","","oral_disorders","Code/00_inputs/canonical_icd_codes.csv","Hospital diagnosis code included in canonical event definition."
"oral_disorders","K140","ICD10","","oral_disorders","Code/00_inputs/canonical_icd_codes.csv","Hospital diagnosis code included in canonical event definition."
"oral_disorders","K141","ICD10","","oral_disorders","Code/00_inputs/canonical_icd_codes.csv","Hospital diagnosis code included in canonical event definition."
"oral_disorders","K142","ICD10","","oral_disorders","Code/00_inputs/canonical_icd_codes.csv","Hospital diagnosis code included in canonical event definition."
"oral_disorders","K143","ICD10","","oral_disorders","Code/00_inputs/canonical_icd_codes.csv","Hospital diagnosis code included in canonical event definition."
"oral_disorders","K144","ICD10","","oral_disorders","Code/00_inputs/canonical_icd_codes.csv","Hospital diagnosis code included in canonical event definition."
"oral_disorders","K145","ICD10","","oral_disorders","Code/00_inputs/canonical_icd_codes.csv","Hospital diagnosis code included in canonical event definition."
"oral_disorders","K146","ICD10","","oral_disorders","Code/00_inputs/canonical_icd_codes.csv","Hospital diagnosis code included in canonical event definition."
"oral_disorders","K148","ICD10","","oral_disorders","Code/00_inputs/canonical_icd_codes.csv","Hospital diagnosis code included in canonical event definition."
"oral_disorders","K149","ICD10","","oral_disorders","Code/00_inputs/canonical_icd_codes.csv","Hospital diagnosis code included in canonical event definition."
"osteoarthritis","M150","ICD10","","osteoarthritis","Code/00_inputs/canonical_icd_codes.csv","Hospital diagnosis code included in canonical event definition."
"osteoarthritis","M151","ICD10","","osteoarthritis","Code/00_inputs/canonical_icd_codes.csv","Hospital diagnosis code included in canonical event definition."
"osteoarthritis","M152","ICD10","","osteoarthritis","Code/00_inputs/canonical_icd_codes.csv","Hospital diagnosis code included in canonical event definition."
"osteoarthritis","M153","ICD10","","osteoarthritis","Code/00_inputs/canonical_icd_codes.csv","Hospital diagnosis code included in canonical event definition."
"osteoarthritis","M154","ICD10","","osteoarthritis","Code/00_inputs/canonical_icd_codes.csv","Hospital diagnosis code included in canonical event definition."
"osteoarthritis","M159","ICD10","","osteoarthritis","Code/00_inputs/canonical_icd_codes.csv","Hospital diagnosis code included in canonical event definition."
"osteoarthritis","M160","ICD10","","osteoarthritis","Code/00_inputs/canonical_icd_codes.csv","Hospital diagnosis code included in canonical event definition."
"osteoarthritis","M161","ICD10","","osteoarthritis","Code/00_inputs/canonical_icd_codes.csv","Hospital diagnosis code included in canonical event definition."
"osteoarthritis","M162","ICD10","","osteoarthritis","Code/00_inputs/canonical_icd_codes.csv","Hospital diagnosis code included in canonical event definition."
"osteoarthritis","M163","ICD10","","osteoarthritis","Code/00_inputs/canonical_icd_codes.csv","Hospital diagnosis code included in canonical event definition."
"osteoarthritis","M164","ICD10","","osteoarthritis","Code/00_inputs/canonical_icd_codes.csv","Hospital diagnosis code included in canonical event definition."
"osteoarthritis","M165","ICD10","","osteoarthritis","Code/00_inputs/canonical_icd_codes.csv","Hospital diagnosis code included in canonical event definition."
"osteoarthritis","M166","ICD10","","osteoarthritis","Code/00_inputs/canonical_icd_codes.csv","Hospital diagnosis code included in canonical event definition."
"osteoarthritis","M167","ICD10","","osteoarthritis","Code/00_inputs/canonical_icd_codes.csv","Hospital diagnosis code included in canonical event definition."
"osteoarthritis","M169","ICD10","","osteoarthritis","Code/00_inputs/canonical_icd_codes.csv","Hospital diagnosis code included in canonical event definition."
"osteoarthritis","M170","ICD10","","osteoarthritis","Code/00_inputs/canonical_icd_codes.csv","Hospital diagnosis code included in canonical event definition."
"osteoarthritis","M171","ICD10","","osteoarthritis","Code/00_inputs/canonical_icd_codes.csv","Hospital diagnosis code included in canonical event definition."
"osteoarthritis","M172","ICD10","","osteoarthritis","Code/00_inputs/canonical_icd_codes.csv","Hospital diagnosis code included in canonical event definition."
"osteoarthritis","M173","ICD10","","osteoarthritis","Code/00_inputs/canonical_icd_codes.csv","Hospital diagnosis code included in canonical event definition."
"osteoarthritis","M174","ICD10","","osteoarthritis","Code/00_inputs/canonical_icd_codes.csv","Hospital diagnosis code included in canonical event definition."
"osteoarthritis","M175","ICD10","","osteoarthritis","Code/00_inputs/canonical_icd_codes.csv","Hospital diagnosis code included in canonical event definition."
"osteoarthritis","M179","ICD10","","osteoarthritis","Code/00_inputs/canonical_icd_codes.csv","Hospital diagnosis code included in canonical event definition."
"osteoarthritis","M180","ICD10","","osteoarthritis","Code/00_inputs/canonical_icd_codes.csv","Hospital diagnosis code included in canonical event definition."
"osteoarthritis","M181","ICD10","","osteoarthritis","Code/00_inputs/canonical_icd_codes.csv","Hospital diagnosis code included in canonical event definition."
"osteoarthritis","M182","ICD10","","osteoarthritis","Code/00_inputs/canonical_icd_codes.csv","Hospital diagnosis code included in canonical event definition."
"osteoarthritis","M183","ICD10","","osteoarthritis","Code/00_inputs/canonical_icd_codes.csv","Hospital diagnosis code included in canonical event definition."
"osteoarthritis","M184","ICD10","","osteoarthritis","Code/00_inputs/canonical_icd_codes.csv","Hospital diagnosis code included in canonical event definition."
"osteoarthritis","M185","ICD10","","osteoarthritis","Code/00_inputs/canonical_icd_codes.csv","Hospital diagnosis code included in canonical event definition."
"osteoarthritis","M189","ICD10","","osteoarthritis","Code/00_inputs/canonical_icd_codes.csv","Hospital diagnosis code included in canonical event definition."
"osteoarthritis","M1901","ICD10","","osteoarthritis","Code/00_inputs/canonical_icd_codes.csv","Hospital diagnosis code included in canonical event definition."
"osteoarthritis","M1902","ICD10","","osteoarthritis","Code/00_inputs/canonical_icd_codes.csv","Hospital diagnosis code included in canonical event definition."
"osteoarthritis","M1903","ICD10","","osteoarthritis","Code/00_inputs/canonical_icd_codes.csv","Hospital diagnosis code included in canonical event definition."
"osteoarthritis","M1907","ICD10","","osteoarthritis","Code/00_inputs/canonical_icd_codes.csv","Hospital diagnosis code included in canonical event definition."
"osteoarthritis","M1908","ICD10","","osteoarthritis","Code/00_inputs/canonical_icd_codes.csv","Hospital diagnosis code included in canonical event definition."
"osteoarthritis","M1909","ICD10","","osteoarthritis","Code/00_inputs/canonical_icd_codes.csv","Hospital diagnosis code included in canonical event definition."
"osteoarthritis","M1911","ICD10","","osteoarthritis","Code/00_inputs/canonical_icd_codes.csv","Hospital diagnosis code included in canonical event definition."
"osteoarthritis","M1912","ICD10","","osteoarthritis","Code/00_inputs/canonical_icd_codes.csv","Hospital diagnosis code included in canonical event definition."
"osteoarthritis","M1913","ICD10","","osteoarthritis","Code/00_inputs/canonical_icd_codes.csv","Hospital diagnosis code included in canonical event definition."
"osteoarthritis","M1917","ICD10","","osteoarthritis","Code/00_inputs/canonical_icd_codes.csv","Hospital diagnosis code included in canonical event definition."
"osteoarthritis","M1918","ICD10","","osteoarthritis","Code/00_inputs/canonical_icd_codes.csv","Hospital diagnosis code included in canonical event definition."
"osteoarthritis","M1919","ICD10","","osteoarthritis","Code/00_inputs/canonical_icd_codes.csv","Hospital diagnosis code included in canonical event definition."
"osteoarthritis","M1921","ICD10","","osteoarthritis","Code/00_inputs/canonical_icd_codes.csv","Hospital diagnosis code included in canonical event definition."
"osteoarthritis","M1922","ICD10","","osteoarthritis","Code/00_inputs/canonical_icd_codes.csv","Hospital diagnosis code included in canonical event definition."
"osteoarthritis","M1923","ICD10","","osteoarthritis","Code/00_inputs/canonical_icd_codes.csv","Hospital diagnosis code included in canonical event definition."
"osteoarthritis","M1927","ICD10","","osteoarthritis","Code/00_inputs/canonical_icd_codes.csv","Hospital diagnosis code included in canonical event definition."
"osteoarthritis","M1928","ICD10","","osteoarthritis","Code/00_inputs/canonical_icd_codes.csv","Hospital diagnosis code included in canonical event definition."
"osteoarthritis","M1929","ICD10","","osteoarthritis","Code/00_inputs/canonical_icd_codes.csv","Hospital diagnosis code included in canonical event definition."
"osteoarthritis","M1981","ICD10","","osteoarthritis","Code/00_inputs/canonical_icd_codes.csv","Hospital diagnosis code included in canonical event definition."
"osteoarthritis","M1982","ICD10","","osteoarthritis","Code/00_inputs/canonical_icd_codes.csv","Hospital diagnosis code included in canonical event definition."
"osteoarthritis","M1983","ICD10","","osteoarthritis","Code/00_inputs/canonical_icd_codes.csv","Hospital diagnosis code included in canonical event definition."
"osteoarthritis","M1987","ICD10","","osteoarthritis","Code/00_inputs/canonical_icd_codes.csv","Hospital diagnosis code included in canonical event definition."
"osteoarthritis","M1988","ICD10","","osteoarthritis","Code/00_inputs/canonical_icd_codes.csv","Hospital diagnosis code included in canonical event definition."
"osteoarthritis","M1989","ICD10","","osteoarthritis","Code/00_inputs/canonical_icd_codes.csv","Hospital diagnosis code included in canonical event definition."
"osteoarthritis","M1991","ICD10","","osteoarthritis","Code/00_inputs/canonical_icd_codes.csv","Hospital diagnosis code included in canonical event definition."
"osteoarthritis","M1992","ICD10","","osteoarthritis","Code/00_inputs/canonical_icd_codes.csv","Hospital diagnosis code included in canonical event definition."
"osteoarthritis","M1993","ICD10","","osteoarthritis","Code/00_inputs/canonical_icd_codes.csv","Hospital diagnosis code included in canonical event definition."
"osteoarthritis","M1997","ICD10","","osteoarthritis","Code/00_inputs/canonical_icd_codes.csv","Hospital diagnosis code included in canonical event definition."
"osteoarthritis","M1998","ICD10","","osteoarthritis","Code/00_inputs/canonical_icd_codes.csv","Hospital diagnosis code included in canonical event definition."
"osteoarthritis","M1999","ICD10","","osteoarthritis","Code/00_inputs/canonical_icd_codes.csv","Hospital diagnosis code included in canonical event definition."
"other_dementia","F020","ICD10","","other_dementia","Code/00_inputs/canonical_icd_codes.csv","Hospital diagnosis code included in canonical event definition."
"other_dementia","F021","ICD10","","other_dementia","Code/00_inputs/canonical_icd_codes.csv","Hospital diagnosis code included in canonical event definition."
"other_dementia","F022","ICD10","","other_dementia","Code/00_inputs/canonical_icd_codes.csv","Hospital diagnosis code included in canonical event definition."
"other_dementia","F023","ICD10","","other_dementia","Code/00_inputs/canonical_icd_codes.csv","Hospital diagnosis code included in canonical event definition."
"other_dementia","F024","ICD10","","other_dementia","Code/00_inputs/canonical_icd_codes.csv","Hospital diagnosis code included in canonical event definition."
"other_dementia","F028","ICD10","","other_dementia","Code/00_inputs/canonical_icd_codes.csv","Hospital diagnosis code included in canonical event definition."
"other_dementia","G310","ICD10","","other_dementia","Code/00_inputs/canonical_icd_codes.csv","Hospital diagnosis code included in canonical event definition."
"other_dementia","G311","ICD10","","other_dementia","Code/00_inputs/canonical_icd_codes.csv","Hospital diagnosis code included in canonical event definition."
"other_dementia_2","F020","ICD10","","other_dementia_2","Code/00_inputs/canonical_icd_codes.csv","Hospital diagnosis code included in canonical event definition."
"other_dementia_2","F023","ICD10","","other_dementia_2","Code/00_inputs/canonical_icd_codes.csv","Hospital diagnosis code included in canonical event definition."
"other_infections","A068","ICD10","","other_infections","Code/00_inputs/canonical_icd_codes.csv","Hospital diagnosis code included in canonical event definition."
"other_infections","A0680","ICD10","","other_infections","Code/00_inputs/canonical_icd_codes.csv","Hospital diagnosis code included in canonical event definition."
"other_infections","A09","ICD10","","other_infections","Code/00_inputs/canonical_icd_codes.csv","Hospital diagnosis code included in canonical event definition."
"other_infections","A090","ICD10","","other_infections","Code/00_inputs/canonical_icd_codes.csv","Hospital diagnosis code included in canonical event definition."
"other_infections","A0900","ICD10","","other_infections","Code/00_inputs/canonical_icd_codes.csv","Hospital diagnosis code included in canonical event definition."
"other_infections","A449","ICD10","","other_infections","Code/00_inputs/canonical_icd_codes.csv","Hospital diagnosis code included in canonical event definition."
"other_infections","A4490","ICD10","","other_infections","Code/00_inputs/canonical_icd_codes.csv","Hospital diagnosis code included in canonical event definition."
"other_infections","A638","ICD10","","other_infections","Code/00_inputs/canonical_icd_codes.csv","Hospital diagnosis code included in canonical event definition."
"other_infections","A6380","ICD10","","other_infections","Code/00_inputs/canonical_icd_codes.csv","Hospital diagnosis code included in canonical event definition."
"other_infections","A64","ICD10","","other_infections","Code/00_inputs/canonical_icd_codes.csv","Hospital diagnosis code included in canonical event definition."
"other_infections","A640","ICD10","","other_infections","Code/00_inputs/canonical_icd_codes.csv","Hospital diagnosis code included in canonical event definition."
"other_infections","A6400","ICD10","","other_infections","Code/00_inputs/canonical_icd_codes.csv","Hospital diagnosis code included in canonical event definition."
"other_infections","A692","ICD10","","other_infections","Code/00_inputs/canonical_icd_codes.csv","Hospital diagnosis code included in canonical event definition."
"other_infections","A6920","ICD10","","other_infections","Code/00_inputs/canonical_icd_codes.csv","Hospital diagnosis code included in canonical event definition."
"other_infections","A740","ICD10","","other_infections","Code/00_inputs/canonical_icd_codes.csv","Hospital diagnosis code included in canonical event definition."
"other_infections","A7400","ICD10","","other_infections","Code/00_inputs/canonical_icd_codes.csv","Hospital diagnosis code included in canonical event definition."
"other_infections","A881","ICD10","","other_infections","Code/00_inputs/canonical_icd_codes.csv","Hospital diagnosis code included in canonical event definition."
"other_infections","A8810","ICD10","","other_infections","Code/00_inputs/canonical_icd_codes.csv","Hospital diagnosis code included in canonical event definition."
"other_infections","A938","ICD10","","other_infections","Code/00_inputs/canonical_icd_codes.csv","Hospital diagnosis code included in canonical event definition."
"other_infections","A9380","ICD10","","other_infections","Code/00_inputs/canonical_icd_codes.csv","Hospital diagnosis code included in canonical event definition."
"other_infections","A94","ICD10","","other_infections","Code/00_inputs/canonical_icd_codes.csv","Hospital diagnosis code included in canonical event definition."
"other_infections","A940","ICD10","","other_infections","Code/00_inputs/canonical_icd_codes.csv","Hospital diagnosis code included in canonical event definition."
"other_infections","A9400","ICD10","","other_infections","Code/00_inputs/canonical_icd_codes.csv","Hospital diagnosis code included in canonical event definition."
"other_infections","B348","ICD10","","other_infections","Code/00_inputs/canonical_icd_codes.csv","Hospital diagnosis code included in canonical event definition."
"other_infections","B3480","ICD10","","other_infections","Code/00_inputs/canonical_icd_codes.csv","Hospital diagnosis code included in canonical event definition."
"other_infections","B350","ICD10","","other_infections","Code/00_inputs/canonical_icd_codes.csv","Hospital diagnosis code included in canonical event definition."
"other_infections","B3500","ICD10","","other_infections","Code/00_inputs/canonical_icd_codes.csv","Hospital diagnosis code included in canonical event definition."
"other_infections","B351","ICD10","","other_infections","Code/00_inputs/canonical_icd_codes.csv","Hospital diagnosis code included in canonical event definition."
"other_infections","B3510","ICD10","","other_infections","Code/00_inputs/canonical_icd_codes.csv","Hospital diagnosis code included in canonical event definition."
"other_infections","B352","ICD10","","other_infections","Code/00_inputs/canonical_icd_codes.csv","Hospital diagnosis code included in canonical event definition."
"other_infections","B3520","ICD10","","other_infections","Code/00_inputs/canonical_icd_codes.csv","Hospital diagnosis code included in canonical event definition."
"other_infections","B353","ICD10","","other_infections","Code/00_inputs/canonical_icd_codes.csv","Hospital diagnosis code included in canonical event definition."
"other_infections","B3530","ICD10","","other_infections","Code/00_inputs/canonical_icd_codes.csv","Hospital diagnosis code included in canonical event definition."
"other_infections","B354","ICD10","","other_infections","Code/00_inputs/canonical_icd_codes.csv","Hospital diagnosis code included in canonical event definition."
"other_infections","B3540","ICD10","","other_infections","Code/00_inputs/canonical_icd_codes.csv","Hospital diagnosis code included in canonical event definition."
"other_infections","B356","ICD10","","other_infections","Code/00_inputs/canonical_icd_codes.csv","Hospital diagnosis code included in canonical event definition."
"other_infections","B3560","ICD10","","other_infections","Code/00_inputs/canonical_icd_codes.csv","Hospital diagnosis code included in canonical event definition."
"other_infections","B358","ICD10","","other_infections","Code/00_inputs/canonical_icd_codes.csv","Hospital diagnosis code included in canonical event definition."
"other_infections","B3580","ICD10","","other_infections","Code/00_inputs/canonical_icd_codes.csv","Hospital diagnosis code included in canonical event definition."
"other_infections","B359","ICD10","","other_infections","Code/00_inputs/canonical_icd_codes.csv","Hospital diagnosis code included in canonical event definition."
"other_infections","B3590","ICD10","","other_infections","Code/00_inputs/canonical_icd_codes.csv","Hospital diagnosis code included in canonical event definition."
"other_infections","B360","ICD10","","other_infections","Code/00_inputs/canonical_icd_codes.csv","Hospital diagnosis code included in canonical event definition."
"other_infections","B3600","ICD10","","other_infections","Code/00_inputs/canonical_icd_codes.csv","Hospital diagnosis code included in canonical event definition."
"other_infections","B361","ICD10","","other_infections","Code/00_inputs/canonical_icd_codes.csv","Hospital diagnosis code included in canonical event definition."
"other_infections","B3610","ICD10","","other_infections","Code/00_inputs/canonical_icd_codes.csv","Hospital diagnosis code included in canonical event definition."
"other_infections","B362","ICD10","","other_infections","Code/00_inputs/canonical_icd_codes.csv","Hospital diagnosis code included in canonical event definition."
"other_infections","B3620","ICD10","","other_infections","Code/00_inputs/canonical_icd_codes.csv","Hospital diagnosis code included in canonical event definition."
"other_infections","B363","ICD10","","other_infections","Code/00_inputs/canonical_icd_codes.csv","Hospital diagnosis code included in canonical event definition."
"other_infections","B3630","ICD10","","other_infections","Code/00_inputs/canonical_icd_codes.csv","Hospital diagnosis code included in canonical event definition."
"other_infections","B368","ICD10","","other_infections","Code/00_inputs/canonical_icd_codes.csv","Hospital diagnosis code included in canonical event definition."
"other_infections","B3680","ICD10","","other_infections","Code/00_inputs/canonical_icd_codes.csv","Hospital diagnosis code included in canonical event definition."
"other_infections","B369","ICD10","","other_infections","Code/00_inputs/canonical_icd_codes.csv","Hospital diagnosis code included in canonical event definition."
"other_infections","B3690","ICD10","","other_infections","Code/00_inputs/canonical_icd_codes.csv","Hospital diagnosis code included in canonical event definition."
"other_infections","B370","ICD10","","other_infections","Code/00_inputs/canonical_icd_codes.csv","Hospital diagnosis code included in canonical event definition."
"other_infections","B3700","ICD10","","other_infections","Code/00_inputs/canonical_icd_codes.csv","Hospital diagnosis code included in canonical event definition."
"other_infections","B371","ICD10","","other_infections","Code/00_inputs/canonical_icd_codes.csv","Hospital diagnosis code included in canonical event definition."
"other_infections","B3710","ICD10","","other_infections","Code/00_inputs/canonical_icd_codes.csv","Hospital diagnosis code included in canonical event definition."
"other_infections","B372","ICD10","","other_infections","Code/00_inputs/canonical_icd_codes.csv","Hospital diagnosis code included in canonical event definition."
"other_infections","B3720","ICD10","","other_infections","Code/00_inputs/canonical_icd_codes.csv","Hospital diagnosis code included in canonical event definition."
"other_infections","B373","ICD10","","other_infections","Code/00_inputs/canonical_icd_codes.csv","Hospital diagnosis code included in canonical event definition."
"other_infections","B3730","ICD10","","other_infections","Code/00_inputs/canonical_icd_codes.csv","Hospital diagnosis code included in canonical event definition."
"other_infections","B374","ICD10","","other_infections","Code/00_inputs/canonical_icd_codes.csv","Hospital diagnosis code included in canonical event definition."
"other_infections","B3740","ICD10","","other_infections","Code/00_inputs/canonical_icd_codes.csv","Hospital diagnosis code included in canonical event definition."
"other_infections","B375","ICD10","","other_infections","Code/00_inputs/canonical_icd_codes.csv","Hospital diagnosis code included in canonical event definition."
"other_infections","B3750","ICD10","","other_infections","Code/00_inputs/canonical_icd_codes.csv","Hospital diagnosis code included in canonical event definition."
"other_infections","B376","ICD10","","other_infections","Code/00_inputs/canonical_icd_codes.csv","Hospital diagnosis code included in canonical event definition."
"other_infections","B3760","ICD10","","other_infections","Code/00_inputs/canonical_icd_codes.csv","Hospital diagnosis code included in canonical event definition."
"other_infections","B3781","ICD10","","other_infections","Code/00_inputs/canonical_icd_codes.csv","Hospital diagnosis code included in canonical event definition."
"other_infections","B3788","ICD10","","other_infections","Code/00_inputs/canonical_icd_codes.csv","Hospital diagnosis code included in canonical event definition."
"other_infections","B379","ICD10","","other_infections","Code/00_inputs/canonical_icd_codes.csv","Hospital diagnosis code included in canonical event definition."
"other_infections","B3790","ICD10","","other_infections","Code/00_inputs/canonical_icd_codes.csv","Hospital diagnosis code included in canonical event definition."
"other_infections","B380","ICD10","","other_infections","Code/00_inputs/canonical_icd_codes.csv","Hospital diagnosis code included in canonical event definition."
"other_infections","B3800","ICD10","","other_infections","Code/00_inputs/canonical_icd_codes.csv","Hospital diagnosis code included in canonical event definition."
"other_infections","B381","ICD10","","other_infections","Code/00_inputs/canonical_icd_codes.csv","Hospital diagnosis code included in canonical event definition."
"other_infections","B3810","ICD10","","other_infections","Code/00_inputs/canonical_icd_codes.csv","Hospital diagnosis code included in canonical event definition."
"other_infections","B382","ICD10","","other_infections","Code/00_inputs/canonical_icd_codes.csv","Hospital diagnosis code included in canonical event definition."
"other_infections","B3820","ICD10","","other_infections","Code/00_inputs/canonical_icd_codes.csv","Hospital diagnosis code included in canonical event definition."
"other_infections","B383","ICD10","","other_infections","Code/00_inputs/canonical_icd_codes.csv","Hospital diagnosis code included in canonical event definition."
"other_infections","B3830","ICD10","","other_infections","Code/00_inputs/canonical_icd_codes.csv","Hospital diagnosis code included in canonical event definition."
"other_infections","B384","ICD10","","other_infections","Code/00_inputs/canonical_icd_codes.csv","Hospital diagnosis code included in canonical event definition."
"other_infections","B3840","ICD10","","other_infections","Code/00_inputs/canonical_icd_codes.csv","Hospital diagnosis code included in canonical event definition."
"other_infections","B388","ICD10","","other_infections","Code/00_inputs/canonical_icd_codes.csv","Hospital diagnosis code included in canonical event definition."
"other_infections","B3880","ICD10","","other_infections","Code/00_inputs/canonical_icd_codes.csv","Hospital diagnosis code included in canonical event definition."
"other_infections","B389","ICD10","","other_infections","Code/00_inputs/canonical_icd_codes.csv","Hospital diagnosis code included in canonical event definition."
"other_infections","B3890","ICD10","","other_infections","Code/00_inputs/canonical_icd_codes.csv","Hospital diagnosis code included in canonical event definition."
"other_infections","B394","ICD10","","other_infections","Code/00_inputs/canonical_icd_codes.csv","Hospital diagnosis code included in canonical event definition."
"other_infections","B3940","ICD10","","other_infections","Code/00_inputs/canonical_icd_codes.csv","Hospital diagnosis code included in canonical event definition."
"other_infections","B395","ICD10","","other_infections","Code/00_inputs/canonical_icd_codes.csv","Hospital diagnosis code included in canonical event definition."
"other_infections","B3950","ICD10","","other_infections","Code/00_inputs/canonical_icd_codes.csv","Hospital diagnosis code included in canonical event definition."
"other_infections","B399","ICD10","","other_infections","Code/00_inputs/canonical_icd_codes.csv","Hospital diagnosis code included in canonical event definition."
"other_infections","B3990","ICD10","","other_infections","Code/00_inputs/canonical_icd_codes.csv","Hospital diagnosis code included in canonical event definition."
"other_infections","B409","ICD10","","other_infections","Code/00_inputs/canonical_icd_codes.csv","Hospital diagnosis code included in canonical event definition."
"other_infections","B4090","ICD10","","other_infections","Code/00_inputs/canonical_icd_codes.csv","Hospital diagnosis code included in canonical event definition."
"other_infections","B419","ICD10","","other_infections","Code/00_inputs/canonical_icd_codes.csv","Hospital diagnosis code included in canonical event definition."
"other_infections","B4190","ICD10","","other_infections","Code/00_inputs/canonical_icd_codes.csv","Hospital diagnosis code included in canonical event definition."
"other_infections","B420","ICD10","","other_infections","Code/00_inputs/canonical_icd_codes.csv","Hospital diagnosis code included in canonical event definition."
"other_infections","B4200","ICD10","","other_infections","Code/00_inputs/canonical_icd_codes.csv","Hospital diagnosis code included in canonical event definition."
"other_infections","B439","ICD10","","other_infections","Code/00_inputs/canonical_icd_codes.csv","Hospital diagnosis code included in canonical event definition."
"other_infections","B4390","ICD10","","other_infections","Code/00_inputs/canonical_icd_codes.csv","Hospital diagnosis code included in canonical event definition."
"other_infections","B449","ICD10","","other_infections","Code/00_inputs/canonical_icd_codes.csv","Hospital diagnosis code included in canonical event definition."
"other_infections","B4490","ICD10","","other_infections","Code/00_inputs/canonical_icd_codes.csv","Hospital diagnosis code included in canonical event definition."
"other_infections","B459","ICD10","","other_infections","Code/00_inputs/canonical_icd_codes.csv","Hospital diagnosis code included in canonical event definition."
"other_infections","B4590","ICD10","","other_infections","Code/00_inputs/canonical_icd_codes.csv","Hospital diagnosis code included in canonical event definition."
"other_infections","B469","ICD10","","other_infections","Code/00_inputs/canonical_icd_codes.csv","Hospital diagnosis code included in canonical event definition."
"other_infections","B4690","ICD10","","other_infections","Code/00_inputs/canonical_icd_codes.csv","Hospital diagnosis code included in canonical event definition."
"other_infections","B470","ICD10","","other_infections","Code/00_inputs/canonical_icd_codes.csv","Hospital diagnosis code included in canonical event definition."
"other_infections","B4700","ICD10","","other_infections","Code/00_inputs/canonical_icd_codes.csv","Hospital diagnosis code included in canonical event definition."
"other_infections","B480","ICD10","","other_infections","Code/00_inputs/canonical_icd_codes.csv","Hospital diagnosis code included in canonical event definition."
"other_infections","B4800","ICD10","","other_infections","Code/00_inputs/canonical_icd_codes.csv","Hospital diagnosis code included in canonical event definition."
"other_infections","B481","ICD10","","other_infections","Code/00_inputs/canonical_icd_codes.csv","Hospital diagnosis code included in canonical event definition."
"other_infections","B4810","ICD10","","other_infections","Code/00_inputs/canonical_icd_codes.csv","Hospital diagnosis code included in canonical event definition."
"other_infections","B482","ICD10","","other_infections","Code/00_inputs/canonical_icd_codes.csv","Hospital diagnosis code included in canonical event definition."
"other_infections","B4820","ICD10","","other_infections","Code/00_inputs/canonical_icd_codes.csv","Hospital diagnosis code included in canonical event definition."
"other_infections","B487","ICD10","","other_infections","Code/00_inputs/canonical_icd_codes.csv","Hospital diagnosis code included in canonical event definition."
"other_infections","B4870","ICD10","","other_infections","Code/00_inputs/canonical_icd_codes.csv","Hospital diagnosis code included in canonical event definition."
"other_infections","B488","ICD10","","other_infections","Code/00_inputs/canonical_icd_codes.csv","Hospital diagnosis code included in canonical event definition."
"other_infections","B4880","ICD10","","other_infections","Code/00_inputs/canonical_icd_codes.csv","Hospital diagnosis code included in canonical event definition."
"other_infections","B59","ICD10","","other_infections","Code/00_inputs/canonical_icd_codes.csv","Hospital diagnosis code included in canonical event definition."
"other_infections","B590","ICD10","","other_infections","Code/00_inputs/canonical_icd_codes.csv","Hospital diagnosis code included in canonical event definition."
"other_infections","B5900","ICD10","","other_infections","Code/00_inputs/canonical_icd_codes.csv","Hospital diagnosis code included in canonical event definition."
"other_infections","B600","ICD10","","other_infections","Code/00_inputs/canonical_icd_codes.csv","Hospital diagnosis code included in canonical event definition."
"other_infections","B6000","ICD10","","other_infections","Code/00_inputs/canonical_icd_codes.csv","Hospital diagnosis code included in canonical event definition."
"other_infections","B888","ICD10","","other_infections","Code/00_inputs/canonical_icd_codes.csv","Hospital diagnosis code included in canonical event definition."
"other_infections","B8880","ICD10","","other_infections","Code/00_inputs/canonical_icd_codes.csv","Hospital diagnosis code included in canonical event definition."
"other_infections","B89","ICD10","","other_infections","Code/00_inputs/canonical_icd_codes.csv","Hospital diagnosis code included in canonical event definition."
"other_infections","B890","ICD10","","other_infections","Code/00_inputs/canonical_icd_codes.csv","Hospital diagnosis code included in canonical event definition."
"other_infections","B8900","ICD10","","other_infections","Code/00_inputs/canonical_icd_codes.csv","Hospital diagnosis code included in canonical event definition."
"other_infections","B940","ICD10","","other_infections","Code/00_inputs/canonical_icd_codes.csv","Hospital diagnosis code included in canonical event definition."
"other_infections","B9400","ICD10","","other_infections","Code/00_inputs/canonical_icd_codes.csv","Hospital diagnosis code included in canonical event definition."
"other_infections","B941","ICD10","","other_infections","Code/00_inputs/canonical_icd_codes.csv","Hospital diagnosis code included in canonical event definition."
"other_infections","B9410","ICD10","","other_infections","Code/00_inputs/canonical_icd_codes.csv","Hospital diagnosis code included in canonical event definition."
"other_infections","B948","ICD10","","other_infections","Code/00_inputs/canonical_icd_codes.csv","Hospital diagnosis code included in canonical event definition."
"other_infections","B9480","ICD10","","other_infections","Code/00_inputs/canonical_icd_codes.csv","Hospital diagnosis code included in canonical event definition."
"other_infections","D869","ICD10","","other_infections","Code/00_inputs/canonical_icd_codes.csv","Hospital diagnosis code included in canonical event definition."
"other_infections","D8690","ICD10","","other_infections","Code/00_inputs/canonical_icd_codes.csv","Hospital diagnosis code included in canonical event definition."
"other_infections","E060","ICD10","","other_infections","Code/00_inputs/canonical_icd_codes.csv","Hospital diagnosis code included in canonical event definition."
"other_infections","E0600","ICD10","","other_infections","Code/00_inputs/canonical_icd_codes.csv","Hospital diagnosis code included in canonical event definition."
"other_infections","E061","ICD10","","other_infections","Code/00_inputs/canonical_icd_codes.csv","Hospital diagnosis code included in canonical event definition."
"other_infections","E0610","ICD10","","other_infections","Code/00_inputs/canonical_icd_codes.csv","Hospital diagnosis code included in canonical event definition."
"other_infections","E063","ICD10","","other_infections","Code/00_inputs/canonical_icd_codes.csv","Hospital diagnosis code included in canonical event definition."
"other_infections","E0630","ICD10","","other_infections","Code/00_inputs/canonical_icd_codes.csv","Hospital diagnosis code included in canonical event definition."
"other_infections","E064","ICD10","","other_infections","Code/00_inputs/canonical_icd_codes.csv","Hospital diagnosis code included in canonical event definition."
"other_infections","E0640","ICD10","","other_infections","Code/00_inputs/canonical_icd_codes.csv","Hospital diagnosis code included in canonical event definition."
"other_infections","E065","ICD10","","other_infections","Code/00_inputs/canonical_icd_codes.csv","Hospital diagnosis code included in canonical event definition."
"other_infections","E0650","ICD10","","other_infections","Code/00_inputs/canonical_icd_codes.csv","Hospital diagnosis code included in canonical event definition."
"other_infections","E069","ICD10","","other_infections","Code/00_inputs/canonical_icd_codes.csv","Hospital diagnosis code included in canonical event definition."
"other_infections","E0690","ICD10","","other_infections","Code/00_inputs/canonical_icd_codes.csv","Hospital diagnosis code included in canonical event definition."
"other_infections","G020","ICD10","","other_infections","Code/00_inputs/canonical_icd_codes.csv","Hospital diagnosis code included in canonical event definition."
"other_infections","G0200","ICD10","","other_infections","Code/00_inputs/canonical_icd_codes.csv","Hospital diagnosis code included in canonical event definition."
"other_infections","G021","ICD10","","other_infections","Code/00_inputs/canonical_icd_codes.csv","Hospital diagnosis code included in canonical event definition."
"other_infections","G0210","ICD10","","other_infections","Code/00_inputs/canonical_icd_codes.csv","Hospital diagnosis code included in canonical event definition."
"other_infections","G028","ICD10","","other_infections","Code/00_inputs/canonical_icd_codes.csv","Hospital diagnosis code included in canonical event definition."
"other_infections","G0280","ICD10","","other_infections","Code/00_inputs/canonical_icd_codes.csv","Hospital diagnosis code included in canonical event definition."
"other_infections","G030","ICD10","","other_infections","Code/00_inputs/canonical_icd_codes.csv","Hospital diagnosis code included in canonical event definition."
"other_infections","G0300","ICD10","","other_infections","Code/00_inputs/canonical_icd_codes.csv","Hospital diagnosis code included in canonical event definition."
"other_infections","G031","ICD10","","other_infections","Code/00_inputs/canonical_icd_codes.csv","Hospital diagnosis code included in canonical event definition."
"other_infections","G0310","ICD10","","other_infections","Code/00_inputs/canonical_icd_codes.csv","Hospital diagnosis code included in canonical event definition."
"other_infections","G039","ICD10","","other_infections","Code/00_inputs/canonical_icd_codes.csv","Hospital diagnosis code included in canonical event definition."
"other_infections","G0390","ICD10","","other_infections","Code/00_inputs/canonical_icd_codes.csv","Hospital diagnosis code included in canonical event definition."
"other_infections","G040","ICD10","","other_infections","Code/00_inputs/canonical_icd_codes.csv","Hospital diagnosis code included in canonical event definition."
"other_infections","G0400","ICD10","","other_infections","Code/00_inputs/canonical_icd_codes.csv","Hospital diagnosis code included in canonical event definition."
"other_infections","G048","ICD10","","other_infections","Code/00_inputs/canonical_icd_codes.csv","Hospital diagnosis code included in canonical event definition."
"other_infections","G0480","ICD10","","other_infections","Code/00_inputs/canonical_icd_codes.csv","Hospital diagnosis code included in canonical event definition."
"other_infections","G049","ICD10","","other_infections","Code/00_inputs/canonical_icd_codes.csv","Hospital diagnosis code included in canonical event definition."
"other_infections","G0490","ICD10","","other_infections","Code/00_inputs/canonical_icd_codes.csv","Hospital diagnosis code included in canonical event definition."
"other_infections","G051","ICD10","","other_infections","Code/00_inputs/canonical_icd_codes.csv","Hospital diagnosis code included in canonical event definition."
"other_infections","G0510","ICD10","","other_infections","Code/00_inputs/canonical_icd_codes.csv","Hospital diagnosis code included in canonical event definition."
"other_infections","G052","ICD10","","other_infections","Code/00_inputs/canonical_icd_codes.csv","Hospital diagnosis code included in canonical event definition."
"other_infections","G0520","ICD10","","other_infections","Code/00_inputs/canonical_icd_codes.csv","Hospital diagnosis code included in canonical event definition."
"other_infections","G92","ICD10","","other_infections","Code/00_inputs/canonical_icd_codes.csv","Hospital diagnosis code included in canonical event definition."
"other_infections","G920","ICD10","","other_infections","Code/00_inputs/canonical_icd_codes.csv","Hospital diagnosis code included in canonical event definition."
"other_infections","G9200","ICD10","","other_infections","Code/00_inputs/canonical_icd_codes.csv","Hospital diagnosis code included in canonical event definition."
"other_infections","H160","ICD10","","other_infections","Code/00_inputs/canonical_icd_codes.csv","Hospital diagnosis code included in canonical event definition."
"other_infections","H1600","ICD10","","other_infections","Code/00_inputs/canonical_icd_codes.csv","Hospital diagnosis code included in canonical event definition."
"other_infections","H161","ICD10","","other_infections","Code/00_inputs/canonical_icd_codes.csv","Hospital diagnosis code included in canonical event definition."
"other_infections","H1610","ICD10","","other_infections","Code/00_inputs/canonical_icd_codes.csv","Hospital diagnosis code included in canonical event definition."
"other_infections","H162","ICD10","","other_infections","Code/00_inputs/canonical_icd_codes.csv","Hospital diagnosis code included in canonical event definition."
"other_infections","H1620","ICD10","","other_infections","Code/00_inputs/canonical_icd_codes.csv","Hospital diagnosis code included in canonical event definition."
"other_infections","H163","ICD10","","other_infections","Code/00_inputs/canonical_icd_codes.csv","Hospital diagnosis code included in canonical event definition."
"other_infections","H1630","ICD10","","other_infections","Code/00_inputs/canonical_icd_codes.csv","Hospital diagnosis code included in canonical event definition."
"other_infections","H164","ICD10","","other_infections","Code/00_inputs/canonical_icd_codes.csv","Hospital diagnosis code included in canonical event definition."
"other_infections","H1640","ICD10","","other_infections","Code/00_inputs/canonical_icd_codes.csv","Hospital diagnosis code included in canonical event definition."
"other_infections","H168","ICD10","","other_infections","Code/00_inputs/canonical_icd_codes.csv","Hospital diagnosis code included in canonical event definition."
"other_infections","H1680","ICD10","","other_infections","Code/00_inputs/canonical_icd_codes.csv","Hospital diagnosis code included in canonical event definition."
"other_infections","H169","ICD10","","other_infections","Code/00_inputs/canonical_icd_codes.csv","Hospital diagnosis code included in canonical event definition."
"other_infections","H1690","ICD10","","other_infections","Code/00_inputs/canonical_icd_codes.csv","Hospital diagnosis code included in canonical event definition."
"other_infections","H170","ICD10","","other_infections","Code/00_inputs/canonical_icd_codes.csv","Hospital diagnosis code included in canonical event definition."
"other_infections","H1700","ICD10","","other_infections","Code/00_inputs/canonical_icd_codes.csv","Hospital diagnosis code included in canonical event definition."
"other_infections","H171","ICD10","","other_infections","Code/00_inputs/canonical_icd_codes.csv","Hospital diagnosis code included in canonical event definition."
"other_infections","H1710","ICD10","","other_infections","Code/00_inputs/canonical_icd_codes.csv","Hospital diagnosis code included in canonical event definition."
"other_infections","H178","ICD10","","other_infections","Code/00_inputs/canonical_icd_codes.csv","Hospital diagnosis code included in canonical event definition."
"other_infections","H1780","ICD10","","other_infections","Code/00_inputs/canonical_icd_codes.csv","Hospital diagnosis code included in canonical event definition."
"other_infections","H179","ICD10","","other_infections","Code/00_inputs/canonical_icd_codes.csv","Hospital diagnosis code included in canonical event definition."
"other_infections","H1790","ICD10","","other_infections","Code/00_inputs/canonical_icd_codes.csv","Hospital diagnosis code included in canonical event definition."
"other_infections","H180","ICD10","","other_infections","Code/00_inputs/canonical_icd_codes.csv","Hospital diagnosis code included in canonical event definition."
"other_infections","H1800","ICD10","","other_infections","Code/00_inputs/canonical_icd_codes.csv","Hospital diagnosis code included in canonical event definition."
"other_infections","H181","ICD10","","other_infections","Code/00_inputs/canonical_icd_codes.csv","Hospital diagnosis code included in canonical event definition."
"other_infections","H1810","ICD10","","other_infections","Code/00_inputs/canonical_icd_codes.csv","Hospital diagnosis code included in canonical event definition."
"other_infections","H182","ICD10","","other_infections","Code/00_inputs/canonical_icd_codes.csv","Hospital diagnosis code included in canonical event definition."
"other_infections","H1820","ICD10","","other_infections","Code/00_inputs/canonical_icd_codes.csv","Hospital diagnosis code included in canonical event definition."
"other_infections","H183","ICD10","","other_infections","Code/00_inputs/canonical_icd_codes.csv","Hospital diagnosis code included in canonical event definition."
"other_infections","H1830","ICD10","","other_infections","Code/00_inputs/canonical_icd_codes.csv","Hospital diagnosis code included in canonical event definition."
"other_infections","H184","ICD10","","other_infections","Code/00_inputs/canonical_icd_codes.csv","Hospital diagnosis code included in canonical event definition."
"other_infections","H1840","ICD10","","other_infections","Code/00_inputs/canonical_icd_codes.csv","Hospital diagnosis code included in canonical event definition."
"other_infections","H185","ICD10","","other_infections","Code/00_inputs/canonical_icd_codes.csv","Hospital diagnosis code included in canonical event definition."
"other_infections","H1850","ICD10","","other_infections","Code/00_inputs/canonical_icd_codes.csv","Hospital diagnosis code included in canonical event definition."
"other_infections","H186","ICD10","","other_infections","Code/00_inputs/canonical_icd_codes.csv","Hospital diagnosis code included in canonical event definition."
"other_infections","H1860","ICD10","","other_infections","Code/00_inputs/canonical_icd_codes.csv","Hospital diagnosis code included in canonical event definition."
"other_infections","H187","ICD10","","other_infections","Code/00_inputs/canonical_icd_codes.csv","Hospital diagnosis code included in canonical event definition."
"other_infections","H1870","ICD10","","other_infections","Code/00_inputs/canonical_icd_codes.csv","Hospital diagnosis code included in canonical event definition."
"other_infections","H188","ICD10","","other_infections","Code/00_inputs/canonical_icd_codes.csv","Hospital diagnosis code included in canonical event definition."
"other_infections","H1880","ICD10","","other_infections","Code/00_inputs/canonical_icd_codes.csv","Hospital diagnosis code included in canonical event definition."
"other_infections","H189","ICD10","","other_infections","Code/00_inputs/canonical_icd_codes.csv","Hospital diagnosis code included in canonical event definition."
"other_infections","H1890","ICD10","","other_infections","Code/00_inputs/canonical_icd_codes.csv","Hospital diagnosis code included in canonical event definition."
"other_infections","H192","ICD10","","other_infections","Code/00_inputs/canonical_icd_codes.csv","Hospital diagnosis code included in canonical event definition."
"other_infections","H1920","ICD10","","other_infections","Code/00_inputs/canonical_icd_codes.csv","Hospital diagnosis code included in canonical event definition."
"other_infections","H193","ICD10","","other_infections","Code/00_inputs/canonical_icd_codes.csv","Hospital diagnosis code included in canonical event definition."
"other_infections","H1930","ICD10","","other_infections","Code/00_inputs/canonical_icd_codes.csv","Hospital diagnosis code included in canonical event definition."
"other_infections","H300","ICD10","","other_infections","Code/00_inputs/canonical_icd_codes.csv","Hospital diagnosis code included in canonical event definition."
"other_infections","H3000","ICD10","","other_infections","Code/00_inputs/canonical_icd_codes.csv","Hospital diagnosis code included in canonical event definition."
"other_infections","H301","ICD10","","other_infections","Code/00_inputs/canonical_icd_codes.csv","Hospital diagnosis code included in canonical event definition."
"other_infections","H3010","ICD10","","other_infections","Code/00_inputs/canonical_icd_codes.csv","Hospital diagnosis code included in canonical event definition."
"other_infections","H302","ICD10","","other_infections","Code/00_inputs/canonical_icd_codes.csv","Hospital diagnosis code included in canonical event definition."
"other_infections","H3020","ICD10","","other_infections","Code/00_inputs/canonical_icd_codes.csv","Hospital diagnosis code included in canonical event definition."
"other_infections","H308","ICD10","","other_infections","Code/00_inputs/canonical_icd_codes.csv","Hospital diagnosis code included in canonical event definition."
"other_infections","H3080","ICD10","","other_infections","Code/00_inputs/canonical_icd_codes.csv","Hospital diagnosis code included in canonical event definition."
"other_infections","H309","ICD10","","other_infections","Code/00_inputs/canonical_icd_codes.csv","Hospital diagnosis code included in canonical event definition."
"other_infections","H3090","ICD10","","other_infections","Code/00_inputs/canonical_icd_codes.csv","Hospital diagnosis code included in canonical event definition."
"other_infections","H310","ICD10","","other_infections","Code/00_inputs/canonical_icd_codes.csv","Hospital diagnosis code included in canonical event definition."
"other_infections","H3100","ICD10","","other_infections","Code/00_inputs/canonical_icd_codes.csv","Hospital diagnosis code included in canonical event definition."
"other_infections","H311","ICD10","","other_infections","Code/00_inputs/canonical_icd_codes.csv","Hospital diagnosis code included in canonical event definition."
"other_infections","H3110","ICD10","","other_infections","Code/00_inputs/canonical_icd_codes.csv","Hospital diagnosis code included in canonical event definition."
"other_infections","H312","ICD10","","other_infections","Code/00_inputs/canonical_icd_codes.csv","Hospital diagnosis code included in canonical event definition."
"other_infections","H3120","ICD10","","other_infections","Code/00_inputs/canonical_icd_codes.csv","Hospital diagnosis code included in canonical event definition."
"other_infections","H313","ICD10","","other_infections","Code/00_inputs/canonical_icd_codes.csv","Hospital diagnosis code included in canonical event definition."
"other_infections","H3130","ICD10","","other_infections","Code/00_inputs/canonical_icd_codes.csv","Hospital diagnosis code included in canonical event definition."
"other_infections","H314","ICD10","","other_infections","Code/00_inputs/canonical_icd_codes.csv","Hospital diagnosis code included in canonical event definition."
"other_infections","H3140","ICD10","","other_infections","Code/00_inputs/canonical_icd_codes.csv","Hospital diagnosis code included in canonical event definition."
"other_infections","H318","ICD10","","other_infections","Code/00_inputs/canonical_icd_codes.csv","Hospital diagnosis code included in canonical event definition."
"other_infections","H3180","ICD10","","other_infections","Code/00_inputs/canonical_icd_codes.csv","Hospital diagnosis code included in canonical event definition."
"other_infections","H319","ICD10","","other_infections","Code/00_inputs/canonical_icd_codes.csv","Hospital diagnosis code included in canonical event definition."
"other_infections","H3190","ICD10","","other_infections","Code/00_inputs/canonical_icd_codes.csv","Hospital diagnosis code included in canonical event definition."
"other_infections","H353","ICD10","","other_infections","Code/00_inputs/canonical_icd_codes.csv","Hospital diagnosis code included in canonical event definition."
"other_infections","H3530","ICD10","","other_infections","Code/00_inputs/canonical_icd_codes.csv","Hospital diagnosis code included in canonical event definition."
"other_infections","H368","ICD10","","other_infections","Code/00_inputs/canonical_icd_codes.csv","Hospital diagnosis code included in canonical event definition."
"other_infections","H3680","ICD10","","other_infections","Code/00_inputs/canonical_icd_codes.csv","Hospital diagnosis code included in canonical event definition."
"other_infections","H609","ICD10","","other_infections","Code/00_inputs/canonical_icd_codes.csv","Hospital diagnosis code included in canonical event definition."
"other_infections","H6090","ICD10","","other_infections","Code/00_inputs/canonical_icd_codes.csv","Hospital diagnosis code included in canonical event definition."
"other_infections","H650","ICD10","","other_infections","Code/00_inputs/canonical_icd_codes.csv","Hospital diagnosis code included in canonical event definition."
"other_infections","H6500","ICD10","","other_infections","Code/00_inputs/canonical_icd_codes.csv","Hospital diagnosis code included in canonical event definition."
"other_infections","H651","ICD10","","other_infections","Code/00_inputs/canonical_icd_codes.csv","Hospital diagnosis code included in canonical event definition."
"other_infections","H6510","ICD10","","other_infections","Code/00_inputs/canonical_icd_codes.csv","Hospital diagnosis code included in canonical event definition."
"other_infections","H652","ICD10","","other_infections","Code/00_inputs/canonical_icd_codes.csv","Hospital diagnosis code included in canonical event definition."
"other_infections","H6520","ICD10","","other_infections","Code/00_inputs/canonical_icd_codes.csv","Hospital diagnosis code included in canonical event definition."
"other_infections","H653","ICD10","","other_infections","Code/00_inputs/canonical_icd_codes.csv","Hospital diagnosis code included in canonical event definition."
"other_infections","H6530","ICD10","","other_infections","Code/00_inputs/canonical_icd_codes.csv","Hospital diagnosis code included in canonical event definition."
"other_infections","H654","ICD10","","other_infections","Code/00_inputs/canonical_icd_codes.csv","Hospital diagnosis code included in canonical event definition."
"other_infections","H6540","ICD10","","other_infections","Code/00_inputs/canonical_icd_codes.csv","Hospital diagnosis code included in canonical event definition."
"other_infections","H659","ICD10","","other_infections","Code/00_inputs/canonical_icd_codes.csv","Hospital diagnosis code included in canonical event definition."
"other_infections","H6590","ICD10","","other_infections","Code/00_inputs/canonical_icd_codes.csv","Hospital diagnosis code included in canonical event definition."
"other_infections","H660","ICD10","","other_infections","Code/00_inputs/canonical_icd_codes.csv","Hospital diagnosis code included in canonical event definition."
"other_infections","H6600","ICD10","","other_infections","Code/00_inputs/canonical_icd_codes.csv","Hospital diagnosis code included in canonical event definition."
"other_infections","H661","ICD10","","other_infections","Code/00_inputs/canonical_icd_codes.csv","Hospital diagnosis code included in canonical event definition."
"other_infections","H6610","ICD10","","other_infections","Code/00_inputs/canonical_icd_codes.csv","Hospital diagnosis code included in canonical event definition."
"other_infections","H662","ICD10","","other_infections","Code/00_inputs/canonical_icd_codes.csv","Hospital diagnosis code included in canonical event definition."
"other_infections","H6620","ICD10","","other_infections","Code/00_inputs/canonical_icd_codes.csv","Hospital diagnosis code included in canonical event definition."
"other_infections","H663","ICD10","","other_infections","Code/00_inputs/canonical_icd_codes.csv","Hospital diagnosis code included in canonical event definition."
"other_infections","H6630","ICD10","","other_infections","Code/00_inputs/canonical_icd_codes.csv","Hospital diagnosis code included in canonical event definition."
"other_infections","H664","ICD10","","other_infections","Code/00_inputs/canonical_icd_codes.csv","Hospital diagnosis code included in canonical event definition."
"other_infections","H6640","ICD10","","other_infections","Code/00_inputs/canonical_icd_codes.csv","Hospital diagnosis code included in canonical event definition."
"other_infections","H669","ICD10","","other_infections","Code/00_inputs/canonical_icd_codes.csv","Hospital diagnosis code included in canonical event definition."
"other_infections","H6690","ICD10","","other_infections","Code/00_inputs/canonical_icd_codes.csv","Hospital diagnosis code included in canonical event definition."
"other_infections","H678","ICD10","","other_infections","Code/00_inputs/canonical_icd_codes.csv","Hospital diagnosis code included in canonical event definition."
"other_infections","H6780","ICD10","","other_infections","Code/00_inputs/canonical_icd_codes.csv","Hospital diagnosis code included in canonical event definition."
"other_infections","H680","ICD10","","other_infections","Code/00_inputs/canonical_icd_codes.csv","Hospital diagnosis code included in canonical event definition."
"other_infections","H6800","ICD10","","other_infections","Code/00_inputs/canonical_icd_codes.csv","Hospital diagnosis code included in canonical event definition."
"other_infections","H681","ICD10","","other_infections","Code/00_inputs/canonical_icd_codes.csv","Hospital diagnosis code included in canonical event definition."
"other_infections","H6810","ICD10","","other_infections","Code/00_inputs/canonical_icd_codes.csv","Hospital diagnosis code included in canonical event definition."
"other_infections","H690","ICD10","","other_infections","Code/00_inputs/canonical_icd_codes.csv","Hospital diagnosis code included in canonical event definition."
"other_infections","H6900","ICD10","","other_infections","Code/00_inputs/canonical_icd_codes.csv","Hospital diagnosis code included in canonical event definition."
"other_infections","H698","ICD10","","other_infections","Code/00_inputs/canonical_icd_codes.csv","Hospital diagnosis code included in canonical event definition."
"other_infections","H6980","ICD10","","other_infections","Code/00_inputs/canonical_icd_codes.csv","Hospital diagnosis code included in canonical event definition."
"other_infections","H699","ICD10","","other_infections","Code/00_inputs/canonical_icd_codes.csv","Hospital diagnosis code included in canonical event definition."
"other_infections","H6990","ICD10","","other_infections","Code/00_inputs/canonical_icd_codes.csv","Hospital diagnosis code included in canonical event definition."
"other_infections","I300","ICD10","","other_infections","Code/00_inputs/canonical_icd_codes.csv","Hospital diagnosis code included in canonical event definition."
"other_infections","I3000","ICD10","","other_infections","Code/00_inputs/canonical_icd_codes.csv","Hospital diagnosis code included in canonical event definition."
"other_infections","I308","ICD10","","other_infections","Code/00_inputs/canonical_icd_codes.csv","Hospital diagnosis code included in canonical event definition."
"other_infections","I3080","ICD10","","other_infections","Code/00_inputs/canonical_icd_codes.csv","Hospital diagnosis code included in canonical event definition."
"other_infections","I309","ICD10","","other_infections","Code/00_inputs/canonical_icd_codes.csv","Hospital diagnosis code included in canonical event definition."
"other_infections","I3090","ICD10","","other_infections","Code/00_inputs/canonical_icd_codes.csv","Hospital diagnosis code included in canonical event definition."
"other_infections","I321","ICD10","","other_infections","Code/00_inputs/canonical_icd_codes.csv","Hospital diagnosis code included in canonical event definition."
"other_infections","I3210","ICD10","","other_infections","Code/00_inputs/canonical_icd_codes.csv","Hospital diagnosis code included in canonical event definition."
"other_infections","I328","ICD10","","other_infections","Code/00_inputs/canonical_icd_codes.csv","Hospital diagnosis code included in canonical event definition."
"other_infections","I3280","ICD10","","other_infections","Code/00_inputs/canonical_icd_codes.csv","Hospital diagnosis code included in canonical event definition."
"other_infections","I330","ICD10","","other_infections","Code/00_inputs/canonical_icd_codes.csv","Hospital diagnosis code included in canonical event definition."
"other_infections","I3300","ICD10","","other_infections","Code/00_inputs/canonical_icd_codes.csv","Hospital diagnosis code included in canonical event definition."
"other_infections","I339","ICD10","","other_infections","Code/00_inputs/canonical_icd_codes.csv","Hospital diagnosis code included in canonical event definition."
"other_infections","I3390","ICD10","","other_infections","Code/00_inputs/canonical_icd_codes.csv","Hospital diagnosis code included in canonical event definition."
"other_infections","I398","ICD10","","other_infections","Code/00_inputs/canonical_icd_codes.csv","Hospital diagnosis code included in canonical event definition."
"other_infections","I3980","ICD10","","other_infections","Code/00_inputs/canonical_icd_codes.csv","Hospital diagnosis code included in canonical event definition."
"other_infections","I400","ICD10","","other_infections","Code/00_inputs/canonical_icd_codes.csv","Hospital diagnosis code included in canonical event definition."
"other_infections","I4000","ICD10","","other_infections","Code/00_inputs/canonical_icd_codes.csv","Hospital diagnosis code included in canonical event definition."
"other_infections","I401","ICD10","","other_infections","Code/00_inputs/canonical_icd_codes.csv","Hospital diagnosis code included in canonical event definition."
"other_infections","I4010","ICD10","","other_infections","Code/00_inputs/canonical_icd_codes.csv","Hospital diagnosis code included in canonical event definition."
"other_infections","I408","ICD10","","other_infections","Code/00_inputs/canonical_icd_codes.csv","Hospital diagnosis code included in canonical event definition."
"other_infections","I4080","ICD10","","other_infections","Code/00_inputs/canonical_icd_codes.csv","Hospital diagnosis code included in canonical event definition."
"other_infections","I409","ICD10","","other_infections","Code/00_inputs/canonical_icd_codes.csv","Hospital diagnosis code included in canonical event definition."
"other_infections","I4090","ICD10","","other_infections","Code/00_inputs/canonical_icd_codes.csv","Hospital diagnosis code included in canonical event definition."
"other_infections","I418","ICD10","","other_infections","Code/00_inputs/canonical_icd_codes.csv","Hospital diagnosis code included in canonical event definition."
"other_infections","I4180","ICD10","","other_infections","Code/00_inputs/canonical_icd_codes.csv","Hospital diagnosis code included in canonical event definition."
"other_infections","J010","ICD10","","other_infections","Code/00_inputs/canonical_icd_codes.csv","Hospital diagnosis code included in canonical event definition."
"other_infections","J0100","ICD10","","other_infections","Code/00_inputs/canonical_icd_codes.csv","Hospital diagnosis code included in canonical event definition."
"other_infections","J011","ICD10","","other_infections","Code/00_inputs/canonical_icd_codes.csv","Hospital diagnosis code included in canonical event definition."
"other_infections","J0110","ICD10","","other_infections","Code/00_inputs/canonical_icd_codes.csv","Hospital diagnosis code included in canonical event definition."
"other_infections","J012","ICD10","","other_infections","Code/00_inputs/canonical_icd_codes.csv","Hospital diagnosis code included in canonical event definition."
"other_infections","J0120","ICD10","","other_infections","Code/00_inputs/canonical_icd_codes.csv","Hospital diagnosis code included in canonical event definition."
"other_infections","J013","ICD10","","other_infections","Code/00_inputs/canonical_icd_codes.csv","Hospital diagnosis code included in canonical event definition."
"other_infections","J0130","ICD10","","other_infections","Code/00_inputs/canonical_icd_codes.csv","Hospital diagnosis code included in canonical event definition."
"other_infections","J018","ICD10","","other_infections","Code/00_inputs/canonical_icd_codes.csv","Hospital diagnosis code included in canonical event definition."
"other_infections","J0180","ICD10","","other_infections","Code/00_inputs/canonical_icd_codes.csv","Hospital diagnosis code included in canonical event definition."
"other_infections","J019","ICD10","","other_infections","Code/00_inputs/canonical_icd_codes.csv","Hospital diagnosis code included in canonical event definition."
"other_infections","J0190","ICD10","","other_infections","Code/00_inputs/canonical_icd_codes.csv","Hospital diagnosis code included in canonical event definition."
"other_infections","J029","ICD10","","other_infections","Code/00_inputs/canonical_icd_codes.csv","Hospital diagnosis code included in canonical event definition."
"other_infections","J0290","ICD10","","other_infections","Code/00_inputs/canonical_icd_codes.csv","Hospital diagnosis code included in canonical event definition."
"other_infections","J039","ICD10","","other_infections","Code/00_inputs/canonical_icd_codes.csv","Hospital diagnosis code included in canonical event definition."
"other_infections","J0390","ICD10","","other_infections","Code/00_inputs/canonical_icd_codes.csv","Hospital diagnosis code included in canonical event definition."
"other_infections","J040","ICD10","","other_infections","Code/00_inputs/canonical_icd_codes.csv","Hospital diagnosis code included in canonical event definition."
"other_infections","J0400","ICD10","","other_infections","Code/00_inputs/canonical_icd_codes.csv","Hospital diagnosis code included in canonical event definition."
"other_infections","J041","ICD10","","other_infections","Code/00_inputs/canonical_icd_codes.csv","Hospital diagnosis code included in canonical event definition."
"other_infections","J0410","ICD10","","other_infections","Code/00_inputs/canonical_icd_codes.csv","Hospital diagnosis code included in canonical event definition."
"other_infections","J042","ICD10","","other_infections","Code/00_inputs/canonical_icd_codes.csv","Hospital diagnosis code included in canonical event definition."
"other_infections","J0420","ICD10","","other_infections","Code/00_inputs/canonical_icd_codes.csv","Hospital diagnosis code included in canonical event definition."
"other_infections","J051","ICD10","","other_infections","Code/00_inputs/canonical_icd_codes.csv","Hospital diagnosis code included in canonical event definition."
"other_infections","J0510","ICD10","","other_infections","Code/00_inputs/canonical_icd_codes.csv","Hospital diagnosis code included in canonical event definition."
"other_infections","J060","ICD10","","other_infections","Code/00_inputs/canonical_icd_codes.csv","Hospital diagnosis code included in canonical event definition."
"other_infections","J0600","ICD10","","other_infections","Code/00_inputs/canonical_icd_codes.csv","Hospital diagnosis code included in canonical event definition."
"other_infections","J068","ICD10","","other_infections","Code/00_inputs/canonical_icd_codes.csv","Hospital diagnosis code included in canonical event definition."
"other_infections","J0680","ICD10","","other_infections","Code/00_inputs/canonical_icd_codes.csv","Hospital diagnosis code included in canonical event definition."
"other_infections","J069","ICD10","","other_infections","Code/00_inputs/canonical_icd_codes.csv","Hospital diagnosis code included in canonical event definition."
"other_infections","J0690","ICD10","","other_infections","Code/00_inputs/canonical_icd_codes.csv","Hospital diagnosis code included in canonical event definition."
"other_infections","J157","ICD10","","other_infections","Code/00_inputs/canonical_icd_codes.csv","Hospital diagnosis code included in canonical event definition."
"other_infections","J1570","ICD10","","other_infections","Code/00_inputs/canonical_icd_codes.csv","Hospital diagnosis code included in canonical event definition."
"other_infections","J168","ICD10","","other_infections","Code/00_inputs/canonical_icd_codes.csv","Hospital diagnosis code included in canonical event definition."
"other_infections","J1680","ICD10","","other_infections","Code/00_inputs/canonical_icd_codes.csv","Hospital diagnosis code included in canonical event definition."
"other_infections","J170","ICD10","","other_infections","Code/00_inputs/canonical_icd_codes.csv","Hospital diagnosis code included in canonical event definition."
"other_infections","J1700","ICD10","","other_infections","Code/00_inputs/canonical_icd_codes.csv","Hospital diagnosis code included in canonical event definition."
"other_infections","J171","ICD10","","other_infections","Code/00_inputs/canonical_icd_codes.csv","Hospital diagnosis code included in canonical event definition."
"other_infections","J1710","ICD10","","other_infections","Code/00_inputs/canonical_icd_codes.csv","Hospital diagnosis code included in canonical event definition."
"other_infections","J172","ICD10","","other_infections","Code/00_inputs/canonical_icd_codes.csv","Hospital diagnosis code included in canonical event definition."
"other_infections","J1720","ICD10","","other_infections","Code/00_inputs/canonical_icd_codes.csv","Hospital diagnosis code included in canonical event definition."
"other_infections","J178","ICD10","","other_infections","Code/00_inputs/canonical_icd_codes.csv","Hospital diagnosis code included in canonical event definition."
"other_infections","J1780","ICD10","","other_infections","Code/00_inputs/canonical_icd_codes.csv","Hospital diagnosis code included in canonical event definition."
"other_infections","J180","ICD10","","other_infections","Code/00_inputs/canonical_icd_codes.csv","Hospital diagnosis code included in canonical event definition."
"other_infections","J1800","ICD10","","other_infections","Code/00_inputs/canonical_icd_codes.csv","Hospital diagnosis code included in canonical event definition."
"other_infections","J188","ICD10","","other_infections","Code/00_inputs/canonical_icd_codes.csv","Hospital diagnosis code included in canonical event definition."
"other_infections","J1880","ICD10","","other_infections","Code/00_inputs/canonical_icd_codes.csv","Hospital diagnosis code included in canonical event definition."
"other_infections","J209","ICD10","","other_infections","Code/00_inputs/canonical_icd_codes.csv","Hospital diagnosis code included in canonical event definition."
"other_infections","J2090","ICD10","","other_infections","Code/00_inputs/canonical_icd_codes.csv","Hospital diagnosis code included in canonical event definition."
"other_infections","J219","ICD10","","other_infections","Code/00_inputs/canonical_icd_codes.csv","Hospital diagnosis code included in canonical event definition."
"other_infections","J2190","ICD10","","other_infections","Code/00_inputs/canonical_icd_codes.csv","Hospital diagnosis code included in canonical event definition."
"other_infections","J310","ICD10","","other_infections","Code/00_inputs/canonical_icd_codes.csv","Hospital diagnosis code included in canonical event definition."
"other_infections","J3100","ICD10","","other_infections","Code/00_inputs/canonical_icd_codes.csv","Hospital diagnosis code included in canonical event definition."
"other_infections","J311","ICD10","","other_infections","Code/00_inputs/canonical_icd_codes.csv","Hospital diagnosis code included in canonical event definition."
"other_infections","J3110","ICD10","","other_infections","Code/00_inputs/canonical_icd_codes.csv","Hospital diagnosis code included in canonical event definition."
"other_infections","J312","ICD10","","other_infections","Code/00_inputs/canonical_icd_codes.csv","Hospital diagnosis code included in canonical event definition."
"other_infections","J3120","ICD10","","other_infections","Code/00_inputs/canonical_icd_codes.csv","Hospital diagnosis code included in canonical event definition."
"other_infections","J320","ICD10","","other_infections","Code/00_inputs/canonical_icd_codes.csv","Hospital diagnosis code included in canonical event definition."
"other_infections","J3200","ICD10","","other_infections","Code/00_inputs/canonical_icd_codes.csv","Hospital diagnosis code included in canonical event definition."
"other_infections","J321","ICD10","","other_infections","Code/00_inputs/canonical_icd_codes.csv","Hospital diagnosis code included in canonical event definition."
"other_infections","J3210","ICD10","","other_infections","Code/00_inputs/canonical_icd_codes.csv","Hospital diagnosis code included in canonical event definition."
"other_infections","J322","ICD10","","other_infections","Code/00_inputs/canonical_icd_codes.csv","Hospital diagnosis code included in canonical event definition."
"other_infections","J3220","ICD10","","other_infections","Code/00_inputs/canonical_icd_codes.csv","Hospital diagnosis code included in canonical event definition."
"other_infections","J323","ICD10","","other_infections","Code/00_inputs/canonical_icd_codes.csv","Hospital diagnosis code included in canonical event definition."
"other_infections","J3230","ICD10","","other_infections","Code/00_inputs/canonical_icd_codes.csv","Hospital diagnosis code included in canonical event definition."
"other_infections","J328","ICD10","","other_infections","Code/00_inputs/canonical_icd_codes.csv","Hospital diagnosis code included in canonical event definition."
"other_infections","J3280","ICD10","","other_infections","Code/00_inputs/canonical_icd_codes.csv","Hospital diagnosis code included in canonical event definition."
"other_infections","J329","ICD10","","other_infections","Code/00_inputs/canonical_icd_codes.csv","Hospital diagnosis code included in canonical event definition."
"other_infections","J3290","ICD10","","other_infections","Code/00_inputs/canonical_icd_codes.csv","Hospital diagnosis code included in canonical event definition."
"other_infections","J330","ICD10","","other_infections","Code/00_inputs/canonical_icd_codes.csv","Hospital diagnosis code included in canonical event definition."
"other_infections","J3300","ICD10","","other_infections","Code/00_inputs/canonical_icd_codes.csv","Hospital diagnosis code included in canonical event definition."
"other_infections","J331","ICD10","","other_infections","Code/00_inputs/canonical_icd_codes.csv","Hospital diagnosis code included in canonical event definition."
"other_infections","J3310","ICD10","","other_infections","Code/00_inputs/canonical_icd_codes.csv","Hospital diagnosis code included in canonical event definition."
"other_infections","J338","ICD10","","other_infections","Code/00_inputs/canonical_icd_codes.csv","Hospital diagnosis code included in canonical event definition."
"other_infections","J3380","ICD10","","other_infections","Code/00_inputs/canonical_icd_codes.csv","Hospital diagnosis code included in canonical event definition."
"other_infections","J339","ICD10","","other_infections","Code/00_inputs/canonical_icd_codes.csv","Hospital diagnosis code included in canonical event definition."
"other_infections","J3390","ICD10","","other_infections","Code/00_inputs/canonical_icd_codes.csv","Hospital diagnosis code included in canonical event definition."
"other_infections","J350","ICD10","","other_infections","Code/00_inputs/canonical_icd_codes.csv","Hospital diagnosis code included in canonical event definition."
"other_infections","J3500","ICD10","","other_infections","Code/00_inputs/canonical_icd_codes.csv","Hospital diagnosis code included in canonical event definition."
"other_infections","J351","ICD10","","other_infections","Code/00_inputs/canonical_icd_codes.csv","Hospital diagnosis code included in canonical event definition."
"other_infections","J3510","ICD10","","other_infections","Code/00_inputs/canonical_icd_codes.csv","Hospital diagnosis code included in canonical event definition."
"other_infections","J352","ICD10","","other_infections","Code/00_inputs/canonical_icd_codes.csv","Hospital diagnosis code included in canonical event definition."
"other_infections","J3520","ICD10","","other_infections","Code/00_inputs/canonical_icd_codes.csv","Hospital diagnosis code included in canonical event definition."
"other_infections","J353","ICD10","","other_infections","Code/00_inputs/canonical_icd_codes.csv","Hospital diagnosis code included in canonical event definition."
"other_infections","J3530","ICD10","","other_infections","Code/00_inputs/canonical_icd_codes.csv","Hospital diagnosis code included in canonical event definition."
"other_infections","J358","ICD10","","other_infections","Code/00_inputs/canonical_icd_codes.csv","Hospital diagnosis code included in canonical event definition."
"other_infections","J3580","ICD10","","other_infections","Code/00_inputs/canonical_icd_codes.csv","Hospital diagnosis code included in canonical event definition."
"other_infections","J359","ICD10","","other_infections","Code/00_inputs/canonical_icd_codes.csv","Hospital diagnosis code included in canonical event definition."
"other_infections","J3590","ICD10","","other_infections","Code/00_inputs/canonical_icd_codes.csv","Hospital diagnosis code included in canonical event definition."
"other_infections","J370","ICD10","","other_infections","Code/00_inputs/canonical_icd_codes.csv","Hospital diagnosis code included in canonical event definition."
"other_infections","J3700","ICD10","","other_infections","Code/00_inputs/canonical_icd_codes.csv","Hospital diagnosis code included in canonical event definition."
"other_infections","J371","ICD10","","other_infections","Code/00_inputs/canonical_icd_codes.csv","Hospital diagnosis code included in canonical event definition."
"other_infections","J3710","ICD10","","other_infections","Code/00_inputs/canonical_icd_codes.csv","Hospital diagnosis code included in canonical event definition."
"other_infections","J40","ICD10","","other_infections","Code/00_inputs/canonical_icd_codes.csv","Hospital diagnosis code included in canonical event definition."
"other_infections","J400","ICD10","","other_infections","Code/00_inputs/canonical_icd_codes.csv","Hospital diagnosis code included in canonical event definition."
"other_infections","J4000","ICD10","","other_infections","Code/00_inputs/canonical_icd_codes.csv","Hospital diagnosis code included in canonical event definition."
"other_infections","J410","ICD10","","other_infections","Code/00_inputs/canonical_icd_codes.csv","Hospital diagnosis code included in canonical event definition."
"other_infections","J4100","ICD10","","other_infections","Code/00_inputs/canonical_icd_codes.csv","Hospital diagnosis code included in canonical event definition."
"other_infections","J411","ICD10","","other_infections","Code/00_inputs/canonical_icd_codes.csv","Hospital diagnosis code included in canonical event definition."
"other_infections","J4110","ICD10","","other_infections","Code/00_inputs/canonical_icd_codes.csv","Hospital diagnosis code included in canonical event definition."
"other_infections","J42","ICD10","","other_infections","Code/00_inputs/canonical_icd_codes.csv","Hospital diagnosis code included in canonical event definition."
"other_infections","J420","ICD10","","other_infections","Code/00_inputs/canonical_icd_codes.csv","Hospital diagnosis code included in canonical event definition."
"other_infections","J4200","ICD10","","other_infections","Code/00_inputs/canonical_icd_codes.csv","Hospital diagnosis code included in canonical event definition."
"other_infections","J441","ICD10","","other_infections","Code/00_inputs/canonical_icd_codes.csv","Hospital diagnosis code included in canonical event definition."
"other_infections","J4410","ICD10","","other_infections","Code/00_inputs/canonical_icd_codes.csv","Hospital diagnosis code included in canonical event definition."
"other_infections","J448","ICD10","","other_infections","Code/00_inputs/canonical_icd_codes.csv","Hospital diagnosis code included in canonical event definition."
"other_infections","J4480","ICD10","","other_infections","Code/00_inputs/canonical_icd_codes.csv","Hospital diagnosis code included in canonical event definition."
"other_infections","J47","ICD10","","other_infections","Code/00_inputs/canonical_icd_codes.csv","Hospital diagnosis code included in canonical event definition."
"other_infections","J470","ICD10","","other_infections","Code/00_inputs/canonical_icd_codes.csv","Hospital diagnosis code included in canonical event definition."
"other_infections","J4700","ICD10","","other_infections","Code/00_inputs/canonical_icd_codes.csv","Hospital diagnosis code included in canonical event definition."
"other_infections","J860","ICD10","","other_infections","Code/00_inputs/canonical_icd_codes.csv","Hospital diagnosis code included in canonical event definition."
"other_infections","J8600","ICD10","","other_infections","Code/00_inputs/canonical_icd_codes.csv","Hospital diagnosis code included in canonical event definition."
"other_infections","J869","ICD10","","other_infections","Code/00_inputs/canonical_icd_codes.csv","Hospital diagnosis code included in canonical event definition."
"other_infections","J8690","ICD10","","other_infections","Code/00_inputs/canonical_icd_codes.csv","Hospital diagnosis code included in canonical event definition."
"other_infections","J90","ICD10","","other_infections","Code/00_inputs/canonical_icd_codes.csv","Hospital diagnosis code included in canonical event definition."
"other_infections","J900","ICD10","","other_infections","Code/00_inputs/canonical_icd_codes.csv","Hospital diagnosis code included in canonical event definition."
"other_infections","J9000","ICD10","","other_infections","Code/00_inputs/canonical_icd_codes.csv","Hospital diagnosis code included in canonical event definition."
"other_infections","J998","ICD10","","other_infections","Code/00_inputs/canonical_icd_codes.csv","Hospital diagnosis code included in canonical event definition."
"other_infections","J9980","ICD10","","other_infections","Code/00_inputs/canonical_icd_codes.csv","Hospital diagnosis code included in canonical event definition."
"other_infections","K250","ICD10","","other_infections","Code/00_inputs/canonical_icd_codes.csv","Hospital diagnosis code included in canonical event definition."
"other_infections","K2500","ICD10","","other_infections","Code/00_inputs/canonical_icd_codes.csv","Hospital diagnosis code included in canonical event definition."
"other_infections","K251","ICD10","","other_infections","Code/00_inputs/canonical_icd_codes.csv","Hospital diagnosis code included in canonical event definition."
"other_infections","K2510","ICD10","","other_infections","Code/00_inputs/canonical_icd_codes.csv","Hospital diagnosis code included in canonical event definition."
"other_infections","K252","ICD10","","other_infections","Code/00_inputs/canonical_icd_codes.csv","Hospital diagnosis code included in canonical event definition."
"other_infections","K2520","ICD10","","other_infections","Code/00_inputs/canonical_icd_codes.csv","Hospital diagnosis code included in canonical event definition."
"other_infections","K253","ICD10","","other_infections","Code/00_inputs/canonical_icd_codes.csv","Hospital diagnosis code included in canonical event definition."
"other_infections","K2530","ICD10","","other_infections","Code/00_inputs/canonical_icd_codes.csv","Hospital diagnosis code included in canonical event definition."
"other_infections","K254","ICD10","","other_infections","Code/00_inputs/canonical_icd_codes.csv","Hospital diagnosis code included in canonical event definition."
"other_infections","K2540","ICD10","","other_infections","Code/00_inputs/canonical_icd_codes.csv","Hospital diagnosis code included in canonical event definition."
"other_infections","K255","ICD10","","other_infections","Code/00_inputs/canonical_icd_codes.csv","Hospital diagnosis code included in canonical event definition."
"other_infections","K2550","ICD10","","other_infections","Code/00_inputs/canonical_icd_codes.csv","Hospital diagnosis code included in canonical event definition."
"other_infections","K256","ICD10","","other_infections","Code/00_inputs/canonical_icd_codes.csv","Hospital diagnosis code included in canonical event definition."
"other_infections","K2560","ICD10","","other_infections","Code/00_inputs/canonical_icd_codes.csv","Hospital diagnosis code included in canonical event definition."
"other_infections","K257","ICD10","","other_infections","Code/00_inputs/canonical_icd_codes.csv","Hospital diagnosis code included in canonical event definition."
"other_infections","K2570","ICD10","","other_infections","Code/00_inputs/canonical_icd_codes.csv","Hospital diagnosis code included in canonical event definition."
"other_infections","K259","ICD10","","other_infections","Code/00_inputs/canonical_icd_codes.csv","Hospital diagnosis code included in canonical event definition."
"other_infections","K2590","ICD10","","other_infections","Code/00_inputs/canonical_icd_codes.csv","Hospital diagnosis code included in canonical event definition."
"other_infections","K260","ICD10","","other_infections","Code/00_inputs/canonical_icd_codes.csv","Hospital diagnosis code included in canonical event definition."
"other_infections","K2600","ICD10","","other_infections","Code/00_inputs/canonical_icd_codes.csv","Hospital diagnosis code included in canonical event definition."
"other_infections","K261","ICD10","","other_infections","Code/00_inputs/canonical_icd_codes.csv","Hospital diagnosis code included in canonical event definition."
"other_infections","K2610","ICD10","","other_infections","Code/00_inputs/canonical_icd_codes.csv","Hospital diagnosis code included in canonical event definition."
"other_infections","K262","ICD10","","other_infections","Code/00_inputs/canonical_icd_codes.csv","Hospital diagnosis code included in canonical event definition."
"other_infections","K2620","ICD10","","other_infections","Code/00_inputs/canonical_icd_codes.csv","Hospital diagnosis code included in canonical event definition."
"other_infections","K263","ICD10","","other_infections","Code/00_inputs/canonical_icd_codes.csv","Hospital diagnosis code included in canonical event definition."
"other_infections","K2630","ICD10","","other_infections","Code/00_inputs/canonical_icd_codes.csv","Hospital diagnosis code included in canonical event definition."
"other_infections","K264","ICD10","","other_infections","Code/00_inputs/canonical_icd_codes.csv","Hospital diagnosis code included in canonical event definition."
"other_infections","K2640","ICD10","","other_infections","Code/00_inputs/canonical_icd_codes.csv","Hospital diagnosis code included in canonical event definition."
"other_infections","K265","ICD10","","other_infections","Code/00_inputs/canonical_icd_codes.csv","Hospital diagnosis code included in canonical event definition."
"other_infections","K2650","ICD10","","other_infections","Code/00_inputs/canonical_icd_codes.csv","Hospital diagnosis code included in canonical event definition."
"other_infections","K266","ICD10","","other_infections","Code/00_inputs/canonical_icd_codes.csv","Hospital diagnosis code included in canonical event definition."
"other_infections","K2660","ICD10","","other_infections","Code/00_inputs/canonical_icd_codes.csv","Hospital diagnosis code included in canonical event definition."
"other_infections","K267","ICD10","","other_infections","Code/00_inputs/canonical_icd_codes.csv","Hospital diagnosis code included in canonical event definition."
"other_infections","K2670","ICD10","","other_infections","Code/00_inputs/canonical_icd_codes.csv","Hospital diagnosis code included in canonical event definition."
"other_infections","K269","ICD10","","other_infections","Code/00_inputs/canonical_icd_codes.csv","Hospital diagnosis code included in canonical event definition."
"other_infections","K2690","ICD10","","other_infections","Code/00_inputs/canonical_icd_codes.csv","Hospital diagnosis code included in canonical event definition."
"other_infections","K270","ICD10","","other_infections","Code/00_inputs/canonical_icd_codes.csv","Hospital diagnosis code included in canonical event definition."
"other_infections","K2700","ICD10","","other_infections","Code/00_inputs/canonical_icd_codes.csv","Hospital diagnosis code included in canonical event definition."
"other_infections","K271","ICD10","","other_infections","Code/00_inputs/canonical_icd_codes.csv","Hospital diagnosis code included in canonical event definition."
"other_infections","K2710","ICD10","","other_infections","Code/00_inputs/canonical_icd_codes.csv","Hospital diagnosis code included in canonical event definition."
"other_infections","K272","ICD10","","other_infections","Code/00_inputs/canonical_icd_codes.csv","Hospital diagnosis code included in canonical event definition."
"other_infections","K2720","ICD10","","other_infections","Code/00_inputs/canonical_icd_codes.csv","Hospital diagnosis code included in canonical event definition."
"other_infections","K273","ICD10","","other_infections","Code/00_inputs/canonical_icd_codes.csv","Hospital diagnosis code included in canonical event definition."
"other_infections","K2730","ICD10","","other_infections","Code/00_inputs/canonical_icd_codes.csv","Hospital diagnosis code included in canonical event definition."
"other_infections","K274","ICD10","","other_infections","Code/00_inputs/canonical_icd_codes.csv","Hospital diagnosis code included in canonical event definition."
"other_infections","K2740","ICD10","","other_infections","Code/00_inputs/canonical_icd_codes.csv","Hospital diagnosis code included in canonical event definition."
"other_infections","K275","ICD10","","other_infections","Code/00_inputs/canonical_icd_codes.csv","Hospital diagnosis code included in canonical event definition."
"other_infections","K2750","ICD10","","other_infections","Code/00_inputs/canonical_icd_codes.csv","Hospital diagnosis code included in canonical event definition."
"other_infections","K276","ICD10","","other_infections","Code/00_inputs/canonical_icd_codes.csv","Hospital diagnosis code included in canonical event definition."
"other_infections","K2760","ICD10","","other_infections","Code/00_inputs/canonical_icd_codes.csv","Hospital diagnosis code included in canonical event definition."
"other_infections","K277","ICD10","","other_infections","Code/00_inputs/canonical_icd_codes.csv","Hospital diagnosis code included in canonical event definition."
"other_infections","K2770","ICD10","","other_infections","Code/00_inputs/canonical_icd_codes.csv","Hospital diagnosis code included in canonical event definition."
"other_infections","K279","ICD10","","other_infections","Code/00_inputs/canonical_icd_codes.csv","Hospital diagnosis code included in canonical event definition."
"other_infections","K2790","ICD10","","other_infections","Code/00_inputs/canonical_icd_codes.csv","Hospital diagnosis code included in canonical event definition."
"other_infections","K290","ICD10","","other_infections","Code/00_inputs/canonical_icd_codes.csv","Hospital diagnosis code included in canonical event definition."
"other_infections","K2900","ICD10","","other_infections","Code/00_inputs/canonical_icd_codes.csv","Hospital diagnosis code included in canonical event definition."
"other_infections","K291","ICD10","","other_infections","Code/00_inputs/canonical_icd_codes.csv","Hospital diagnosis code included in canonical event definition."
"other_infections","K2910","ICD10","","other_infections","Code/00_inputs/canonical_icd_codes.csv","Hospital diagnosis code included in canonical event definition."
"other_infections","K292","ICD10","","other_infections","Code/00_inputs/canonical_icd_codes.csv","Hospital diagnosis code included in canonical event definition."
"other_infections","K2920","ICD10","","other_infections","Code/00_inputs/canonical_icd_codes.csv","Hospital diagnosis code included in canonical event definition."
"other_infections","K294","ICD10","","other_infections","Code/00_inputs/canonical_icd_codes.csv","Hospital diagnosis code included in canonical event definition."
"other_infections","K2940","ICD10","","other_infections","Code/00_inputs/canonical_icd_codes.csv","Hospital diagnosis code included in canonical event definition."
"other_infections","K296","ICD10","","other_infections","Code/00_inputs/canonical_icd_codes.csv","Hospital diagnosis code included in canonical event definition."
"other_infections","K2960","ICD10","","other_infections","Code/00_inputs/canonical_icd_codes.csv","Hospital diagnosis code included in canonical event definition."
"other_infections","K298","ICD10","","other_infections","Code/00_inputs/canonical_icd_codes.csv","Hospital diagnosis code included in canonical event definition."
"other_infections","K2980","ICD10","","other_infections","Code/00_inputs/canonical_icd_codes.csv","Hospital diagnosis code included in canonical event definition."
"other_infections","K299","ICD10","","other_infections","Code/00_inputs/canonical_icd_codes.csv","Hospital diagnosis code included in canonical event definition."
"other_infections","K2990","ICD10","","other_infections","Code/00_inputs/canonical_icd_codes.csv","Hospital diagnosis code included in canonical event definition."
"other_infections","K350","ICD10","","other_infections","Code/00_inputs/canonical_icd_codes.csv","Hospital diagnosis code included in canonical event definition."
"other_infections","K3500","ICD10","","other_infections","Code/00_inputs/canonical_icd_codes.csv","Hospital diagnosis code included in canonical event definition."
"other_infections","K351","ICD10","","other_infections","Code/00_inputs/canonical_icd_codes.csv","Hospital diagnosis code included in canonical event definition."
"other_infections","K3510","ICD10","","other_infections","Code/00_inputs/canonical_icd_codes.csv","Hospital diagnosis code included in canonical event definition."
"other_infections","K359","ICD10","","other_infections","Code/00_inputs/canonical_icd_codes.csv","Hospital diagnosis code included in canonical event definition."
"other_infections","K3590","ICD10","","other_infections","Code/00_inputs/canonical_icd_codes.csv","Hospital diagnosis code included in canonical event definition."
"other_infections","K36","ICD10","","other_infections","Code/00_inputs/canonical_icd_codes.csv","Hospital diagnosis code included in canonical event definition."
"other_infections","K360","ICD10","","other_infections","Code/00_inputs/canonical_icd_codes.csv","Hospital diagnosis code included in canonical event definition."
"other_infections","K3600","ICD10","","other_infections","Code/00_inputs/canonical_icd_codes.csv","Hospital diagnosis code included in canonical event definition."
"other_infections","K37","ICD10","","other_infections","Code/00_inputs/canonical_icd_codes.csv","Hospital diagnosis code included in canonical event definition."
"other_infections","K370","ICD10","","other_infections","Code/00_inputs/canonical_icd_codes.csv","Hospital diagnosis code included in canonical event definition."
"other_infections","K3700","ICD10","","other_infections","Code/00_inputs/canonical_icd_codes.csv","Hospital diagnosis code included in canonical event definition."
"other_infections","K380","ICD10","","other_infections","Code/00_inputs/canonical_icd_codes.csv","Hospital diagnosis code included in canonical event definition."
"other_infections","K3800","ICD10","","other_infections","Code/00_inputs/canonical_icd_codes.csv","Hospital diagnosis code included in canonical event definition."
"other_infections","K388","ICD10","","other_infections","Code/00_inputs/canonical_icd_codes.csv","Hospital diagnosis code included in canonical event definition."
"other_infections","K3880","ICD10","","other_infections","Code/00_inputs/canonical_icd_codes.csv","Hospital diagnosis code included in canonical event definition."
"other_infections","K650","ICD10","","other_infections","Code/00_inputs/canonical_icd_codes.csv","Hospital diagnosis code included in canonical event definition."
"other_infections","K6500","ICD10","","other_infections","Code/00_inputs/canonical_icd_codes.csv","Hospital diagnosis code included in canonical event definition."
"other_infections","K658","ICD10","","other_infections","Code/00_inputs/canonical_icd_codes.csv","Hospital diagnosis code included in canonical event definition."
"other_infections","K6580","ICD10","","other_infections","Code/00_inputs/canonical_icd_codes.csv","Hospital diagnosis code included in canonical event definition."
"other_infections","K659","ICD10","","other_infections","Code/00_inputs/canonical_icd_codes.csv","Hospital diagnosis code included in canonical event definition."
"other_infections","K6590","ICD10","","other_infections","Code/00_inputs/canonical_icd_codes.csv","Hospital diagnosis code included in canonical event definition."
"other_infections","K678","ICD10","","other_infections","Code/00_inputs/canonical_icd_codes.csv","Hospital diagnosis code included in canonical event definition."
"other_infections","K6780","ICD10","","other_infections","Code/00_inputs/canonical_icd_codes.csv","Hospital diagnosis code included in canonical event definition."
"other_infections","L049","ICD10","","other_infections","Code/00_inputs/canonical_icd_codes.csv","Hospital diagnosis code included in canonical event definition."
"other_infections","L0490","ICD10","","other_infections","Code/00_inputs/canonical_icd_codes.csv","Hospital diagnosis code included in canonical event definition."
"other_infections","L080","ICD10","","other_infections","Code/00_inputs/canonical_icd_codes.csv","Hospital diagnosis code included in canonical event definition."
"other_infections","L0800","ICD10","","other_infections","Code/00_inputs/canonical_icd_codes.csv","Hospital diagnosis code included in canonical event definition."
"other_infections","L088","ICD10","","other_infections","Code/00_inputs/canonical_icd_codes.csv","Hospital diagnosis code included in canonical event definition."
"other_infections","L0880","ICD10","","other_infections","Code/00_inputs/canonical_icd_codes.csv","Hospital diagnosis code included in canonical event definition."
"other_infections","L089","ICD10","","other_infections","Code/00_inputs/canonical_icd_codes.csv","Hospital diagnosis code included in canonical event definition."
"other_infections","L0890","ICD10","","other_infections","Code/00_inputs/canonical_icd_codes.csv","Hospital diagnosis code included in canonical event definition."
"other_infections","L946","ICD10","","other_infections","Code/00_inputs/canonical_icd_codes.csv","Hospital diagnosis code included in canonical event definition."
"other_infections","L9460","ICD10","","other_infections","Code/00_inputs/canonical_icd_codes.csv","Hospital diagnosis code included in canonical event definition."
"other_infections","L980","ICD10","","other_infections","Code/00_inputs/canonical_icd_codes.csv","Hospital diagnosis code included in canonical event definition."
"other_infections","L9800","ICD10","","other_infections","Code/00_inputs/canonical_icd_codes.csv","Hospital diagnosis code included in canonical event definition."
"other_infections","M0090","ICD10","","other_infections","Code/00_inputs/canonical_icd_codes.csv","Hospital diagnosis code included in canonical event definition."
"other_infections","M0091","ICD10","","other_infections","Code/00_inputs/canonical_icd_codes.csv","Hospital diagnosis code included in canonical event definition."
"other_infections","M0092","ICD10","","other_infections","Code/00_inputs/canonical_icd_codes.csv","Hospital diagnosis code included in canonical event definition."
"other_infections","M0093","ICD10","","other_infections","Code/00_inputs/canonical_icd_codes.csv","Hospital diagnosis code included in canonical event definition."
"other_infections","M0094","ICD10","","other_infections","Code/00_inputs/canonical_icd_codes.csv","Hospital diagnosis code included in canonical event definition."
"other_infections","M0095","ICD10","","other_infections","Code/00_inputs/canonical_icd_codes.csv","Hospital diagnosis code included in canonical event definition."
"other_infections","M0096","ICD10","","other_infections","Code/00_inputs/canonical_icd_codes.csv","Hospital diagnosis code included in canonical event definition."
"other_infections","M0097","ICD10","","other_infections","Code/00_inputs/canonical_icd_codes.csv","Hospital diagnosis code included in canonical event definition."
"other_infections","M0098","ICD10","","other_infections","Code/00_inputs/canonical_icd_codes.csv","Hospital diagnosis code included in canonical event definition."
"other_infections","M0099","ICD10","","other_infections","Code/00_inputs/canonical_icd_codes.csv","Hospital diagnosis code included in canonical event definition."
"other_infections","M0130","ICD10","","other_infections","Code/00_inputs/canonical_icd_codes.csv","Hospital diagnosis code included in canonical event definition."
"other_infections","M0131","ICD10","","other_infections","Code/00_inputs/canonical_icd_codes.csv","Hospital diagnosis code included in canonical event definition."
"other_infections","M0132","ICD10","","other_infections","Code/00_inputs/canonical_icd_codes.csv","Hospital diagnosis code included in canonical event definition."
"other_infections","M0133","ICD10","","other_infections","Code/00_inputs/canonical_icd_codes.csv","Hospital diagnosis code included in canonical event definition."
"other_infections","M0134","ICD10","","other_infections","Code/00_inputs/canonical_icd_codes.csv","Hospital diagnosis code included in canonical event definition."
"other_infections","M0135","ICD10","","other_infections","Code/00_inputs/canonical_icd_codes.csv","Hospital diagnosis code included in canonical event definition."
"other_infections","M0136","ICD10","","other_infections","Code/00_inputs/canonical_icd_codes.csv","Hospital diagnosis code included in canonical event definition."
"other_infections","M0137","ICD10","","other_infections","Code/00_inputs/canonical_icd_codes.csv","Hospital diagnosis code included in canonical event definition."
"other_infections","M0138","ICD10","","other_infections","Code/00_inputs/canonical_icd_codes.csv","Hospital diagnosis code included in canonical event definition."
"other_infections","M0139","ICD10","","other_infections","Code/00_inputs/canonical_icd_codes.csv","Hospital diagnosis code included in canonical event definition."
"other_infections","M0150","ICD10","","other_infections","Code/00_inputs/canonical_icd_codes.csv","Hospital diagnosis code included in canonical event definition."
"other_infections","M0151","ICD10","","other_infections","Code/00_inputs/canonical_icd_codes.csv","Hospital diagnosis code included in canonical event definition."
"other_infections","M0152","ICD10","","other_infections","Code/00_inputs/canonical_icd_codes.csv","Hospital diagnosis code included in canonical event definition."
"other_infections","M0153","ICD10","","other_infections","Code/00_inputs/canonical_icd_codes.csv","Hospital diagnosis code included in canonical event definition."
"other_infections","M0154","ICD10","","other_infections","Code/00_inputs/canonical_icd_codes.csv","Hospital diagnosis code included in canonical event definition."
"other_infections","M0155","ICD10","","other_infections","Code/00_inputs/canonical_icd_codes.csv","Hospital diagnosis code included in canonical event definition."
"other_infections","M0156","ICD10","","other_infections","Code/00_inputs/canonical_icd_codes.csv","Hospital diagnosis code included in canonical event definition."
"other_infections","M0157","ICD10","","other_infections","Code/00_inputs/canonical_icd_codes.csv","Hospital diagnosis code included in canonical event definition."
"other_infections","M0158","ICD10","","other_infections","Code/00_inputs/canonical_icd_codes.csv","Hospital diagnosis code included in canonical event definition."
"other_infections","M0159","ICD10","","other_infections","Code/00_inputs/canonical_icd_codes.csv","Hospital diagnosis code included in canonical event definition."
"other_infections","M0160","ICD10","","other_infections","Code/00_inputs/canonical_icd_codes.csv","Hospital diagnosis code included in canonical event definition."
"other_infections","M0161","ICD10","","other_infections","Code/00_inputs/canonical_icd_codes.csv","Hospital diagnosis code included in canonical event definition."
"other_infections","M0162","ICD10","","other_infections","Code/00_inputs/canonical_icd_codes.csv","Hospital diagnosis code included in canonical event definition."
"other_infections","M0163","ICD10","","other_infections","Code/00_inputs/canonical_icd_codes.csv","Hospital diagnosis code included in canonical event definition."
"other_infections","M0164","ICD10","","other_infections","Code/00_inputs/canonical_icd_codes.csv","Hospital diagnosis code included in canonical event definition."
"other_infections","M0165","ICD10","","other_infections","Code/00_inputs/canonical_icd_codes.csv","Hospital diagnosis code included in canonical event definition."
"other_infections","M0166","ICD10","","other_infections","Code/00_inputs/canonical_icd_codes.csv","Hospital diagnosis code included in canonical event definition."
"other_infections","M0167","ICD10","","other_infections","Code/00_inputs/canonical_icd_codes.csv","Hospital diagnosis code included in canonical event definition."
"other_infections","M0168","ICD10","","other_infections","Code/00_inputs/canonical_icd_codes.csv","Hospital diagnosis code included in canonical event definition."
"other_infections","M0169","ICD10","","other_infections","Code/00_inputs/canonical_icd_codes.csv","Hospital diagnosis code included in canonical event definition."
"other_infections","M0180","ICD10","","other_infections","Code/00_inputs/canonical_icd_codes.csv","Hospital diagnosis code included in canonical event definition."
"other_infections","M0181","ICD10","","other_infections","Code/00_inputs/canonical_icd_codes.csv","Hospital diagnosis code included in canonical event definition."
"other_infections","M0182","ICD10","","other_infections","Code/00_inputs/canonical_icd_codes.csv","Hospital diagnosis code included in canonical event definition."
"other_infections","M0183","ICD10","","other_infections","Code/00_inputs/canonical_icd_codes.csv","Hospital diagnosis code included in canonical event definition."
"other_infections","M0184","ICD10","","other_infections","Code/00_inputs/canonical_icd_codes.csv","Hospital diagnosis code included in canonical event definition."
"other_infections","M0185","ICD10","","other_infections","Code/00_inputs/canonical_icd_codes.csv","Hospital diagnosis code included in canonical event definition."
"other_infections","M0186","ICD10","","other_infections","Code/00_inputs/canonical_icd_codes.csv","Hospital diagnosis code included in canonical event definition."
"other_infections","M0187","ICD10","","other_infections","Code/00_inputs/canonical_icd_codes.csv","Hospital diagnosis code included in canonical event definition."
"other_infections","M0188","ICD10","","other_infections","Code/00_inputs/canonical_icd_codes.csv","Hospital diagnosis code included in canonical event definition."
"other_infections","M0189","ICD10","","other_infections","Code/00_inputs/canonical_icd_codes.csv","Hospital diagnosis code included in canonical event definition."
"other_infections","M0211","ICD10","","other_infections","Code/00_inputs/canonical_icd_codes.csv","Hospital diagnosis code included in canonical event definition."
"other_infections","M0212","ICD10","","other_infections","Code/00_inputs/canonical_icd_codes.csv","Hospital diagnosis code included in canonical event definition."
"other_infections","M0213","ICD10","","other_infections","Code/00_inputs/canonical_icd_codes.csv","Hospital diagnosis code included in canonical event definition."
"other_infections","M0214","ICD10","","other_infections","Code/00_inputs/canonical_icd_codes.csv","Hospital diagnosis code included in canonical event definition."
"other_infections","M0215","ICD10","","other_infections","Code/00_inputs/canonical_icd_codes.csv","Hospital diagnosis code included in canonical event definition."
"other_infections","M0216","ICD10","","other_infections","Code/00_inputs/canonical_icd_codes.csv","Hospital diagnosis code included in canonical event definition."
"other_infections","M0217","ICD10","","other_infections","Code/00_inputs/canonical_icd_codes.csv","Hospital diagnosis code included in canonical event definition."
"other_infections","M0218","ICD10","","other_infections","Code/00_inputs/canonical_icd_codes.csv","Hospital diagnosis code included in canonical event definition."
"other_infections","M0219","ICD10","","other_infections","Code/00_inputs/canonical_icd_codes.csv","Hospital diagnosis code included in canonical event definition."
"other_infections","M0230","ICD10","","other_infections","Code/00_inputs/canonical_icd_codes.csv","Hospital diagnosis code included in canonical event definition."
"other_infections","M0231","ICD10","","other_infections","Code/00_inputs/canonical_icd_codes.csv","Hospital diagnosis code included in canonical event definition."
"other_infections","M0232","ICD10","","other_infections","Code/00_inputs/canonical_icd_codes.csv","Hospital diagnosis code included in canonical event definition."
"other_infections","M0233","ICD10","","other_infections","Code/00_inputs/canonical_icd_codes.csv","Hospital diagnosis code included in canonical event definition."
"other_infections","M0234","ICD10","","other_infections","Code/00_inputs/canonical_icd_codes.csv","Hospital diagnosis code included in canonical event definition."
"other_infections","M0235","ICD10","","other_infections","Code/00_inputs/canonical_icd_codes.csv","Hospital diagnosis code included in canonical event definition."
"other_infections","M0236","ICD10","","other_infections","Code/00_inputs/canonical_icd_codes.csv","Hospital diagnosis code included in canonical event definition."
"other_infections","M0237","ICD10","","other_infections","Code/00_inputs/canonical_icd_codes.csv","Hospital diagnosis code included in canonical event definition."
"other_infections","M0238","ICD10","","other_infections","Code/00_inputs/canonical_icd_codes.csv","Hospital diagnosis code included in canonical event definition."
"other_infections","M0239","ICD10","","other_infections","Code/00_inputs/canonical_icd_codes.csv","Hospital diagnosis code included in canonical event definition."
"other_infections","M352","ICD10","","other_infections","Code/00_inputs/canonical_icd_codes.csv","Hospital diagnosis code included in canonical event definition."
"other_infections","M3520","ICD10","","other_infections","Code/00_inputs/canonical_icd_codes.csv","Hospital diagnosis code included in canonical event definition."
"other_infections","M4909","ICD10","","other_infections","Code/00_inputs/canonical_icd_codes.csv","Hospital diagnosis code included in canonical event definition."
"other_infections","M8610","ICD10","","other_infections","Code/00_inputs/canonical_icd_codes.csv","Hospital diagnosis code included in canonical event definition."
"other_infections","M8611","ICD10","","other_infections","Code/00_inputs/canonical_icd_codes.csv","Hospital diagnosis code included in canonical event definition."
"other_infections","M8612","ICD10","","other_infections","Code/00_inputs/canonical_icd_codes.csv","Hospital diagnosis code included in canonical event definition."
"other_infections","M8613","ICD10","","other_infections","Code/00_inputs/canonical_icd_codes.csv","Hospital diagnosis code included in canonical event definition."
"other_infections","M8614","ICD10","","other_infections","Code/00_inputs/canonical_icd_codes.csv","Hospital diagnosis code included in canonical event definition."
"other_infections","M8615","ICD10","","other_infections","Code/00_inputs/canonical_icd_codes.csv","Hospital diagnosis code included in canonical event definition."
"other_infections","M8616","ICD10","","other_infections","Code/00_inputs/canonical_icd_codes.csv","Hospital diagnosis code included in canonical event definition."
"other_infections","M8617","ICD10","","other_infections","Code/00_inputs/canonical_icd_codes.csv","Hospital diagnosis code included in canonical event definition."
"other_infections","M8618","ICD10","","other_infections","Code/00_inputs/canonical_icd_codes.csv","Hospital diagnosis code included in canonical event definition."
"other_infections","M8619","ICD10","","other_infections","Code/00_inputs/canonical_icd_codes.csv","Hospital diagnosis code included in canonical event definition."
"other_infections","M8660","ICD10","","other_infections","Code/00_inputs/canonical_icd_codes.csv","Hospital diagnosis code included in canonical event definition."
"other_infections","M8667","ICD10","","other_infections","Code/00_inputs/canonical_icd_codes.csv","Hospital diagnosis code included in canonical event definition."
"other_infections","M8668","ICD10","","other_infections","Code/00_inputs/canonical_icd_codes.csv","Hospital diagnosis code included in canonical event definition."
"other_infections","M8669","ICD10","","other_infections","Code/00_inputs/canonical_icd_codes.csv","Hospital diagnosis code included in canonical event definition."
"other_infections","M8690","ICD10","","other_infections","Code/00_inputs/canonical_icd_codes.csv","Hospital diagnosis code included in canonical event definition."
"other_infections","M8691","ICD10","","other_infections","Code/00_inputs/canonical_icd_codes.csv","Hospital diagnosis code included in canonical event definition."
"other_infections","M8692","ICD10","","other_infections","Code/00_inputs/canonical_icd_codes.csv","Hospital diagnosis code included in canonical event definition."
"other_infections","M8693","ICD10","","other_infections","Code/00_inputs/canonical_icd_codes.csv","Hospital diagnosis code included in canonical event definition."
"other_infections","M8694","ICD10","","other_infections","Code/00_inputs/canonical_icd_codes.csv","Hospital diagnosis code included in canonical event definition."
"other_infections","M8695","ICD10","","other_infections","Code/00_inputs/canonical_icd_codes.csv","Hospital diagnosis code included in canonical event definition."
"other_infections","M8696","ICD10","","other_infections","Code/00_inputs/canonical_icd_codes.csv","Hospital diagnosis code included in canonical event definition."
"other_infections","M8697","ICD10","","other_infections","Code/00_inputs/canonical_icd_codes.csv","Hospital diagnosis code included in canonical event definition."
"other_infections","M8698","ICD10","","other_infections","Code/00_inputs/canonical_icd_codes.csv","Hospital diagnosis code included in canonical event definition."
"other_infections","M8699","ICD10","","other_infections","Code/00_inputs/canonical_icd_codes.csv","Hospital diagnosis code included in canonical event definition."
"other_infections","M8960","ICD10","","other_infections","Code/00_inputs/canonical_icd_codes.csv","Hospital diagnosis code included in canonical event definition."
"other_infections","M8961","ICD10","","other_infections","Code/00_inputs/canonical_icd_codes.csv","Hospital diagnosis code included in canonical event definition."
"other_infections","M8962","ICD10","","other_infections","Code/00_inputs/canonical_icd_codes.csv","Hospital diagnosis code included in canonical event definition."
"other_infections","M8963","ICD10","","other_infections","Code/00_inputs/canonical_icd_codes.csv","Hospital diagnosis code included in canonical event definition."
"other_infections","M8964","ICD10","","other_infections","Code/00_inputs/canonical_icd_codes.csv","Hospital diagnosis code included in canonical event definition."
"other_infections","M8965","ICD10","","other_infections","Code/00_inputs/canonical_icd_codes.csv","Hospital diagnosis code included in canonical event definition."
"other_infections","M8966","ICD10","","other_infections","Code/00_inputs/canonical_icd_codes.csv","Hospital diagnosis code included in canonical event definition."
"other_infections","M8967","ICD10","","other_infections","Code/00_inputs/canonical_icd_codes.csv","Hospital diagnosis code included in canonical event definition."
"other_infections","M8968","ICD10","","other_infections","Code/00_inputs/canonical_icd_codes.csv","Hospital diagnosis code included in canonical event definition."
"other_infections","M8969","ICD10","","other_infections","Code/00_inputs/canonical_icd_codes.csv","Hospital diagnosis code included in canonical event definition."
"other_infections","M9020","ICD10","","other_infections","Code/00_inputs/canonical_icd_codes.csv","Hospital diagnosis code included in canonical event definition."
"other_infections","M9021","ICD10","","other_infections","Code/00_inputs/canonical_icd_codes.csv","Hospital diagnosis code included in canonical event definition."
"other_infections","M9022","ICD10","","other_infections","Code/00_inputs/canonical_icd_codes.csv","Hospital diagnosis code included in canonical event definition."
"other_infections","M9023","ICD10","","other_infections","Code/00_inputs/canonical_icd_codes.csv","Hospital diagnosis code included in canonical event definition."
"other_infections","M9024","ICD10","","other_infections","Code/00_inputs/canonical_icd_codes.csv","Hospital diagnosis code included in canonical event definition."
"other_infections","M9025","ICD10","","other_infections","Code/00_inputs/canonical_icd_codes.csv","Hospital diagnosis code included in canonical event definition."
"other_infections","M9026","ICD10","","other_infections","Code/00_inputs/canonical_icd_codes.csv","Hospital diagnosis code included in canonical event definition."
"other_infections","M9027","ICD10","","other_infections","Code/00_inputs/canonical_icd_codes.csv","Hospital diagnosis code included in canonical event definition."
"other_infections","M9028","ICD10","","other_infections","Code/00_inputs/canonical_icd_codes.csv","Hospital diagnosis code included in canonical event definition."
"other_infections","M9029","ICD10","","other_infections","Code/00_inputs/canonical_icd_codes.csv","Hospital diagnosis code included in canonical event definition."
"other_infections","N008","ICD10","","other_infections","Code/00_inputs/canonical_icd_codes.csv","Hospital diagnosis code included in canonical event definition."
"other_infections","N0080","ICD10","","other_infections","Code/00_inputs/canonical_icd_codes.csv","Hospital diagnosis code included in canonical event definition."
"other_infections","N009","ICD10","","other_infections","Code/00_inputs/canonical_icd_codes.csv","Hospital diagnosis code included in canonical event definition."
"other_infections","N0090","ICD10","","other_infections","Code/00_inputs/canonical_icd_codes.csv","Hospital diagnosis code included in canonical event definition."
"other_infections","N019","ICD10","","other_infections","Code/00_inputs/canonical_icd_codes.csv","Hospital diagnosis code included in canonical event definition."
"other_infections","N0190","ICD10","","other_infections","Code/00_inputs/canonical_icd_codes.csv","Hospital diagnosis code included in canonical event definition."
"other_infections","N031","ICD10","","other_infections","Code/00_inputs/canonical_icd_codes.csv","Hospital diagnosis code included in canonical event definition."
"other_infections","N0310","ICD10","","other_infections","Code/00_inputs/canonical_icd_codes.csv","Hospital diagnosis code included in canonical event definition."
"other_infections","N035","ICD10","","other_infections","Code/00_inputs/canonical_icd_codes.csv","Hospital diagnosis code included in canonical event definition."
"other_infections","N0350","ICD10","","other_infections","Code/00_inputs/canonical_icd_codes.csv","Hospital diagnosis code included in canonical event definition."
"other_infections","N038","ICD10","","other_infections","Code/00_inputs/canonical_icd_codes.csv","Hospital diagnosis code included in canonical event definition."
"other_infections","N0380","ICD10","","other_infections","Code/00_inputs/canonical_icd_codes.csv","Hospital diagnosis code included in canonical event definition."
"other_infections","N039","ICD10","","other_infections","Code/00_inputs/canonical_icd_codes.csv","Hospital diagnosis code included in canonical event definition."
"other_infections","N0390","ICD10","","other_infections","Code/00_inputs/canonical_icd_codes.csv","Hospital diagnosis code included in canonical event definition."
"other_infections","N052","ICD10","","other_infections","Code/00_inputs/canonical_icd_codes.csv","Hospital diagnosis code included in canonical event definition."
"other_infections","N0520","ICD10","","other_infections","Code/00_inputs/canonical_icd_codes.csv","Hospital diagnosis code included in canonical event definition."
"other_infections","N055","ICD10","","other_infections","Code/00_inputs/canonical_icd_codes.csv","Hospital diagnosis code included in canonical event definition."
"other_infections","N0550","ICD10","","other_infections","Code/00_inputs/canonical_icd_codes.csv","Hospital diagnosis code included in canonical event definition."
"other_infections","N058","ICD10","","other_infections","Code/00_inputs/canonical_icd_codes.csv","Hospital diagnosis code included in canonical event definition."
"other_infections","N0580","ICD10","","other_infections","Code/00_inputs/canonical_icd_codes.csv","Hospital diagnosis code included in canonical event definition."
"other_infections","N059","ICD10","","other_infections","Code/00_inputs/canonical_icd_codes.csv","Hospital diagnosis code included in canonical event definition."
"other_infections","N0590","ICD10","","other_infections","Code/00_inputs/canonical_icd_codes.csv","Hospital diagnosis code included in canonical event definition."
"other_infections","N088","ICD10","","other_infections","Code/00_inputs/canonical_icd_codes.csv","Hospital diagnosis code included in canonical event definition."
"other_infections","N0880","ICD10","","other_infections","Code/00_inputs/canonical_icd_codes.csv","Hospital diagnosis code included in canonical event definition."
"other_infections","N10","ICD10","","other_infections","Code/00_inputs/canonical_icd_codes.csv","Hospital diagnosis code included in canonical event definition."
"other_infections","N100","ICD10","","other_infections","Code/00_inputs/canonical_icd_codes.csv","Hospital diagnosis code included in canonical event definition."
"other_infections","N1000","ICD10","","other_infections","Code/00_inputs/canonical_icd_codes.csv","Hospital diagnosis code included in canonical event definition."
"other_infections","N118","ICD10","","other_infections","Code/00_inputs/canonical_icd_codes.csv","Hospital diagnosis code included in canonical event definition."
"other_infections","N1180","ICD10","","other_infections","Code/00_inputs/canonical_icd_codes.csv","Hospital diagnosis code included in canonical event definition."
"other_infections","N119","ICD10","","other_infections","Code/00_inputs/canonical_icd_codes.csv","Hospital diagnosis code included in canonical event definition."
"other_infections","N1190","ICD10","","other_infections","Code/00_inputs/canonical_icd_codes.csv","Hospital diagnosis code included in canonical event definition."
"other_infections","N12","ICD10","","other_infections","Code/00_inputs/canonical_icd_codes.csv","Hospital diagnosis code included in canonical event definition."
"other_infections","N120","ICD10","","other_infections","Code/00_inputs/canonical_icd_codes.csv","Hospital diagnosis code included in canonical event definition."
"other_infections","N1200","ICD10","","other_infections","Code/00_inputs/canonical_icd_codes.csv","Hospital diagnosis code included in canonical event definition."
"other_infections","N300","ICD10","","other_infections","Code/00_inputs/canonical_icd_codes.csv","Hospital diagnosis code included in canonical event definition."
"other_infections","N3000","ICD10","","other_infections","Code/00_inputs/canonical_icd_codes.csv","Hospital diagnosis code included in canonical event definition."
"other_infections","N301","ICD10","","other_infections","Code/00_inputs/canonical_icd_codes.csv","Hospital diagnosis code included in canonical event definition."
"other_infections","N3010","ICD10","","other_infections","Code/00_inputs/canonical_icd_codes.csv","Hospital diagnosis code included in canonical event definition."
"other_infections","N302","ICD10","","other_infections","Code/00_inputs/canonical_icd_codes.csv","Hospital diagnosis code included in canonical event definition."
"other_infections","N3020","ICD10","","other_infections","Code/00_inputs/canonical_icd_codes.csv","Hospital diagnosis code included in canonical event definition."
"other_infections","N303","ICD10","","other_infections","Code/00_inputs/canonical_icd_codes.csv","Hospital diagnosis code included in canonical event definition."
"other_infections","N3030","ICD10","","other_infections","Code/00_inputs/canonical_icd_codes.csv","Hospital diagnosis code included in canonical event definition."
"other_infections","N304","ICD10","","other_infections","Code/00_inputs/canonical_icd_codes.csv","Hospital diagnosis code included in canonical event definition."
"other_infections","N3040","ICD10","","other_infections","Code/00_inputs/canonical_icd_codes.csv","Hospital diagnosis code included in canonical event definition."
"other_infections","N308","ICD10","","other_infections","Code/00_inputs/canonical_icd_codes.csv","Hospital diagnosis code included in canonical event definition."
"other_infections","N3080","ICD10","","other_infections","Code/00_inputs/canonical_icd_codes.csv","Hospital diagnosis code included in canonical event definition."
"other_infections","N309","ICD10","","other_infections","Code/00_inputs/canonical_icd_codes.csv","Hospital diagnosis code included in canonical event definition."
"other_infections","N3090","ICD10","","other_infections","Code/00_inputs/canonical_icd_codes.csv","Hospital diagnosis code included in canonical event definition."
"other_infections","N338","ICD10","","other_infections","Code/00_inputs/canonical_icd_codes.csv","Hospital diagnosis code included in canonical event definition."
"other_infections","N3380","ICD10","","other_infections","Code/00_inputs/canonical_icd_codes.csv","Hospital diagnosis code included in canonical event definition."
"other_infections","N340","ICD10","","other_infections","Code/00_inputs/canonical_icd_codes.csv","Hospital diagnosis code included in canonical event definition."
"other_infections","N3400","ICD10","","other_infections","Code/00_inputs/canonical_icd_codes.csv","Hospital diagnosis code included in canonical event definition."
"other_infections","N341","ICD10","","other_infections","Code/00_inputs/canonical_icd_codes.csv","Hospital diagnosis code included in canonical event definition."
"other_infections","N3410","ICD10","","other_infections","Code/00_inputs/canonical_icd_codes.csv","Hospital diagnosis code included in canonical event definition."
"other_infections","N342","ICD10","","other_infections","Code/00_inputs/canonical_icd_codes.csv","Hospital diagnosis code included in canonical event definition."
"other_infections","N3420","ICD10","","other_infections","Code/00_inputs/canonical_icd_codes.csv","Hospital diagnosis code included in canonical event definition."
"other_infections","N343","ICD10","","other_infections","Code/00_inputs/canonical_icd_codes.csv","Hospital diagnosis code included in canonical event definition."
"other_infections","N3430","ICD10","","other_infections","Code/00_inputs/canonical_icd_codes.csv","Hospital diagnosis code included in canonical event definition."
"other_infections","N410","ICD10","","other_infections","Code/00_inputs/canonical_icd_codes.csv","Hospital diagnosis code included in canonical event definition."
"other_infections","N4100","ICD10","","other_infections","Code/00_inputs/canonical_icd_codes.csv","Hospital diagnosis code included in canonical event definition."
"other_infections","N411","ICD10","","other_infections","Code/00_inputs/canonical_icd_codes.csv","Hospital diagnosis code included in canonical event definition."
"other_infections","N4110","ICD10","","other_infections","Code/00_inputs/canonical_icd_codes.csv","Hospital diagnosis code included in canonical event definition."
"other_infections","N412","ICD10","","other_infections","Code/00_inputs/canonical_icd_codes.csv","Hospital diagnosis code included in canonical event definition."
"other_infections","N4120","ICD10","","other_infections","Code/00_inputs/canonical_icd_codes.csv","Hospital diagnosis code included in canonical event definition."
"other_infections","N413","ICD10","","other_infections","Code/00_inputs/canonical_icd_codes.csv","Hospital diagnosis code included in canonical event definition."
"other_infections","N4130","ICD10","","other_infections","Code/00_inputs/canonical_icd_codes.csv","Hospital diagnosis code included in canonical event definition."
"other_infections","N418","ICD10","","other_infections","Code/00_inputs/canonical_icd_codes.csv","Hospital diagnosis code included in canonical event definition."
"other_infections","N4180","ICD10","","other_infections","Code/00_inputs/canonical_icd_codes.csv","Hospital diagnosis code included in canonical event definition."
"other_infections","N419","ICD10","","other_infections","Code/00_inputs/canonical_icd_codes.csv","Hospital diagnosis code included in canonical event definition."
"other_infections","N4190","ICD10","","other_infections","Code/00_inputs/canonical_icd_codes.csv","Hospital diagnosis code included in canonical event definition."
"other_infections","N431","ICD10","","other_infections","Code/00_inputs/canonical_icd_codes.csv","Hospital diagnosis code included in canonical event definition."
"other_infections","N4310","ICD10","","other_infections","Code/00_inputs/canonical_icd_codes.csv","Hospital diagnosis code included in canonical event definition."
"other_infections","N450","ICD10","","other_infections","Code/00_inputs/canonical_icd_codes.csv","Hospital diagnosis code included in canonical event definition."
"other_infections","N4500","ICD10","","other_infections","Code/00_inputs/canonical_icd_codes.csv","Hospital diagnosis code included in canonical event definition."
"other_infections","N459","ICD10","","other_infections","Code/00_inputs/canonical_icd_codes.csv","Hospital diagnosis code included in canonical event definition."
"other_infections","N4590","ICD10","","other_infections","Code/00_inputs/canonical_icd_codes.csv","Hospital diagnosis code included in canonical event definition."
"other_infections","N510","ICD10","","other_infections","Code/00_inputs/canonical_icd_codes.csv","Hospital diagnosis code included in canonical event definition."
"other_infections","N5100","ICD10","","other_infections","Code/00_inputs/canonical_icd_codes.csv","Hospital diagnosis code included in canonical event definition."
"other_infections","N511","ICD10","","other_infections","Code/00_inputs/canonical_icd_codes.csv","Hospital diagnosis code included in canonical event definition."
"other_infections","N5110","ICD10","","other_infections","Code/00_inputs/canonical_icd_codes.csv","Hospital diagnosis code included in canonical event definition."
"other_infections","N700","ICD10","","other_infections","Code/00_inputs/canonical_icd_codes.csv","Hospital diagnosis code included in canonical event definition."
"other_infections","N7000","ICD10","","other_infections","Code/00_inputs/canonical_icd_codes.csv","Hospital diagnosis code included in canonical event definition."
"other_infections","N701","ICD10","","other_infections","Code/00_inputs/canonical_icd_codes.csv","Hospital diagnosis code included in canonical event definition."
"other_infections","N7010","ICD10","","other_infections","Code/00_inputs/canonical_icd_codes.csv","Hospital diagnosis code included in canonical event definition."
"other_infections","N709","ICD10","","other_infections","Code/00_inputs/canonical_icd_codes.csv","Hospital diagnosis code included in canonical event definition."
"other_infections","N7090","ICD10","","other_infections","Code/00_inputs/canonical_icd_codes.csv","Hospital diagnosis code included in canonical event definition."
"other_infections","N710","ICD10","","other_infections","Code/00_inputs/canonical_icd_codes.csv","Hospital diagnosis code included in canonical event definition."
"other_infections","N7100","ICD10","","other_infections","Code/00_inputs/canonical_icd_codes.csv","Hospital diagnosis code included in canonical event definition."
"other_infections","N711","ICD10","","other_infections","Code/00_inputs/canonical_icd_codes.csv","Hospital diagnosis code included in canonical event definition."
"other_infections","N7110","ICD10","","other_infections","Code/00_inputs/canonical_icd_codes.csv","Hospital diagnosis code included in canonical event definition."
"other_infections","N719","ICD10","","other_infections","Code/00_inputs/canonical_icd_codes.csv","Hospital diagnosis code included in canonical event definition."
"other_infections","N7190","ICD10","","other_infections","Code/00_inputs/canonical_icd_codes.csv","Hospital diagnosis code included in canonical event definition."
"other_infections","N72","ICD10","","other_infections","Code/00_inputs/canonical_icd_codes.csv","Hospital diagnosis code included in canonical event definition."
"other_infections","N720","ICD10","","other_infections","Code/00_inputs/canonical_icd_codes.csv","Hospital diagnosis code included in canonical event definition."
"other_infections","N7200","ICD10","","other_infections","Code/00_inputs/canonical_icd_codes.csv","Hospital diagnosis code included in canonical event definition."
"other_infections","N730","ICD10","","other_infections","Code/00_inputs/canonical_icd_codes.csv","Hospital diagnosis code included in canonical event definition."
"other_infections","N7300","ICD10","","other_infections","Code/00_inputs/canonical_icd_codes.csv","Hospital diagnosis code included in canonical event definition."
"other_infections","N731","ICD10","","other_infections","Code/00_inputs/canonical_icd_codes.csv","Hospital diagnosis code included in canonical event definition."
"other_infections","N7310","ICD10","","other_infections","Code/00_inputs/canonical_icd_codes.csv","Hospital diagnosis code included in canonical event definition."
"other_infections","N733","ICD10","","other_infections","Code/00_inputs/canonical_icd_codes.csv","Hospital diagnosis code included in canonical event definition."
"other_infections","N7330","ICD10","","other_infections","Code/00_inputs/canonical_icd_codes.csv","Hospital diagnosis code included in canonical event definition."
"other_infections","N734","ICD10","","other_infections","Code/00_inputs/canonical_icd_codes.csv","Hospital diagnosis code included in canonical event definition."
"other_infections","N7340","ICD10","","other_infections","Code/00_inputs/canonical_icd_codes.csv","Hospital diagnosis code included in canonical event definition."
"other_infections","N736","ICD10","","other_infections","Code/00_inputs/canonical_icd_codes.csv","Hospital diagnosis code included in canonical event definition."
"other_infections","N7360","ICD10","","other_infections","Code/00_inputs/canonical_icd_codes.csv","Hospital diagnosis code included in canonical event definition."
"other_infections","N738","ICD10","","other_infections","Code/00_inputs/canonical_icd_codes.csv","Hospital diagnosis code included in canonical event definition."
"other_infections","N7380","ICD10","","other_infections","Code/00_inputs/canonical_icd_codes.csv","Hospital diagnosis code included in canonical event definition."
"other_infections","N739","ICD10","","other_infections","Code/00_inputs/canonical_icd_codes.csv","Hospital diagnosis code included in canonical event definition."
"other_infections","N7390","ICD10","","other_infections","Code/00_inputs/canonical_icd_codes.csv","Hospital diagnosis code included in canonical event definition."
"other_infections","N750","ICD10","","other_infections","Code/00_inputs/canonical_icd_codes.csv","Hospital diagnosis code included in canonical event definition."
"other_infections","N7500","ICD10","","other_infections","Code/00_inputs/canonical_icd_codes.csv","Hospital diagnosis code included in canonical event definition."
"other_infections","N751","ICD10","","other_infections","Code/00_inputs/canonical_icd_codes.csv","Hospital diagnosis code included in canonical event definition."
"other_infections","N7510","ICD10","","other_infections","Code/00_inputs/canonical_icd_codes.csv","Hospital diagnosis code included in canonical event definition."
"other_infections","N760","ICD10","","other_infections","Code/00_inputs/canonical_icd_codes.csv","Hospital diagnosis code included in canonical event definition."
"other_infections","N7600","ICD10","","other_infections","Code/00_inputs/canonical_icd_codes.csv","Hospital diagnosis code included in canonical event definition."
"other_infections","N764","ICD10","","other_infections","Code/00_inputs/canonical_icd_codes.csv","Hospital diagnosis code included in canonical event definition."
"other_infections","N7640","ICD10","","other_infections","Code/00_inputs/canonical_icd_codes.csv","Hospital diagnosis code included in canonical event definition."
"other_infections","N766","ICD10","","other_infections","Code/00_inputs/canonical_icd_codes.csv","Hospital diagnosis code included in canonical event definition."
"other_infections","N7660","ICD10","","other_infections","Code/00_inputs/canonical_icd_codes.csv","Hospital diagnosis code included in canonical event definition."
"other_infections","N768","ICD10","","other_infections","Code/00_inputs/canonical_icd_codes.csv","Hospital diagnosis code included in canonical event definition."
"other_infections","N7680","ICD10","","other_infections","Code/00_inputs/canonical_icd_codes.csv","Hospital diagnosis code included in canonical event definition."
"other_infections","N771","ICD10","","other_infections","Code/00_inputs/canonical_icd_codes.csv","Hospital diagnosis code included in canonical event definition."
"other_infections","N7710","ICD10","","other_infections","Code/00_inputs/canonical_icd_codes.csv","Hospital diagnosis code included in canonical event definition."
"other_infections","N778","ICD10","","other_infections","Code/00_inputs/canonical_icd_codes.csv","Hospital diagnosis code included in canonical event definition."
"other_infections","N7780","ICD10","","other_infections","Code/00_inputs/canonical_icd_codes.csv","Hospital diagnosis code included in canonical event definition."
"other_infections","O235","ICD10","","other_infections","Code/00_inputs/canonical_icd_codes.csv","Hospital diagnosis code included in canonical event definition."
"other_infections","O2350","ICD10","","other_infections","Code/00_inputs/canonical_icd_codes.csv","Hospital diagnosis code included in canonical event definition."
"other_infections","O2688","ICD10","","other_infections","Code/00_inputs/canonical_icd_codes.csv","Hospital diagnosis code included in canonical event definition."
"other_infections","O269","ICD10","","other_infections","Code/00_inputs/canonical_icd_codes.csv","Hospital diagnosis code included in canonical event definition."
"other_infections","O2690","ICD10","","other_infections","Code/00_inputs/canonical_icd_codes.csv","Hospital diagnosis code included in canonical event definition."
"other_infections","O753","ICD10","","other_infections","Code/00_inputs/canonical_icd_codes.csv","Hospital diagnosis code included in canonical event definition."
"other_infections","O7530","ICD10","","other_infections","Code/00_inputs/canonical_icd_codes.csv","Hospital diagnosis code included in canonical event definition."
"other_infections","O754","ICD10","","other_infections","Code/00_inputs/canonical_icd_codes.csv","Hospital diagnosis code included in canonical event definition."
"other_infections","O7540","ICD10","","other_infections","Code/00_inputs/canonical_icd_codes.csv","Hospital diagnosis code included in canonical event definition."
"other_infections","O758","ICD10","","other_infections","Code/00_inputs/canonical_icd_codes.csv","Hospital diagnosis code included in canonical event definition."
"other_infections","O7580","ICD10","","other_infections","Code/00_inputs/canonical_icd_codes.csv","Hospital diagnosis code included in canonical event definition."
"other_infections","O908","ICD10","","other_infections","Code/00_inputs/canonical_icd_codes.csv","Hospital diagnosis code included in canonical event definition."
"other_infections","O9080","ICD10","","other_infections","Code/00_inputs/canonical_icd_codes.csv","Hospital diagnosis code included in canonical event definition."
"other_infections","O9100","ICD10","","other_infections","Code/00_inputs/canonical_icd_codes.csv","Hospital diagnosis code included in canonical event definition."
"other_infections","O9110","ICD10","","other_infections","Code/00_inputs/canonical_icd_codes.csv","Hospital diagnosis code included in canonical event definition."
"other_infections","O9120","ICD10","","other_infections","Code/00_inputs/canonical_icd_codes.csv","Hospital diagnosis code included in canonical event definition."
"other_infections","O980","ICD10","","other_infections","Code/00_inputs/canonical_icd_codes.csv","Hospital diagnosis code included in canonical event definition."
"other_infections","O9800","ICD10","","other_infections","Code/00_inputs/canonical_icd_codes.csv","Hospital diagnosis code included in canonical event definition."
"other_infections","O981","ICD10","","other_infections","Code/00_inputs/canonical_icd_codes.csv","Hospital diagnosis code included in canonical event definition."
"other_infections","O9810","ICD10","","other_infections","Code/00_inputs/canonical_icd_codes.csv","Hospital diagnosis code included in canonical event definition."
"other_infections","O982","ICD10","","other_infections","Code/00_inputs/canonical_icd_codes.csv","Hospital diagnosis code included in canonical event definition."
"other_infections","O9820","ICD10","","other_infections","Code/00_inputs/canonical_icd_codes.csv","Hospital diagnosis code included in canonical event definition."
"other_infections","O983","ICD10","","other_infections","Code/00_inputs/canonical_icd_codes.csv","Hospital diagnosis code included in canonical event definition."
"other_infections","O9830","ICD10","","other_infections","Code/00_inputs/canonical_icd_codes.csv","Hospital diagnosis code included in canonical event definition."
"other_infections","O985","ICD10","","other_infections","Code/00_inputs/canonical_icd_codes.csv","Hospital diagnosis code included in canonical event definition."
"other_infections","O9850","ICD10","","other_infections","Code/00_inputs/canonical_icd_codes.csv","Hospital diagnosis code included in canonical event definition."
"other_infections","O986","ICD10","","other_infections","Code/00_inputs/canonical_icd_codes.csv","Hospital diagnosis code included in canonical event definition."
"other_infections","O9860","ICD10","","other_infections","Code/00_inputs/canonical_icd_codes.csv","Hospital diagnosis code included in canonical event definition."
"other_infections","O988","ICD10","","other_infections","Code/00_inputs/canonical_icd_codes.csv","Hospital diagnosis code included in canonical event definition."
"other_infections","O9880","ICD10","","other_infections","Code/00_inputs/canonical_icd_codes.csv","Hospital diagnosis code included in canonical event definition."
"other_infections","O989","ICD10","","other_infections","Code/00_inputs/canonical_icd_codes.csv","Hospital diagnosis code included in canonical event definition."
"other_infections","O9890","ICD10","","other_infections","Code/00_inputs/canonical_icd_codes.csv","Hospital diagnosis code included in canonical event definition."
"other_infections","P378","ICD10","","other_infections","Code/00_inputs/canonical_icd_codes.csv","Hospital diagnosis code included in canonical event definition."
"other_infections","P3780","ICD10","","other_infections","Code/00_inputs/canonical_icd_codes.csv","Hospital diagnosis code included in canonical event definition."
"other_infections","P390","ICD10","","other_infections","Code/00_inputs/canonical_icd_codes.csv","Hospital diagnosis code included in canonical event definition."
"other_infections","P3900","ICD10","","other_infections","Code/00_inputs/canonical_icd_codes.csv","Hospital diagnosis code included in canonical event definition."
"other_infections","P391","ICD10","","other_infections","Code/00_inputs/canonical_icd_codes.csv","Hospital diagnosis code included in canonical event definition."
"other_infections","P3910","ICD10","","other_infections","Code/00_inputs/canonical_icd_codes.csv","Hospital diagnosis code included in canonical event definition."
"other_infections","R091","ICD10","","other_infections","Code/00_inputs/canonical_icd_codes.csv","Hospital diagnosis code included in canonical event definition."
"other_infections","R0910","ICD10","","other_infections","Code/00_inputs/canonical_icd_codes.csv","Hospital diagnosis code included in canonical event definition."
"other_infections","T802","ICD10","","other_infections","Code/00_inputs/canonical_icd_codes.csv","Hospital diagnosis code included in canonical event definition."
"other_infections","T8020","ICD10","","other_infections","Code/00_inputs/canonical_icd_codes.csv","Hospital diagnosis code included in canonical event definition."
"other_infections","T814","ICD10","","other_infections","Code/00_inputs/canonical_icd_codes.csv","Hospital diagnosis code included in canonical event definition."
"other_infections","T8140","ICD10","","other_infections","Code/00_inputs/canonical_icd_codes.csv","Hospital diagnosis code included in canonical event definition."
"other_infections","T826","ICD10","","other_infections","Code/00_inputs/canonical_icd_codes.csv","Hospital diagnosis code included in canonical event definition."
"other_infections","T8260","ICD10","","other_infections","Code/00_inputs/canonical_icd_codes.csv","Hospital diagnosis code included in canonical event definition."
"other_infections","T827","ICD10","","other_infections","Code/00_inputs/canonical_icd_codes.csv","Hospital diagnosis code included in canonical event definition."
"other_infections","T8270","ICD10","","other_infections","Code/00_inputs/canonical_icd_codes.csv","Hospital diagnosis code included in canonical event definition."
"other_infections","T828","ICD10","","other_infections","Code/00_inputs/canonical_icd_codes.csv","Hospital diagnosis code included in canonical event definition."
"other_infections","T8280","ICD10","","other_infections","Code/00_inputs/canonical_icd_codes.csv","Hospital diagnosis code included in canonical event definition."
"other_infections","T835","ICD10","","other_infections","Code/00_inputs/canonical_icd_codes.csv","Hospital diagnosis code included in canonical event definition."
"other_infections","T8350","ICD10","","other_infections","Code/00_inputs/canonical_icd_codes.csv","Hospital diagnosis code included in canonical event definition."
"other_infections","T838","ICD10","","other_infections","Code/00_inputs/canonical_icd_codes.csv","Hospital diagnosis code included in canonical event definition."
"other_infections","T8380","ICD10","","other_infections","Code/00_inputs/canonical_icd_codes.csv","Hospital diagnosis code included in canonical event definition."
"other_infections","T845","ICD10","","other_infections","Code/00_inputs/canonical_icd_codes.csv","Hospital diagnosis code included in canonical event definition."
"other_infections","T8450","ICD10","","other_infections","Code/00_inputs/canonical_icd_codes.csv","Hospital diagnosis code included in canonical event definition."
"other_infections","T846","ICD10","","other_infections","Code/00_inputs/canonical_icd_codes.csv","Hospital diagnosis code included in canonical event definition."
"other_infections","T8460","ICD10","","other_infections","Code/00_inputs/canonical_icd_codes.csv","Hospital diagnosis code included in canonical event definition."
"other_infections","T848","ICD10","","other_infections","Code/00_inputs/canonical_icd_codes.csv","Hospital diagnosis code included in canonical event definition."
"other_infections","T8480","ICD10","","other_infections","Code/00_inputs/canonical_icd_codes.csv","Hospital diagnosis code included in canonical event definition."
"other_infections","T8571","ICD10","","other_infections","Code/00_inputs/canonical_icd_codes.csv","Hospital diagnosis code included in canonical event definition."
"other_infections","T8578","ICD10","","other_infections","Code/00_inputs/canonical_icd_codes.csv","Hospital diagnosis code included in canonical event definition."
"other_infections","T8581","ICD10","","other_infections","Code/00_inputs/canonical_icd_codes.csv","Hospital diagnosis code included in canonical event definition."
"other_infections","T8588","ICD10","","other_infections","Code/00_inputs/canonical_icd_codes.csv","Hospital diagnosis code included in canonical event definition."
"other_infections","T860","ICD10","","other_infections","Code/00_inputs/canonical_icd_codes.csv","Hospital diagnosis code included in canonical event definition."
"other_infections","T8600","ICD10","","other_infections","Code/00_inputs/canonical_icd_codes.csv","Hospital diagnosis code included in canonical event definition."
"other_infections","T861","ICD10","","other_infections","Code/00_inputs/canonical_icd_codes.csv","Hospital diagnosis code included in canonical event definition."
"other_infections","T8610","ICD10","","other_infections","Code/00_inputs/canonical_icd_codes.csv","Hospital diagnosis code included in canonical event definition."
"other_infections","T862","ICD10","","other_infections","Code/00_inputs/canonical_icd_codes.csv","Hospital diagnosis code included in canonical event definition."
"other_infections","T8620","ICD10","","other_infections","Code/00_inputs/canonical_icd_codes.csv","Hospital diagnosis code included in canonical event definition."
"other_infections","T864","ICD10","","other_infections","Code/00_inputs/canonical_icd_codes.csv","Hospital diagnosis code included in canonical event definition."
"other_infections","T8640","ICD10","","other_infections","Code/00_inputs/canonical_icd_codes.csv","Hospital diagnosis code included in canonical event definition."
"other_infections","T8681","ICD10","","other_infections","Code/00_inputs/canonical_icd_codes.csv","Hospital diagnosis code included in canonical event definition."
"other_infections","T8682","ICD10","","other_infections","Code/00_inputs/canonical_icd_codes.csv","Hospital diagnosis code included in canonical event definition."
"other_infections","T8688","ICD10","","other_infections","Code/00_inputs/canonical_icd_codes.csv","Hospital diagnosis code included in canonical event definition."
"other_infections","T869","ICD10","","other_infections","Code/00_inputs/canonical_icd_codes.csv","Hospital diagnosis code included in canonical event definition."
"other_infections","T8690","ICD10","","other_infections","Code/00_inputs/canonical_icd_codes.csv","Hospital diagnosis code included in canonical event definition."
"other_infections","T870","ICD10","","other_infections","Code/00_inputs/canonical_icd_codes.csv","Hospital diagnosis code included in canonical event definition."
"other_infections","T8700","ICD10","","other_infections","Code/00_inputs/canonical_icd_codes.csv","Hospital diagnosis code included in canonical event definition."
"other_infections","T871","ICD10","","other_infections","Code/00_inputs/canonical_icd_codes.csv","Hospital diagnosis code included in canonical event definition."
"other_infections","T8710","ICD10","","other_infections","Code/00_inputs/canonical_icd_codes.csv","Hospital diagnosis code included in canonical event definition."
"other_infections","T872","ICD10","","other_infections","Code/00_inputs/canonical_icd_codes.csv","Hospital diagnosis code included in canonical event definition."
"other_infections","T8720","ICD10","","other_infections","Code/00_inputs/canonical_icd_codes.csv","Hospital diagnosis code included in canonical event definition."
"other_infections","T874","ICD10","","other_infections","Code/00_inputs/canonical_icd_codes.csv","Hospital diagnosis code included in canonical event definition."
"other_infections","T8740","ICD10","","other_infections","Code/00_inputs/canonical_icd_codes.csv","Hospital diagnosis code included in canonical event definition."
"Pancreatic cancer","C25","ICD10","","Pancreatic cancer","Code/00_inputs/canonical_icd_codes.csv","Hospital diagnosis code included in canonical event definition."
"Pancreatic cancer","C250","ICD10","","Pancreatic cancer","Code/00_inputs/canonical_icd_codes.csv","Hospital diagnosis code included in canonical event definition."
"Pancreatic cancer","C2500","ICD10","","Pancreatic cancer","Code/00_inputs/canonical_icd_codes.csv","Hospital diagnosis code included in canonical event definition."
"Pancreatic cancer","C251","ICD10","","Pancreatic cancer","Code/00_inputs/canonical_icd_codes.csv","Hospital diagnosis code included in canonical event definition."
"Pancreatic cancer","C2510","ICD10","","Pancreatic cancer","Code/00_inputs/canonical_icd_codes.csv","Hospital diagnosis code included in canonical event definition."
"Pancreatic cancer","C252","ICD10","","Pancreatic cancer","Code/00_inputs/canonical_icd_codes.csv","Hospital diagnosis code included in canonical event definition."
"Pancreatic cancer","C2520","ICD10","","Pancreatic cancer","Code/00_inputs/canonical_icd_codes.csv","Hospital diagnosis code included in canonical event definition."
"Pancreatic cancer","C253","ICD10","","Pancreatic cancer","Code/00_inputs/canonical_icd_codes.csv","Hospital diagnosis code included in canonical event definition."
"Pancreatic cancer","C2530","ICD10","","Pancreatic cancer","Code/00_inputs/canonical_icd_codes.csv","Hospital diagnosis code included in canonical event definition."
"Pancreatic cancer","C254","ICD10","","Pancreatic cancer","Code/00_inputs/canonical_icd_codes.csv","Hospital diagnosis code included in canonical event definition."
"Pancreatic cancer","C2540","ICD10","","Pancreatic cancer","Code/00_inputs/canonical_icd_codes.csv","Hospital diagnosis code included in canonical event definition."
"Pancreatic cancer","C257","ICD10","","Pancreatic cancer","Code/00_inputs/canonical_icd_codes.csv","Hospital diagnosis code included in canonical event definition."
"Pancreatic cancer","C2570","ICD10","","Pancreatic cancer","Code/00_inputs/canonical_icd_codes.csv","Hospital diagnosis code included in canonical event definition."
"Pancreatic cancer","C258","ICD10","","Pancreatic cancer","Code/00_inputs/canonical_icd_codes.csv","Hospital diagnosis code included in canonical event definition."
"Pancreatic cancer","C2580","ICD10","","Pancreatic cancer","Code/00_inputs/canonical_icd_codes.csv","Hospital diagnosis code included in canonical event definition."
"Pancreatic cancer","C259","ICD10","","Pancreatic cancer","Code/00_inputs/canonical_icd_codes.csv","Hospital diagnosis code included in canonical event definition."
"Pancreatic cancer","C2590","ICD10","","Pancreatic cancer","Code/00_inputs/canonical_icd_codes.csv","Hospital diagnosis code included in canonical event definition."
"parkinsons","G20","ICD10","","parkinsons","Code/00_inputs/canonical_icd_codes.csv","Hospital diagnosis code included in canonical event definition."
"parkinsons","G210","ICD10","","parkinsons","Code/00_inputs/canonical_icd_codes.csv","Hospital diagnosis code included in canonical event definition."
"parkinsons","G211","ICD10","","parkinsons","Code/00_inputs/canonical_icd_codes.csv","Hospital diagnosis code included in canonical event definition."
"parkinsons","G212","ICD10","","parkinsons","Code/00_inputs/canonical_icd_codes.csv","Hospital diagnosis code included in canonical event definition."
"parkinsons","G213","ICD10","","parkinsons","Code/00_inputs/canonical_icd_codes.csv","Hospital diagnosis code included in canonical event definition."
"parkinsons","G218","ICD10","","parkinsons","Code/00_inputs/canonical_icd_codes.csv","Hospital diagnosis code included in canonical event definition."
"parkinsons","G219","ICD10","","parkinsons","Code/00_inputs/canonical_icd_codes.csv","Hospital diagnosis code included in canonical event definition."
"rheumatological_diseases","D800","ICD10","","rheumatological_diseases","Code/00_inputs/canonical_icd_codes.csv","Hospital diagnosis code included in canonical event definition."
"rheumatological_diseases","D801","ICD10","","rheumatological_diseases","Code/00_inputs/canonical_icd_codes.csv","Hospital diagnosis code included in canonical event definition."
"rheumatological_diseases","D802","ICD10","","rheumatological_diseases","Code/00_inputs/canonical_icd_codes.csv","Hospital diagnosis code included in canonical event definition."
"rheumatological_diseases","D803","ICD10","","rheumatological_diseases","Code/00_inputs/canonical_icd_codes.csv","Hospital diagnosis code included in canonical event definition."
"rheumatological_diseases","D804","ICD10","","rheumatological_diseases","Code/00_inputs/canonical_icd_codes.csv","Hospital diagnosis code included in canonical event definition."
"rheumatological_diseases","D805","ICD10","","rheumatological_diseases","Code/00_inputs/canonical_icd_codes.csv","Hospital diagnosis code included in canonical event definition."
"rheumatological_diseases","D806","ICD10","","rheumatological_diseases","Code/00_inputs/canonical_icd_codes.csv","Hospital diagnosis code included in canonical event definition."
"rheumatological_diseases","D808","ICD10","","rheumatological_diseases","Code/00_inputs/canonical_icd_codes.csv","Hospital diagnosis code included in canonical event definition."
"rheumatological_diseases","D809","ICD10","","rheumatological_diseases","Code/00_inputs/canonical_icd_codes.csv","Hospital diagnosis code included in canonical event definition."
"rheumatological_diseases","D810","ICD10","","rheumatological_diseases","Code/00_inputs/canonical_icd_codes.csv","Hospital diagnosis code included in canonical event definition."
"rheumatological_diseases","D811","ICD10","","rheumatological_diseases","Code/00_inputs/canonical_icd_codes.csv","Hospital diagnosis code included in canonical event definition."
"rheumatological_diseases","D818","ICD10","","rheumatological_diseases","Code/00_inputs/canonical_icd_codes.csv","Hospital diagnosis code included in canonical event definition."
"rheumatological_diseases","D819","ICD10","","rheumatological_diseases","Code/00_inputs/canonical_icd_codes.csv","Hospital diagnosis code included in canonical event definition."
"rheumatological_diseases","D821","ICD10","","rheumatological_diseases","Code/00_inputs/canonical_icd_codes.csv","Hospital diagnosis code included in canonical event definition."
"rheumatological_diseases","D823","ICD10","","rheumatological_diseases","Code/00_inputs/canonical_icd_codes.csv","Hospital diagnosis code included in canonical event definition."
"rheumatological_diseases","D824","ICD10","","rheumatological_diseases","Code/00_inputs/canonical_icd_codes.csv","Hospital diagnosis code included in canonical event definition."
"rheumatological_diseases","D828","ICD10","","rheumatological_diseases","Code/00_inputs/canonical_icd_codes.csv","Hospital diagnosis code included in canonical event definition."
"rheumatological_diseases","D829","ICD10","","rheumatological_diseases","Code/00_inputs/canonical_icd_codes.csv","Hospital diagnosis code included in canonical event definition."
"rheumatological_diseases","D830","ICD10","","rheumatological_diseases","Code/00_inputs/canonical_icd_codes.csv","Hospital diagnosis code included in canonical event definition."
"rheumatological_diseases","D831","ICD10","","rheumatological_diseases","Code/00_inputs/canonical_icd_codes.csv","Hospital diagnosis code included in canonical event definition."
"rheumatological_diseases","D832","ICD10","","rheumatological_diseases","Code/00_inputs/canonical_icd_codes.csv","Hospital diagnosis code included in canonical event definition."
"rheumatological_diseases","D838","ICD10","","rheumatological_diseases","Code/00_inputs/canonical_icd_codes.csv","Hospital diagnosis code included in canonical event definition."
"rheumatological_diseases","D839","ICD10","","rheumatological_diseases","Code/00_inputs/canonical_icd_codes.csv","Hospital diagnosis code included in canonical event definition."
"rheumatological_diseases","D841","ICD10","","rheumatological_diseases","Code/00_inputs/canonical_icd_codes.csv","Hospital diagnosis code included in canonical event definition."
"rheumatological_diseases","D848","ICD10","","rheumatological_diseases","Code/00_inputs/canonical_icd_codes.csv","Hospital diagnosis code included in canonical event definition."
"rheumatological_diseases","D849","ICD10","","rheumatological_diseases","Code/00_inputs/canonical_icd_codes.csv","Hospital diagnosis code included in canonical event definition."
"rheumatological_diseases","D860","ICD10","","rheumatological_diseases","Code/00_inputs/canonical_icd_codes.csv","Hospital diagnosis code included in canonical event definition."
"rheumatological_diseases","D861","ICD10","","rheumatological_diseases","Code/00_inputs/canonical_icd_codes.csv","Hospital diagnosis code included in canonical event definition."
"rheumatological_diseases","D862","ICD10","","rheumatological_diseases","Code/00_inputs/canonical_icd_codes.csv","Hospital diagnosis code included in canonical event definition."
"rheumatological_diseases","D863","ICD10","","rheumatological_diseases","Code/00_inputs/canonical_icd_codes.csv","Hospital diagnosis code included in canonical event definition."
"rheumatological_diseases","D868","ICD10","","rheumatological_diseases","Code/00_inputs/canonical_icd_codes.csv","Hospital diagnosis code included in canonical event definition."
"rheumatological_diseases","D869","ICD10","","rheumatological_diseases","Code/00_inputs/canonical_icd_codes.csv","Hospital diagnosis code included in canonical event definition."
"rheumatological_diseases","D890","ICD10","","rheumatological_diseases","Code/00_inputs/canonical_icd_codes.csv","Hospital diagnosis code included in canonical event definition."
"rheumatological_diseases","D891","ICD10","","rheumatological_diseases","Code/00_inputs/canonical_icd_codes.csv","Hospital diagnosis code included in canonical event definition."
"rheumatological_diseases","D892","ICD10","","rheumatological_diseases","Code/00_inputs/canonical_icd_codes.csv","Hospital diagnosis code included in canonical event definition."
"rheumatological_diseases","D898","ICD10","","rheumatological_diseases","Code/00_inputs/canonical_icd_codes.csv","Hospital diagnosis code included in canonical event definition."
"rheumatological_diseases","D899","ICD10","","rheumatological_diseases","Code/00_inputs/canonical_icd_codes.csv","Hospital diagnosis code included in canonical event definition."
"rheumatological_diseases","M0500","ICD10","","rheumatological_diseases","Code/00_inputs/canonical_icd_codes.csv","Hospital diagnosis code included in canonical event definition."
"rheumatological_diseases","M0502","ICD10","","rheumatological_diseases","Code/00_inputs/canonical_icd_codes.csv","Hospital diagnosis code included in canonical event definition."
"rheumatological_diseases","M0503","ICD10","","rheumatological_diseases","Code/00_inputs/canonical_icd_codes.csv","Hospital diagnosis code included in canonical event definition."
"rheumatological_diseases","M0504","ICD10","","rheumatological_diseases","Code/00_inputs/canonical_icd_codes.csv","Hospital diagnosis code included in canonical event definition."
"rheumatological_diseases","M0505","ICD10","","rheumatological_diseases","Code/00_inputs/canonical_icd_codes.csv","Hospital diagnosis code included in canonical event definition."
"rheumatological_diseases","M0506","ICD10","","rheumatological_diseases","Code/00_inputs/canonical_icd_codes.csv","Hospital diagnosis code included in canonical event definition."
"rheumatological_diseases","M0507","ICD10","","rheumatological_diseases","Code/00_inputs/canonical_icd_codes.csv","Hospital diagnosis code included in canonical event definition."
"rheumatological_diseases","M0508","ICD10","","rheumatological_diseases","Code/00_inputs/canonical_icd_codes.csv","Hospital diagnosis code included in canonical event definition."
"rheumatological_diseases","M0509","ICD10","","rheumatological_diseases","Code/00_inputs/canonical_icd_codes.csv","Hospital diagnosis code included in canonical event definition."
"rheumatological_diseases","M0520","ICD10","","rheumatological_diseases","Code/00_inputs/canonical_icd_codes.csv","Hospital diagnosis code included in canonical event definition."
"rheumatological_diseases","M0521","ICD10","","rheumatological_diseases","Code/00_inputs/canonical_icd_codes.csv","Hospital diagnosis code included in canonical event definition."
"rheumatological_diseases","M0522","ICD10","","rheumatological_diseases","Code/00_inputs/canonical_icd_codes.csv","Hospital diagnosis code included in canonical event definition."
"rheumatological_diseases","M0523","ICD10","","rheumatological_diseases","Code/00_inputs/canonical_icd_codes.csv","Hospital diagnosis code included in canonical event definition."
"rheumatological_diseases","M0524","ICD10","","rheumatological_diseases","Code/00_inputs/canonical_icd_codes.csv","Hospital diagnosis code included in canonical event definition."
"rheumatological_diseases","M0525","ICD10","","rheumatological_diseases","Code/00_inputs/canonical_icd_codes.csv","Hospital diagnosis code included in canonical event definition."
"rheumatological_diseases","M0526","ICD10","","rheumatological_diseases","Code/00_inputs/canonical_icd_codes.csv","Hospital diagnosis code included in canonical event definition."
"rheumatological_diseases","M0527","ICD10","","rheumatological_diseases","Code/00_inputs/canonical_icd_codes.csv","Hospital diagnosis code included in canonical event definition."
"rheumatological_diseases","M0528","ICD10","","rheumatological_diseases","Code/00_inputs/canonical_icd_codes.csv","Hospital diagnosis code included in canonical event definition."
"rheumatological_diseases","M0529","ICD10","","rheumatological_diseases","Code/00_inputs/canonical_icd_codes.csv","Hospital diagnosis code included in canonical event definition."
"rheumatological_diseases","M0530","ICD10","","rheumatological_diseases","Code/00_inputs/canonical_icd_codes.csv","Hospital diagnosis code included in canonical event definition."
"rheumatological_diseases","M0531","ICD10","","rheumatological_diseases","Code/00_inputs/canonical_icd_codes.csv","Hospital diagnosis code included in canonical event definition."
"rheumatological_diseases","M0532","ICD10","","rheumatological_diseases","Code/00_inputs/canonical_icd_codes.csv","Hospital diagnosis code included in canonical event definition."
"rheumatological_diseases","M0533","ICD10","","rheumatological_diseases","Code/00_inputs/canonical_icd_codes.csv","Hospital diagnosis code included in canonical event definition."
"rheumatological_diseases","M0534","ICD10","","rheumatological_diseases","Code/00_inputs/canonical_icd_codes.csv","Hospital diagnosis code included in canonical event definition."
"rheumatological_diseases","M0535","ICD10","","rheumatological_diseases","Code/00_inputs/canonical_icd_codes.csv","Hospital diagnosis code included in canonical event definition."
"rheumatological_diseases","M0536","ICD10","","rheumatological_diseases","Code/00_inputs/canonical_icd_codes.csv","Hospital diagnosis code included in canonical event definition."
"rheumatological_diseases","M0537","ICD10","","rheumatological_diseases","Code/00_inputs/canonical_icd_codes.csv","Hospital diagnosis code included in canonical event definition."
"rheumatological_diseases","M0538","ICD10","","rheumatological_diseases","Code/00_inputs/canonical_icd_codes.csv","Hospital diagnosis code included in canonical event definition."
"rheumatological_diseases","M0539","ICD10","","rheumatological_diseases","Code/00_inputs/canonical_icd_codes.csv","Hospital diagnosis code included in canonical event definition."
"rheumatological_diseases","M0580","ICD10","","rheumatological_diseases","Code/00_inputs/canonical_icd_codes.csv","Hospital diagnosis code included in canonical event definition."
"rheumatological_diseases","M0581","ICD10","","rheumatological_diseases","Code/00_inputs/canonical_icd_codes.csv","Hospital diagnosis code included in canonical event definition."
"rheumatological_diseases","M0582","ICD10","","rheumatological_diseases","Code/00_inputs/canonical_icd_codes.csv","Hospital diagnosis code included in canonical event definition."
"rheumatological_diseases","M0583","ICD10","","rheumatological_diseases","Code/00_inputs/canonical_icd_codes.csv","Hospital diagnosis code included in canonical event definition."
"rheumatological_diseases","M0584","ICD10","","rheumatological_diseases","Code/00_inputs/canonical_icd_codes.csv","Hospital diagnosis code included in canonical event definition."
"rheumatological_diseases","M0585","ICD10","","rheumatological_diseases","Code/00_inputs/canonical_icd_codes.csv","Hospital diagnosis code included in canonical event definition."
"rheumatological_diseases","M0586","ICD10","","rheumatological_diseases","Code/00_inputs/canonical_icd_codes.csv","Hospital diagnosis code included in canonical event definition."
"rheumatological_diseases","M0587","ICD10","","rheumatological_diseases","Code/00_inputs/canonical_icd_codes.csv","Hospital diagnosis code included in canonical event definition."
"rheumatological_diseases","M0588","ICD10","","rheumatological_diseases","Code/00_inputs/canonical_icd_codes.csv","Hospital diagnosis code included in canonical event definition."
"rheumatological_diseases","M0589","ICD10","","rheumatological_diseases","Code/00_inputs/canonical_icd_codes.csv","Hospital diagnosis code included in canonical event definition."
"rheumatological_diseases","M0590","ICD10","","rheumatological_diseases","Code/00_inputs/canonical_icd_codes.csv","Hospital diagnosis code included in canonical event definition."
"rheumatological_diseases","M0591","ICD10","","rheumatological_diseases","Code/00_inputs/canonical_icd_codes.csv","Hospital diagnosis code included in canonical event definition."
"rheumatological_diseases","M0592","ICD10","","rheumatological_diseases","Code/00_inputs/canonical_icd_codes.csv","Hospital diagnosis code included in canonical event definition."
"rheumatological_diseases","M0593","ICD10","","rheumatological_diseases","Code/00_inputs/canonical_icd_codes.csv","Hospital diagnosis code included in canonical event definition."
"rheumatological_diseases","M0594","ICD10","","rheumatological_diseases","Code/00_inputs/canonical_icd_codes.csv","Hospital diagnosis code included in canonical event definition."
"rheumatological_diseases","M0595","ICD10","","rheumatological_diseases","Code/00_inputs/canonical_icd_codes.csv","Hospital diagnosis code included in canonical event definition."
"rheumatological_diseases","M0596","ICD10","","rheumatological_diseases","Code/00_inputs/canonical_icd_codes.csv","Hospital diagnosis code included in canonical event definition."
"rheumatological_diseases","M0597","ICD10","","rheumatological_diseases","Code/00_inputs/canonical_icd_codes.csv","Hospital diagnosis code included in canonical event definition."
"rheumatological_diseases","M0598","ICD10","","rheumatological_diseases","Code/00_inputs/canonical_icd_codes.csv","Hospital diagnosis code included in canonical event definition."
"rheumatological_diseases","M0599","ICD10","","rheumatological_diseases","Code/00_inputs/canonical_icd_codes.csv","Hospital diagnosis code included in canonical event definition."
"rheumatological_diseases","M0600","ICD10","","rheumatological_diseases","Code/00_inputs/canonical_icd_codes.csv","Hospital diagnosis code included in canonical event definition."
"rheumatological_diseases","M0601","ICD10","","rheumatological_diseases","Code/00_inputs/canonical_icd_codes.csv","Hospital diagnosis code included in canonical event definition."
"rheumatological_diseases","M0602","ICD10","","rheumatological_diseases","Code/00_inputs/canonical_icd_codes.csv","Hospital diagnosis code included in canonical event definition."
"rheumatological_diseases","M0603","ICD10","","rheumatological_diseases","Code/00_inputs/canonical_icd_codes.csv","Hospital diagnosis code included in canonical event definition."
"rheumatological_diseases","M0604","ICD10","","rheumatological_diseases","Code/00_inputs/canonical_icd_codes.csv","Hospital diagnosis code included in canonical event definition."
"rheumatological_diseases","M0605","ICD10","","rheumatological_diseases","Code/00_inputs/canonical_icd_codes.csv","Hospital diagnosis code included in canonical event definition."
"rheumatological_diseases","M0606","ICD10","","rheumatological_diseases","Code/00_inputs/canonical_icd_codes.csv","Hospital diagnosis code included in canonical event definition."
"rheumatological_diseases","M0607","ICD10","","rheumatological_diseases","Code/00_inputs/canonical_icd_codes.csv","Hospital diagnosis code included in canonical event definition."
"rheumatological_diseases","M0608","ICD10","","rheumatological_diseases","Code/00_inputs/canonical_icd_codes.csv","Hospital diagnosis code included in canonical event definition."
"rheumatological_diseases","M0609","ICD10","","rheumatological_diseases","Code/00_inputs/canonical_icd_codes.csv","Hospital diagnosis code included in canonical event definition."
"rheumatological_diseases","M0610","ICD10","","rheumatological_diseases","Code/00_inputs/canonical_icd_codes.csv","Hospital diagnosis code included in canonical event definition."
"rheumatological_diseases","M0611","ICD10","","rheumatological_diseases","Code/00_inputs/canonical_icd_codes.csv","Hospital diagnosis code included in canonical event definition."
"rheumatological_diseases","M0612","ICD10","","rheumatological_diseases","Code/00_inputs/canonical_icd_codes.csv","Hospital diagnosis code included in canonical event definition."
"rheumatological_diseases","M0613","ICD10","","rheumatological_diseases","Code/00_inputs/canonical_icd_codes.csv","Hospital diagnosis code included in canonical event definition."
"rheumatological_diseases","M0614","ICD10","","rheumatological_diseases","Code/00_inputs/canonical_icd_codes.csv","Hospital diagnosis code included in canonical event definition."
"rheumatological_diseases","M0615","ICD10","","rheumatological_diseases","Code/00_inputs/canonical_icd_codes.csv","Hospital diagnosis code included in canonical event definition."
"rheumatological_diseases","M0616","ICD10","","rheumatological_diseases","Code/00_inputs/canonical_icd_codes.csv","Hospital diagnosis code included in canonical event definition."
"rheumatological_diseases","M0617","ICD10","","rheumatological_diseases","Code/00_inputs/canonical_icd_codes.csv","Hospital diagnosis code included in canonical event definition."
"rheumatological_diseases","M0618","ICD10","","rheumatological_diseases","Code/00_inputs/canonical_icd_codes.csv","Hospital diagnosis code included in canonical event definition."
"rheumatological_diseases","M0619","ICD10","","rheumatological_diseases","Code/00_inputs/canonical_icd_codes.csv","Hospital diagnosis code included in canonical event definition."
"rheumatological_diseases","M0621","ICD10","","rheumatological_diseases","Code/00_inputs/canonical_icd_codes.csv","Hospital diagnosis code included in canonical event definition."
"rheumatological_diseases","M0622","ICD10","","rheumatological_diseases","Code/00_inputs/canonical_icd_codes.csv","Hospital diagnosis code included in canonical event definition."
"rheumatological_diseases","M0623","ICD10","","rheumatological_diseases","Code/00_inputs/canonical_icd_codes.csv","Hospital diagnosis code included in canonical event definition."
"rheumatological_diseases","M0624","ICD10","","rheumatological_diseases","Code/00_inputs/canonical_icd_codes.csv","Hospital diagnosis code included in canonical event definition."
"rheumatological_diseases","M0625","ICD10","","rheumatological_diseases","Code/00_inputs/canonical_icd_codes.csv","Hospital diagnosis code included in canonical event definition."
"rheumatological_diseases","M0626","ICD10","","rheumatological_diseases","Code/00_inputs/canonical_icd_codes.csv","Hospital diagnosis code included in canonical event definition."
"rheumatological_diseases","M0627","ICD10","","rheumatological_diseases","Code/00_inputs/canonical_icd_codes.csv","Hospital diagnosis code included in canonical event definition."
"rheumatological_diseases","M0628","ICD10","","rheumatological_diseases","Code/00_inputs/canonical_icd_codes.csv","Hospital diagnosis code included in canonical event definition."
"rheumatological_diseases","M0630","ICD10","","rheumatological_diseases","Code/00_inputs/canonical_icd_codes.csv","Hospital diagnosis code included in canonical event definition."
"rheumatological_diseases","M0631","ICD10","","rheumatological_diseases","Code/00_inputs/canonical_icd_codes.csv","Hospital diagnosis code included in canonical event definition."
"rheumatological_diseases","M0632","ICD10","","rheumatological_diseases","Code/00_inputs/canonical_icd_codes.csv","Hospital diagnosis code included in canonical event definition."
"rheumatological_diseases","M0633","ICD10","","rheumatological_diseases","Code/00_inputs/canonical_icd_codes.csv","Hospital diagnosis code included in canonical event definition."
"rheumatological_diseases","M0634","ICD10","","rheumatological_diseases","Code/00_inputs/canonical_icd_codes.csv","Hospital diagnosis code included in canonical event definition."
"rheumatological_diseases","M0635","ICD10","","rheumatological_diseases","Code/00_inputs/canonical_icd_codes.csv","Hospital diagnosis code included in canonical event definition."
"rheumatological_diseases","M0636","ICD10","","rheumatological_diseases","Code/00_inputs/canonical_icd_codes.csv","Hospital diagnosis code included in canonical event definition."
"rheumatological_diseases","M0637","ICD10","","rheumatological_diseases","Code/00_inputs/canonical_icd_codes.csv","Hospital diagnosis code included in canonical event definition."
"rheumatological_diseases","M0638","ICD10","","rheumatological_diseases","Code/00_inputs/canonical_icd_codes.csv","Hospital diagnosis code included in canonical event definition."
"rheumatological_diseases","M0639","ICD10","","rheumatological_diseases","Code/00_inputs/canonical_icd_codes.csv","Hospital diagnosis code included in canonical event definition."
"rheumatological_diseases","M0640","ICD10","","rheumatological_diseases","Code/00_inputs/canonical_icd_codes.csv","Hospital diagnosis code included in canonical event definition."
"rheumatological_diseases","M0641","ICD10","","rheumatological_diseases","Code/00_inputs/canonical_icd_codes.csv","Hospital diagnosis code included in canonical event definition."
"rheumatological_diseases","M0642","ICD10","","rheumatological_diseases","Code/00_inputs/canonical_icd_codes.csv","Hospital diagnosis code included in canonical event definition."
"rheumatological_diseases","M0643","ICD10","","rheumatological_diseases","Code/00_inputs/canonical_icd_codes.csv","Hospital diagnosis code included in canonical event definition."
"rheumatological_diseases","M0644","ICD10","","rheumatological_diseases","Code/00_inputs/canonical_icd_codes.csv","Hospital diagnosis code included in canonical event definition."
"rheumatological_diseases","M0645","ICD10","","rheumatological_diseases","Code/00_inputs/canonical_icd_codes.csv","Hospital diagnosis code included in canonical event definition."
"rheumatological_diseases","M0646","ICD10","","rheumatological_diseases","Code/00_inputs/canonical_icd_codes.csv","Hospital diagnosis code included in canonical event definition."
"rheumatological_diseases","M0647","ICD10","","rheumatological_diseases","Code/00_inputs/canonical_icd_codes.csv","Hospital diagnosis code included in canonical event definition."
"rheumatological_diseases","M0648","ICD10","","rheumatological_diseases","Code/00_inputs/canonical_icd_codes.csv","Hospital diagnosis code included in canonical event definition."
"rheumatological_diseases","M0649","ICD10","","rheumatological_diseases","Code/00_inputs/canonical_icd_codes.csv","Hospital diagnosis code included in canonical event definition."
"rheumatological_diseases","M0680","ICD10","","rheumatological_diseases","Code/00_inputs/canonical_icd_codes.csv","Hospital diagnosis code included in canonical event definition."
"rheumatological_diseases","M0681","ICD10","","rheumatological_diseases","Code/00_inputs/canonical_icd_codes.csv","Hospital diagnosis code included in canonical event definition."
"rheumatological_diseases","M0682","ICD10","","rheumatological_diseases","Code/00_inputs/canonical_icd_codes.csv","Hospital diagnosis code included in canonical event definition."
"rheumatological_diseases","M0683","ICD10","","rheumatological_diseases","Code/00_inputs/canonical_icd_codes.csv","Hospital diagnosis code included in canonical event definition."
"rheumatological_diseases","M0684","ICD10","","rheumatological_diseases","Code/00_inputs/canonical_icd_codes.csv","Hospital diagnosis code included in canonical event definition."
"rheumatological_diseases","M0685","ICD10","","rheumatological_diseases","Code/00_inputs/canonical_icd_codes.csv","Hospital diagnosis code included in canonical event definition."
"rheumatological_diseases","M0686","ICD10","","rheumatological_diseases","Code/00_inputs/canonical_icd_codes.csv","Hospital diagnosis code included in canonical event definition."
"rheumatological_diseases","M0687","ICD10","","rheumatological_diseases","Code/00_inputs/canonical_icd_codes.csv","Hospital diagnosis code included in canonical event definition."
"rheumatological_diseases","M0688","ICD10","","rheumatological_diseases","Code/00_inputs/canonical_icd_codes.csv","Hospital diagnosis code included in canonical event definition."
"rheumatological_diseases","M0689","ICD10","","rheumatological_diseases","Code/00_inputs/canonical_icd_codes.csv","Hospital diagnosis code included in canonical event definition."
"rheumatological_diseases","M0690","ICD10","","rheumatological_diseases","Code/00_inputs/canonical_icd_codes.csv","Hospital diagnosis code included in canonical event definition."
"rheumatological_diseases","M0691","ICD10","","rheumatological_diseases","Code/00_inputs/canonical_icd_codes.csv","Hospital diagnosis code included in canonical event definition."
"rheumatological_diseases","M0692","ICD10","","rheumatological_diseases","Code/00_inputs/canonical_icd_codes.csv","Hospital diagnosis code included in canonical event definition."
"rheumatological_diseases","M0693","ICD10","","rheumatological_diseases","Code/00_inputs/canonical_icd_codes.csv","Hospital diagnosis code included in canonical event definition."
"rheumatological_diseases","M0694","ICD10","","rheumatological_diseases","Code/00_inputs/canonical_icd_codes.csv","Hospital diagnosis code included in canonical event definition."
"rheumatological_diseases","M0695","ICD10","","rheumatological_diseases","Code/00_inputs/canonical_icd_codes.csv","Hospital diagnosis code included in canonical event definition."
"rheumatological_diseases","M0696","ICD10","","rheumatological_diseases","Code/00_inputs/canonical_icd_codes.csv","Hospital diagnosis code included in canonical event definition."
"rheumatological_diseases","M0697","ICD10","","rheumatological_diseases","Code/00_inputs/canonical_icd_codes.csv","Hospital diagnosis code included in canonical event definition."
"rheumatological_diseases","M0698","ICD10","","rheumatological_diseases","Code/00_inputs/canonical_icd_codes.csv","Hospital diagnosis code included in canonical event definition."
"rheumatological_diseases","M0699","ICD10","","rheumatological_diseases","Code/00_inputs/canonical_icd_codes.csv","Hospital diagnosis code included in canonical event definition."
"rheumatological_diseases","M0700","ICD10","","rheumatological_diseases","Code/00_inputs/canonical_icd_codes.csv","Hospital diagnosis code included in canonical event definition."
"rheumatological_diseases","M0704","ICD10","","rheumatological_diseases","Code/00_inputs/canonical_icd_codes.csv","Hospital diagnosis code included in canonical event definition."
"rheumatological_diseases","M0707","ICD10","","rheumatological_diseases","Code/00_inputs/canonical_icd_codes.csv","Hospital diagnosis code included in canonical event definition."
"rheumatological_diseases","M0709","ICD10","","rheumatological_diseases","Code/00_inputs/canonical_icd_codes.csv","Hospital diagnosis code included in canonical event definition."
"rheumatological_diseases","M0710","ICD10","","rheumatological_diseases","Code/00_inputs/canonical_icd_codes.csv","Hospital diagnosis code included in canonical event definition."
"rheumatological_diseases","M0711","ICD10","","rheumatological_diseases","Code/00_inputs/canonical_icd_codes.csv","Hospital diagnosis code included in canonical event definition."
"rheumatological_diseases","M0712","ICD10","","rheumatological_diseases","Code/00_inputs/canonical_icd_codes.csv","Hospital diagnosis code included in canonical event definition."
"rheumatological_diseases","M0713","ICD10","","rheumatological_diseases","Code/00_inputs/canonical_icd_codes.csv","Hospital diagnosis code included in canonical event definition."
"rheumatological_diseases","M0714","ICD10","","rheumatological_diseases","Code/00_inputs/canonical_icd_codes.csv","Hospital diagnosis code included in canonical event definition."
"rheumatological_diseases","M0715","ICD10","","rheumatological_diseases","Code/00_inputs/canonical_icd_codes.csv","Hospital diagnosis code included in canonical event definition."
"rheumatological_diseases","M0716","ICD10","","rheumatological_diseases","Code/00_inputs/canonical_icd_codes.csv","Hospital diagnosis code included in canonical event definition."
"rheumatological_diseases","M0717","ICD10","","rheumatological_diseases","Code/00_inputs/canonical_icd_codes.csv","Hospital diagnosis code included in canonical event definition."
"rheumatological_diseases","M0719","ICD10","","rheumatological_diseases","Code/00_inputs/canonical_icd_codes.csv","Hospital diagnosis code included in canonical event definition."
"rheumatological_diseases","M072","ICD10","","rheumatological_diseases","Code/00_inputs/canonical_icd_codes.csv","Hospital diagnosis code included in canonical event definition."
"rheumatological_diseases","M0730","ICD10","","rheumatological_diseases","Code/00_inputs/canonical_icd_codes.csv","Hospital diagnosis code included in canonical event definition."
"rheumatological_diseases","M0731","ICD10","","rheumatological_diseases","Code/00_inputs/canonical_icd_codes.csv","Hospital diagnosis code included in canonical event definition."
"rheumatological_diseases","M0732","ICD10","","rheumatological_diseases","Code/00_inputs/canonical_icd_codes.csv","Hospital diagnosis code included in canonical event definition."
"rheumatological_diseases","M0733","ICD10","","rheumatological_diseases","Code/00_inputs/canonical_icd_codes.csv","Hospital diagnosis code included in canonical event definition."
"rheumatological_diseases","M0734","ICD10","","rheumatological_diseases","Code/00_inputs/canonical_icd_codes.csv","Hospital diagnosis code included in canonical event definition."
"rheumatological_diseases","M0735","ICD10","","rheumatological_diseases","Code/00_inputs/canonical_icd_codes.csv","Hospital diagnosis code included in canonical event definition."
"rheumatological_diseases","M0736","ICD10","","rheumatological_diseases","Code/00_inputs/canonical_icd_codes.csv","Hospital diagnosis code included in canonical event definition."
"rheumatological_diseases","M0737","ICD10","","rheumatological_diseases","Code/00_inputs/canonical_icd_codes.csv","Hospital diagnosis code included in canonical event definition."
"rheumatological_diseases","M0738","ICD10","","rheumatological_diseases","Code/00_inputs/canonical_icd_codes.csv","Hospital diagnosis code included in canonical event definition."
"rheumatological_diseases","M0739","ICD10","","rheumatological_diseases","Code/00_inputs/canonical_icd_codes.csv","Hospital diagnosis code included in canonical event definition."
"rheumatological_diseases","M0740","ICD10","","rheumatological_diseases","Code/00_inputs/canonical_icd_codes.csv","Hospital diagnosis code included in canonical event definition."
"rheumatological_diseases","M0743","ICD10","","rheumatological_diseases","Code/00_inputs/canonical_icd_codes.csv","Hospital diagnosis code included in canonical event definition."
"rheumatological_diseases","M0744","ICD10","","rheumatological_diseases","Code/00_inputs/canonical_icd_codes.csv","Hospital diagnosis code included in canonical event definition."
"rheumatological_diseases","M0745","ICD10","","rheumatological_diseases","Code/00_inputs/canonical_icd_codes.csv","Hospital diagnosis code included in canonical event definition."
"rheumatological_diseases","M0746","ICD10","","rheumatological_diseases","Code/00_inputs/canonical_icd_codes.csv","Hospital diagnosis code included in canonical event definition."
"rheumatological_diseases","M0747","ICD10","","rheumatological_diseases","Code/00_inputs/canonical_icd_codes.csv","Hospital diagnosis code included in canonical event definition."
"rheumatological_diseases","M0748","ICD10","","rheumatological_diseases","Code/00_inputs/canonical_icd_codes.csv","Hospital diagnosis code included in canonical event definition."
"rheumatological_diseases","M0749","ICD10","","rheumatological_diseases","Code/00_inputs/canonical_icd_codes.csv","Hospital diagnosis code included in canonical event definition."
"rheumatological_diseases","M0750","ICD10","","rheumatological_diseases","Code/00_inputs/canonical_icd_codes.csv","Hospital diagnosis code included in canonical event definition."
"rheumatological_diseases","M0754","ICD10","","rheumatological_diseases","Code/00_inputs/canonical_icd_codes.csv","Hospital diagnosis code included in canonical event definition."
"rheumatological_diseases","M0755","ICD10","","rheumatological_diseases","Code/00_inputs/canonical_icd_codes.csv","Hospital diagnosis code included in canonical event definition."
"rheumatological_diseases","M0756","ICD10","","rheumatological_diseases","Code/00_inputs/canonical_icd_codes.csv","Hospital diagnosis code included in canonical event definition."
"rheumatological_diseases","M0757","ICD10","","rheumatological_diseases","Code/00_inputs/canonical_icd_codes.csv","Hospital diagnosis code included in canonical event definition."
"rheumatological_diseases","M0758","ICD10","","rheumatological_diseases","Code/00_inputs/canonical_icd_codes.csv","Hospital diagnosis code included in canonical event definition."
"rheumatological_diseases","M0759","ICD10","","rheumatological_diseases","Code/00_inputs/canonical_icd_codes.csv","Hospital diagnosis code included in canonical event definition."
"rheumatological_diseases","M0760","ICD10","","rheumatological_diseases","Code/00_inputs/canonical_icd_codes.csv","Hospital diagnosis code included in canonical event definition."
"rheumatological_diseases","M0761","ICD10","","rheumatological_diseases","Code/00_inputs/canonical_icd_codes.csv","Hospital diagnosis code included in canonical event definition."
"rheumatological_diseases","M0765","ICD10","","rheumatological_diseases","Code/00_inputs/canonical_icd_codes.csv","Hospital diagnosis code included in canonical event definition."
"rheumatological_diseases","M0766","ICD10","","rheumatological_diseases","Code/00_inputs/canonical_icd_codes.csv","Hospital diagnosis code included in canonical event definition."
"rheumatological_diseases","M0768","ICD10","","rheumatological_diseases","Code/00_inputs/canonical_icd_codes.csv","Hospital diagnosis code included in canonical event definition."
"rheumatological_diseases","M0769","ICD10","","rheumatological_diseases","Code/00_inputs/canonical_icd_codes.csv","Hospital diagnosis code included in canonical event definition."
"rheumatological_diseases","M0800","ICD10","","rheumatological_diseases","Code/00_inputs/canonical_icd_codes.csv","Hospital diagnosis code included in canonical event definition."
"rheumatological_diseases","M0801","ICD10","","rheumatological_diseases","Code/00_inputs/canonical_icd_codes.csv","Hospital diagnosis code included in canonical event definition."
"rheumatological_diseases","M0802","ICD10","","rheumatological_diseases","Code/00_inputs/canonical_icd_codes.csv","Hospital diagnosis code included in canonical event definition."
"rheumatological_diseases","M0803","ICD10","","rheumatological_diseases","Code/00_inputs/canonical_icd_codes.csv","Hospital diagnosis code included in canonical event definition."
"rheumatological_diseases","M0804","ICD10","","rheumatological_diseases","Code/00_inputs/canonical_icd_codes.csv","Hospital diagnosis code included in canonical event definition."
"rheumatological_diseases","M0805","ICD10","","rheumatological_diseases","Code/00_inputs/canonical_icd_codes.csv","Hospital diagnosis code included in canonical event definition."
"rheumatological_diseases","M0806","ICD10","","rheumatological_diseases","Code/00_inputs/canonical_icd_codes.csv","Hospital diagnosis code included in canonical event definition."
"rheumatological_diseases","M0807","ICD10","","rheumatological_diseases","Code/00_inputs/canonical_icd_codes.csv","Hospital diagnosis code included in canonical event definition."
"rheumatological_diseases","M0808","ICD10","","rheumatological_diseases","Code/00_inputs/canonical_icd_codes.csv","Hospital diagnosis code included in canonical event definition."
"rheumatological_diseases","M0809","ICD10","","rheumatological_diseases","Code/00_inputs/canonical_icd_codes.csv","Hospital diagnosis code included in canonical event definition."
"rheumatological_diseases","M0820","ICD10","","rheumatological_diseases","Code/00_inputs/canonical_icd_codes.csv","Hospital diagnosis code included in canonical event definition."
"rheumatological_diseases","M0822","ICD10","","rheumatological_diseases","Code/00_inputs/canonical_icd_codes.csv","Hospital diagnosis code included in canonical event definition."
"rheumatological_diseases","M0824","ICD10","","rheumatological_diseases","Code/00_inputs/canonical_icd_codes.csv","Hospital diagnosis code included in canonical event definition."
"rheumatological_diseases","M0826","ICD10","","rheumatological_diseases","Code/00_inputs/canonical_icd_codes.csv","Hospital diagnosis code included in canonical event definition."
"rheumatological_diseases","M0827","ICD10","","rheumatological_diseases","Code/00_inputs/canonical_icd_codes.csv","Hospital diagnosis code included in canonical event definition."
"rheumatological_diseases","M0828","ICD10","","rheumatological_diseases","Code/00_inputs/canonical_icd_codes.csv","Hospital diagnosis code included in canonical event definition."
"rheumatological_diseases","M0829","ICD10","","rheumatological_diseases","Code/00_inputs/canonical_icd_codes.csv","Hospital diagnosis code included in canonical event definition."
"rheumatological_diseases","M083","ICD10","","rheumatological_diseases","Code/00_inputs/canonical_icd_codes.csv","Hospital diagnosis code included in canonical event definition."
"rheumatological_diseases","M0880","ICD10","","rheumatological_diseases","Code/00_inputs/canonical_icd_codes.csv","Hospital diagnosis code included in canonical event definition."
"rheumatological_diseases","M0885","ICD10","","rheumatological_diseases","Code/00_inputs/canonical_icd_codes.csv","Hospital diagnosis code included in canonical event definition."
"rheumatological_diseases","M0890","ICD10","","rheumatological_diseases","Code/00_inputs/canonical_icd_codes.csv","Hospital diagnosis code included in canonical event definition."
"rheumatological_diseases","M0891","ICD10","","rheumatological_diseases","Code/00_inputs/canonical_icd_codes.csv","Hospital diagnosis code included in canonical event definition."
"rheumatological_diseases","M0892","ICD10","","rheumatological_diseases","Code/00_inputs/canonical_icd_codes.csv","Hospital diagnosis code included in canonical event definition."
"rheumatological_diseases","M0896","ICD10","","rheumatological_diseases","Code/00_inputs/canonical_icd_codes.csv","Hospital diagnosis code included in canonical event definition."
"rheumatological_diseases","M0897","ICD10","","rheumatological_diseases","Code/00_inputs/canonical_icd_codes.csv","Hospital diagnosis code included in canonical event definition."
"rheumatological_diseases","M0899","ICD10","","rheumatological_diseases","Code/00_inputs/canonical_icd_codes.csv","Hospital diagnosis code included in canonical event definition."
"rheumatological_diseases","M0907","ICD10","","rheumatological_diseases","Code/00_inputs/canonical_icd_codes.csv","Hospital diagnosis code included in canonical event definition."
"rheumatological_diseases","M0982","ICD10","","rheumatological_diseases","Code/00_inputs/canonical_icd_codes.csv","Hospital diagnosis code included in canonical event definition."
"rheumatological_diseases","M0984","ICD10","","rheumatological_diseases","Code/00_inputs/canonical_icd_codes.csv","Hospital diagnosis code included in canonical event definition."
"Stomach cancer","C160","","","Stomach cancer","Code/00_inputs/canonical_icd_codes.csv","Hospital diagnosis code included in canonical event definition."
"Stomach cancer","C1600","","","Stomach cancer","Code/00_inputs/canonical_icd_codes.csv","Hospital diagnosis code included in canonical event definition."
"STROKE","H341","ICD10","","STROKE","Code/00_inputs/canonical_icd_codes.csv","Hospital diagnosis code included in canonical event definition."
"STROKE","H3410","ICD10","","STROKE","Code/00_inputs/canonical_icd_codes.csv","Hospital diagnosis code included in canonical event definition."
"STROKE","I600","ICD10","","STROKE","Code/00_inputs/canonical_icd_codes.csv","Hospital diagnosis code included in canonical event definition."
"STROKE","I6000","ICD10","","STROKE","Code/00_inputs/canonical_icd_codes.csv","Hospital diagnosis code included in canonical event definition."
"STROKE","I601","ICD10","","STROKE","Code/00_inputs/canonical_icd_codes.csv","Hospital diagnosis code included in canonical event definition."
"STROKE","I6010","ICD10","","STROKE","Code/00_inputs/canonical_icd_codes.csv","Hospital diagnosis code included in canonical event definition."
"STROKE","I602","ICD10","","STROKE","Code/00_inputs/canonical_icd_codes.csv","Hospital diagnosis code included in canonical event definition."
"STROKE","I6020","ICD10","","STROKE","Code/00_inputs/canonical_icd_codes.csv","Hospital diagnosis code included in canonical event definition."
"STROKE","I603","ICD10","","STROKE","Code/00_inputs/canonical_icd_codes.csv","Hospital diagnosis code included in canonical event definition."
"STROKE","I6030","ICD10","","STROKE","Code/00_inputs/canonical_icd_codes.csv","Hospital diagnosis code included in canonical event definition."
"STROKE","I604","ICD10","","STROKE","Code/00_inputs/canonical_icd_codes.csv","Hospital diagnosis code included in canonical event definition."
"STROKE","I6040","ICD10","","STROKE","Code/00_inputs/canonical_icd_codes.csv","Hospital diagnosis code included in canonical event definition."
"STROKE","I605","ICD10","","STROKE","Code/00_inputs/canonical_icd_codes.csv","Hospital diagnosis code included in canonical event definition."
"STROKE","I6050","ICD10","","STROKE","Code/00_inputs/canonical_icd_codes.csv","Hospital diagnosis code included in canonical event definition."
"STROKE","I606","ICD10","","STROKE","Code/00_inputs/canonical_icd_codes.csv","Hospital diagnosis code included in canonical event definition."
"STROKE","I6060","ICD10","","STROKE","Code/00_inputs/canonical_icd_codes.csv","Hospital diagnosis code included in canonical event definition."
"STROKE","I607","ICD10","","STROKE","Code/00_inputs/canonical_icd_codes.csv","Hospital diagnosis code included in canonical event definition."
"STROKE","I6070","ICD10","","STROKE","Code/00_inputs/canonical_icd_codes.csv","Hospital diagnosis code included in canonical event definition."
"STROKE","I608","ICD10","","STROKE","Code/00_inputs/canonical_icd_codes.csv","Hospital diagnosis code included in canonical event definition."
"STROKE","I6080","ICD10","","STROKE","Code/00_inputs/canonical_icd_codes.csv","Hospital diagnosis code included in canonical event definition."
"STROKE","I609","ICD10","","STROKE","Code/00_inputs/canonical_icd_codes.csv","Hospital diagnosis code included in canonical event definition."
"STROKE","I6090","ICD10","","STROKE","Code/00_inputs/canonical_icd_codes.csv","Hospital diagnosis code included in canonical event definition."
"STROKE","I60X","ICD10","","STROKE","Code/00_inputs/canonical_icd_codes.csv","Hospital diagnosis code included in canonical event definition."
"STROKE","I60X0","ICD10","","STROKE","Code/00_inputs/canonical_icd_codes.csv","Hospital diagnosis code included in canonical event definition."
"STROKE","I610","ICD10","","STROKE","Code/00_inputs/canonical_icd_codes.csv","Hospital diagnosis code included in canonical event definition."
"STROKE","I6100","ICD10","","STROKE","Code/00_inputs/canonical_icd_codes.csv","Hospital diagnosis code included in canonical event definition."
"STROKE","I611","ICD10","","STROKE","Code/00_inputs/canonical_icd_codes.csv","Hospital diagnosis code included in canonical event definition."
"STROKE","I6110","ICD10","","STROKE","Code/00_inputs/canonical_icd_codes.csv","Hospital diagnosis code included in canonical event definition."
"STROKE","I612","ICD10","","STROKE","Code/00_inputs/canonical_icd_codes.csv","Hospital diagnosis code included in canonical event definition."
"STROKE","I6120","ICD10","","STROKE","Code/00_inputs/canonical_icd_codes.csv","Hospital diagnosis code included in canonical event definition."
"STROKE","I613","ICD10","","STROKE","Code/00_inputs/canonical_icd_codes.csv","Hospital diagnosis code included in canonical event definition."
"STROKE","I6130","ICD10","","STROKE","Code/00_inputs/canonical_icd_codes.csv","Hospital diagnosis code included in canonical event definition."
"STROKE","I614","ICD10","","STROKE","Code/00_inputs/canonical_icd_codes.csv","Hospital diagnosis code included in canonical event definition."
"STROKE","I6140","ICD10","","STROKE","Code/00_inputs/canonical_icd_codes.csv","Hospital diagnosis code included in canonical event definition."
"STROKE","I615","ICD10","","STROKE","Code/00_inputs/canonical_icd_codes.csv","Hospital diagnosis code included in canonical event definition."
"STROKE","I6150","ICD10","","STROKE","Code/00_inputs/canonical_icd_codes.csv","Hospital diagnosis code included in canonical event definition."
"STROKE","I616","ICD10","","STROKE","Code/00_inputs/canonical_icd_codes.csv","Hospital diagnosis code included in canonical event definition."
"STROKE","I6160","ICD10","","STROKE","Code/00_inputs/canonical_icd_codes.csv","Hospital diagnosis code included in canonical event definition."
"STROKE","I618","ICD10","","STROKE","Code/00_inputs/canonical_icd_codes.csv","Hospital diagnosis code included in canonical event definition."
"STROKE","I6180","ICD10","","STROKE","Code/00_inputs/canonical_icd_codes.csv","Hospital diagnosis code included in canonical event definition."
"STROKE","I619","ICD10","","STROKE","Code/00_inputs/canonical_icd_codes.csv","Hospital diagnosis code included in canonical event definition."
"STROKE","I6190","ICD10","","STROKE","Code/00_inputs/canonical_icd_codes.csv","Hospital diagnosis code included in canonical event definition."
"STROKE","I61X","ICD10","","STROKE","Code/00_inputs/canonical_icd_codes.csv","Hospital diagnosis code included in canonical event definition."
"STROKE","I61X0","ICD10","","STROKE","Code/00_inputs/canonical_icd_codes.csv","Hospital diagnosis code included in canonical event definition."
"STROKE","I63","ICD10","","STROKE","Code/00_inputs/canonical_icd_codes.csv","Hospital diagnosis code included in canonical event definition."
"STROKE","I630","ICD10","","STROKE","Code/00_inputs/canonical_icd_codes.csv","Hospital diagnosis code included in canonical event definition."
"STROKE","I6300","ICD10","","STROKE","Code/00_inputs/canonical_icd_codes.csv","Hospital diagnosis code included in canonical event definition."
"STROKE","I631","ICD10","","STROKE","Code/00_inputs/canonical_icd_codes.csv","Hospital diagnosis code included in canonical event definition."
"STROKE","I6310","ICD10","","STROKE","Code/00_inputs/canonical_icd_codes.csv","Hospital diagnosis code included in canonical event definition."
"STROKE","I632","ICD10","","STROKE","Code/00_inputs/canonical_icd_codes.csv","Hospital diagnosis code included in canonical event definition."
"STROKE","I6320","ICD10","","STROKE","Code/00_inputs/canonical_icd_codes.csv","Hospital diagnosis code included in canonical event definition."
"STROKE","I633","ICD10","","STROKE","Code/00_inputs/canonical_icd_codes.csv","Hospital diagnosis code included in canonical event definition."
"STROKE","I6330","ICD10","","STROKE","Code/00_inputs/canonical_icd_codes.csv","Hospital diagnosis code included in canonical event definition."
"STROKE","I634","ICD10","","STROKE","Code/00_inputs/canonical_icd_codes.csv","Hospital diagnosis code included in canonical event definition."
"STROKE","I6340","ICD10","","STROKE","Code/00_inputs/canonical_icd_codes.csv","Hospital diagnosis code included in canonical event definition."
"STROKE","I635","ICD10","","STROKE","Code/00_inputs/canonical_icd_codes.csv","Hospital diagnosis code included in canonical event definition."
"STROKE","I6350","ICD10","","STROKE","Code/00_inputs/canonical_icd_codes.csv","Hospital diagnosis code included in canonical event definition."
"STROKE","I636","ICD10","","STROKE","Code/00_inputs/canonical_icd_codes.csv","Hospital diagnosis code included in canonical event definition."
"STROKE","I6360","ICD10","","STROKE","Code/00_inputs/canonical_icd_codes.csv","Hospital diagnosis code included in canonical event definition."
"STROKE","I638","ICD10","","STROKE","Code/00_inputs/canonical_icd_codes.csv","Hospital diagnosis code included in canonical event definition."
"STROKE","I6380","ICD10","","STROKE","Code/00_inputs/canonical_icd_codes.csv","Hospital diagnosis code included in canonical event definition."
"STROKE","I639","ICD10","","STROKE","Code/00_inputs/canonical_icd_codes.csv","Hospital diagnosis code included in canonical event definition."
"STROKE","I6390","ICD10","","STROKE","Code/00_inputs/canonical_icd_codes.csv","Hospital diagnosis code included in canonical event definition."
"STROKE","I63X","ICD10","","STROKE","Code/00_inputs/canonical_icd_codes.csv","Hospital diagnosis code included in canonical event definition."
"STROKE","I63X0","ICD10","","STROKE","Code/00_inputs/canonical_icd_codes.csv","Hospital diagnosis code included in canonical event definition."
"STROKE","I64","ICD10","","STROKE","Code/00_inputs/canonical_icd_codes.csv","Hospital diagnosis code included in canonical event definition."
"STROKE","I640","ICD10","","STROKE","Code/00_inputs/canonical_icd_codes.csv","Hospital diagnosis code included in canonical event definition."
"STROKE","I6400","ICD10","","STROKE","Code/00_inputs/canonical_icd_codes.csv","Hospital diagnosis code included in canonical event definition."
"STROKE","I644","ICD10","","STROKE","Code/00_inputs/canonical_icd_codes.csv","Hospital diagnosis code included in canonical event definition."
"STROKE","I6440","ICD10","","STROKE","Code/00_inputs/canonical_icd_codes.csv","Hospital diagnosis code included in canonical event definition."
"STROKE","I649","ICD10","","STROKE","Code/00_inputs/canonical_icd_codes.csv","Hospital diagnosis code included in canonical event definition."
"STROKE","I6490","ICD10","","STROKE","Code/00_inputs/canonical_icd_codes.csv","Hospital diagnosis code included in canonical event definition."
"STROKE","I64X","ICD10","","STROKE","Code/00_inputs/canonical_icd_codes.csv","Hospital diagnosis code included in canonical event definition."
"STROKE","I64X0","ICD10","","STROKE","Code/00_inputs/canonical_icd_codes.csv","Hospital diagnosis code included in canonical event definition."
"unspecified_dementia","F03","ICD10","","unspecified_dementia","Code/00_inputs/canonical_icd_codes.csv","Hospital diagnosis code included in canonical event definition."
"vascular_dementia","F010","ICD10","","vascular_dementia","Code/00_inputs/canonical_icd_codes.csv","Hospital diagnosis code included in canonical event definition."
"vascular_dementia","F011","ICD10","","vascular_dementia","Code/00_inputs/canonical_icd_codes.csv","Hospital diagnosis code included in canonical event definition."
"vascular_dementia","F012","ICD10","","vascular_dementia","Code/00_inputs/canonical_icd_codes.csv","Hospital diagnosis code included in canonical event definition."
"vascular_dementia","F013","ICD10","","vascular_dementia","Code/00_inputs/canonical_icd_codes.csv","Hospital diagnosis code included in canonical event definition."
"vascular_dementia","F018","ICD10","","vascular_dementia","Code/00_inputs/canonical_icd_codes.csv","Hospital diagnosis code included in canonical event definition."
"vascular_dementia","F019","ICD10","","vascular_dementia","Code/00_inputs/canonical_icd_codes.csv","Hospital diagnosis code included in canonical event definition."
"viral_infection","A600","ICD10","","viral_infection","Code/00_inputs/canonical_icd_codes.csv","Hospital diagnosis code included in canonical event definition."
"viral_infection","A6000","ICD10","","viral_infection","Code/00_inputs/canonical_icd_codes.csv","Hospital diagnosis code included in canonical event definition."
"viral_infection","A630","ICD10","","viral_infection","Code/00_inputs/canonical_icd_codes.csv","Hospital diagnosis code included in canonical event definition."
"viral_infection","A6300","ICD10","","viral_infection","Code/00_inputs/canonical_icd_codes.csv","Hospital diagnosis code included in canonical event definition."
"viral_infection","A748","ICD10","","viral_infection","Code/00_inputs/canonical_icd_codes.csv","Hospital diagnosis code included in canonical event definition."
"viral_infection","A7480","ICD10","","viral_infection","Code/00_inputs/canonical_icd_codes.csv","Hospital diagnosis code included in canonical event definition."
"viral_infection","A803","ICD10","","viral_infection","Code/00_inputs/canonical_icd_codes.csv","Hospital diagnosis code included in canonical event definition."
"viral_infection","A8030","ICD10","","viral_infection","Code/00_inputs/canonical_icd_codes.csv","Hospital diagnosis code included in canonical event definition."
"viral_infection","A804","ICD10","","viral_infection","Code/00_inputs/canonical_icd_codes.csv","Hospital diagnosis code included in canonical event definition."
"viral_infection","A8040","ICD10","","viral_infection","Code/00_inputs/canonical_icd_codes.csv","Hospital diagnosis code included in canonical event definition."
"viral_infection","A809","ICD10","","viral_infection","Code/00_inputs/canonical_icd_codes.csv","Hospital diagnosis code included in canonical event definition."
"viral_infection","A8090","ICD10","","viral_infection","Code/00_inputs/canonical_icd_codes.csv","Hospital diagnosis code included in canonical event definition."
"viral_infection","A810","ICD10","","viral_infection","Code/00_inputs/canonical_icd_codes.csv","Hospital diagnosis code included in canonical event definition."
"viral_infection","A8100","ICD10","","viral_infection","Code/00_inputs/canonical_icd_codes.csv","Hospital diagnosis code included in canonical event definition."
"viral_infection","A811","ICD10","","viral_infection","Code/00_inputs/canonical_icd_codes.csv","Hospital diagnosis code included in canonical event definition."
"viral_infection","A8110","ICD10","","viral_infection","Code/00_inputs/canonical_icd_codes.csv","Hospital diagnosis code included in canonical event definition."
"viral_infection","A812","ICD10","","viral_infection","Code/00_inputs/canonical_icd_codes.csv","Hospital diagnosis code included in canonical event definition."
"viral_infection","A8120","ICD10","","viral_infection","Code/00_inputs/canonical_icd_codes.csv","Hospital diagnosis code included in canonical event definition."
"viral_infection","A818","ICD10","","viral_infection","Code/00_inputs/canonical_icd_codes.csv","Hospital diagnosis code included in canonical event definition."
"viral_infection","A8180","ICD10","","viral_infection","Code/00_inputs/canonical_icd_codes.csv","Hospital diagnosis code included in canonical event definition."
"viral_infection","A819","ICD10","","viral_infection","Code/00_inputs/canonical_icd_codes.csv","Hospital diagnosis code included in canonical event definition."
"viral_infection","A8190","ICD10","","viral_infection","Code/00_inputs/canonical_icd_codes.csv","Hospital diagnosis code included in canonical event definition."
"viral_infection","A829","ICD10","","viral_infection","Code/00_inputs/canonical_icd_codes.csv","Hospital diagnosis code included in canonical event definition."
"viral_infection","A8290","ICD10","","viral_infection","Code/00_inputs/canonical_icd_codes.csv","Hospital diagnosis code included in canonical event definition."
"viral_infection","A831","ICD10","","viral_infection","Code/00_inputs/canonical_icd_codes.csv","Hospital diagnosis code included in canonical event definition."
"viral_infection","A8310","ICD10","","viral_infection","Code/00_inputs/canonical_icd_codes.csv","Hospital diagnosis code included in canonical event definition."
"viral_infection","A832","ICD10","","viral_infection","Code/00_inputs/canonical_icd_codes.csv","Hospital diagnosis code included in canonical event definition."
"viral_infection","A8320","ICD10","","viral_infection","Code/00_inputs/canonical_icd_codes.csv","Hospital diagnosis code included in canonical event definition."
"viral_infection","A833","ICD10","","viral_infection","Code/00_inputs/canonical_icd_codes.csv","Hospital diagnosis code included in canonical event definition."
"viral_infection","A8330","ICD10","","viral_infection","Code/00_inputs/canonical_icd_codes.csv","Hospital diagnosis code included in canonical event definition."
"viral_infection","A834","ICD10","","viral_infection","Code/00_inputs/canonical_icd_codes.csv","Hospital diagnosis code included in canonical event definition."
"viral_infection","A8340","ICD10","","viral_infection","Code/00_inputs/canonical_icd_codes.csv","Hospital diagnosis code included in canonical event definition."
"viral_infection","A835","ICD10","","viral_infection","Code/00_inputs/canonical_icd_codes.csv","Hospital diagnosis code included in canonical event definition."
"viral_infection","A8350","ICD10","","viral_infection","Code/00_inputs/canonical_icd_codes.csv","Hospital diagnosis code included in canonical event definition."
"viral_infection","A838","ICD10","","viral_infection","Code/00_inputs/canonical_icd_codes.csv","Hospital diagnosis code included in canonical event definition."
"viral_infection","A8380","ICD10","","viral_infection","Code/00_inputs/canonical_icd_codes.csv","Hospital diagnosis code included in canonical event definition."
"viral_infection","A839","ICD10","","viral_infection","Code/00_inputs/canonical_icd_codes.csv","Hospital diagnosis code included in canonical event definition."
"viral_infection","A8390","ICD10","","viral_infection","Code/00_inputs/canonical_icd_codes.csv","Hospital diagnosis code included in canonical event definition."
"viral_infection","A840","ICD10","","viral_infection","Code/00_inputs/canonical_icd_codes.csv","Hospital diagnosis code included in canonical event definition."
"viral_infection","A8400","ICD10","","viral_infection","Code/00_inputs/canonical_icd_codes.csv","Hospital diagnosis code included in canonical event definition."
"viral_infection","A841","ICD10","","viral_infection","Code/00_inputs/canonical_icd_codes.csv","Hospital diagnosis code included in canonical event definition."
"viral_infection","A8410","ICD10","","viral_infection","Code/00_inputs/canonical_icd_codes.csv","Hospital diagnosis code included in canonical event definition."
"viral_infection","A848","ICD10","","viral_infection","Code/00_inputs/canonical_icd_codes.csv","Hospital diagnosis code included in canonical event definition."
"viral_infection","A8480","ICD10","","viral_infection","Code/00_inputs/canonical_icd_codes.csv","Hospital diagnosis code included in canonical event definition."
"viral_infection","A849","ICD10","","viral_infection","Code/00_inputs/canonical_icd_codes.csv","Hospital diagnosis code included in canonical event definition."
"viral_infection","A8490","ICD10","","viral_infection","Code/00_inputs/canonical_icd_codes.csv","Hospital diagnosis code included in canonical event definition."
"viral_infection","A852","ICD10","","viral_infection","Code/00_inputs/canonical_icd_codes.csv","Hospital diagnosis code included in canonical event definition."
"viral_infection","A8520","ICD10","","viral_infection","Code/00_inputs/canonical_icd_codes.csv","Hospital diagnosis code included in canonical event definition."
"viral_infection","A870","ICD10","","viral_infection","Code/00_inputs/canonical_icd_codes.csv","Hospital diagnosis code included in canonical event definition."
"viral_infection","A8700","ICD10","","viral_infection","Code/00_inputs/canonical_icd_codes.csv","Hospital diagnosis code included in canonical event definition."
"viral_infection","A871","ICD10","","viral_infection","Code/00_inputs/canonical_icd_codes.csv","Hospital diagnosis code included in canonical event definition."
"viral_infection","A8710","ICD10","","viral_infection","Code/00_inputs/canonical_icd_codes.csv","Hospital diagnosis code included in canonical event definition."
"viral_infection","A872","ICD10","","viral_infection","Code/00_inputs/canonical_icd_codes.csv","Hospital diagnosis code included in canonical event definition."
"viral_infection","A8720","ICD10","","viral_infection","Code/00_inputs/canonical_icd_codes.csv","Hospital diagnosis code included in canonical event definition."
"viral_infection","A888","ICD10","","viral_infection","Code/00_inputs/canonical_icd_codes.csv","Hospital diagnosis code included in canonical event definition."
"viral_infection","A8880","ICD10","","viral_infection","Code/00_inputs/canonical_icd_codes.csv","Hospital diagnosis code included in canonical event definition."
"viral_infection","A89","ICD10","","viral_infection","Code/00_inputs/canonical_icd_codes.csv","Hospital diagnosis code included in canonical event definition."
"viral_infection","A890","ICD10","","viral_infection","Code/00_inputs/canonical_icd_codes.csv","Hospital diagnosis code included in canonical event definition."
"viral_infection","A8900","ICD10","","viral_infection","Code/00_inputs/canonical_icd_codes.csv","Hospital diagnosis code included in canonical event definition."
"viral_infection","A90","ICD10","","viral_infection","Code/00_inputs/canonical_icd_codes.csv","Hospital diagnosis code included in canonical event definition."
"viral_infection","A900","ICD10","","viral_infection","Code/00_inputs/canonical_icd_codes.csv","Hospital diagnosis code included in canonical event definition."
"viral_infection","A9000","ICD10","","viral_infection","Code/00_inputs/canonical_icd_codes.csv","Hospital diagnosis code included in canonical event definition."
"viral_infection","A922","ICD10","","viral_infection","Code/00_inputs/canonical_icd_codes.csv","Hospital diagnosis code included in canonical event definition."
"viral_infection","A9220","ICD10","","viral_infection","Code/00_inputs/canonical_icd_codes.csv","Hospital diagnosis code included in canonical event definition."
"viral_infection","A928","ICD10","","viral_infection","Code/00_inputs/canonical_icd_codes.csv","Hospital diagnosis code included in canonical event definition."
"viral_infection","A9280","ICD10","","viral_infection","Code/00_inputs/canonical_icd_codes.csv","Hospital diagnosis code included in canonical event definition."
"viral_infection","A931","ICD10","","viral_infection","Code/00_inputs/canonical_icd_codes.csv","Hospital diagnosis code included in canonical event definition."
"viral_infection","A9310","ICD10","","viral_infection","Code/00_inputs/canonical_icd_codes.csv","Hospital diagnosis code included in canonical event definition."
"viral_infection","A932","ICD10","","viral_infection","Code/00_inputs/canonical_icd_codes.csv","Hospital diagnosis code included in canonical event definition."
"viral_infection","A9320","ICD10","","viral_infection","Code/00_inputs/canonical_icd_codes.csv","Hospital diagnosis code included in canonical event definition."
"viral_infection","A938","ICD10","","viral_infection","Code/00_inputs/canonical_icd_codes.csv","Hospital diagnosis code included in canonical event definition."
"viral_infection","A9380","ICD10","","viral_infection","Code/00_inputs/canonical_icd_codes.csv","Hospital diagnosis code included in canonical event definition."
"viral_infection","A94","ICD10","","viral_infection","Code/00_inputs/canonical_icd_codes.csv","Hospital diagnosis code included in canonical event definition."
"viral_infection","A940","ICD10","","viral_infection","Code/00_inputs/canonical_icd_codes.csv","Hospital diagnosis code included in canonical event definition."
"viral_infection","A9400","ICD10","","viral_infection","Code/00_inputs/canonical_icd_codes.csv","Hospital diagnosis code included in canonical event definition."
"viral_infection","A950","ICD10","","viral_infection","Code/00_inputs/canonical_icd_codes.csv","Hospital diagnosis code included in canonical event definition."
"viral_infection","A9500","ICD10","","viral_infection","Code/00_inputs/canonical_icd_codes.csv","Hospital diagnosis code included in canonical event definition."
"viral_infection","A951","ICD10","","viral_infection","Code/00_inputs/canonical_icd_codes.csv","Hospital diagnosis code included in canonical event definition."
"viral_infection","A9510","ICD10","","viral_infection","Code/00_inputs/canonical_icd_codes.csv","Hospital diagnosis code included in canonical event definition."
"viral_infection","A959","ICD10","","viral_infection","Code/00_inputs/canonical_icd_codes.csv","Hospital diagnosis code included in canonical event definition."
"viral_infection","A9590","ICD10","","viral_infection","Code/00_inputs/canonical_icd_codes.csv","Hospital diagnosis code included in canonical event definition."
"viral_infection","A968","ICD10","","viral_infection","Code/00_inputs/canonical_icd_codes.csv","Hospital diagnosis code included in canonical event definition."
"viral_infection","A9680","ICD10","","viral_infection","Code/00_inputs/canonical_icd_codes.csv","Hospital diagnosis code included in canonical event definition."
"viral_infection","A980","ICD10","","viral_infection","Code/00_inputs/canonical_icd_codes.csv","Hospital diagnosis code included in canonical event definition."
"viral_infection","A9800","ICD10","","viral_infection","Code/00_inputs/canonical_icd_codes.csv","Hospital diagnosis code included in canonical event definition."
"viral_infection","A981","ICD10","","viral_infection","Code/00_inputs/canonical_icd_codes.csv","Hospital diagnosis code included in canonical event definition."
"viral_infection","A9810","ICD10","","viral_infection","Code/00_inputs/canonical_icd_codes.csv","Hospital diagnosis code included in canonical event definition."
"viral_infection","A982","ICD10","","viral_infection","Code/00_inputs/canonical_icd_codes.csv","Hospital diagnosis code included in canonical event definition."
"viral_infection","A9820","ICD10","","viral_infection","Code/00_inputs/canonical_icd_codes.csv","Hospital diagnosis code included in canonical event definition."
"viral_infection","A985","ICD10","","viral_infection","Code/00_inputs/canonical_icd_codes.csv","Hospital diagnosis code included in canonical event definition."
"viral_infection","A9850","ICD10","","viral_infection","Code/00_inputs/canonical_icd_codes.csv","Hospital diagnosis code included in canonical event definition."
"viral_infection","B000","ICD10","","viral_infection","Code/00_inputs/canonical_icd_codes.csv","Hospital diagnosis code included in canonical event definition."
"viral_infection","B0000","ICD10","","viral_infection","Code/00_inputs/canonical_icd_codes.csv","Hospital diagnosis code included in canonical event definition."
"viral_infection","B002","ICD10","","viral_infection","Code/00_inputs/canonical_icd_codes.csv","Hospital diagnosis code included in canonical event definition."
"viral_infection","B0020","ICD10","","viral_infection","Code/00_inputs/canonical_icd_codes.csv","Hospital diagnosis code included in canonical event definition."
"viral_infection","B003","ICD10","","viral_infection","Code/00_inputs/canonical_icd_codes.csv","Hospital diagnosis code included in canonical event definition."
"viral_infection","B0030","ICD10","","viral_infection","Code/00_inputs/canonical_icd_codes.csv","Hospital diagnosis code included in canonical event definition."
"viral_infection","B004","ICD10","","viral_infection","Code/00_inputs/canonical_icd_codes.csv","Hospital diagnosis code included in canonical event definition."
"viral_infection","B0040","ICD10","","viral_infection","Code/00_inputs/canonical_icd_codes.csv","Hospital diagnosis code included in canonical event definition."
"viral_infection","B005","ICD10","","viral_infection","Code/00_inputs/canonical_icd_codes.csv","Hospital diagnosis code included in canonical event definition."
"viral_infection","B0050","ICD10","","viral_infection","Code/00_inputs/canonical_icd_codes.csv","Hospital diagnosis code included in canonical event definition."
"viral_infection","B007","ICD10","","viral_infection","Code/00_inputs/canonical_icd_codes.csv","Hospital diagnosis code included in canonical event definition."
"viral_infection","B0070","ICD10","","viral_infection","Code/00_inputs/canonical_icd_codes.csv","Hospital diagnosis code included in canonical event definition."
"viral_infection","B008","ICD10","","viral_infection","Code/00_inputs/canonical_icd_codes.csv","Hospital diagnosis code included in canonical event definition."
"viral_infection","B0080","ICD10","","viral_infection","Code/00_inputs/canonical_icd_codes.csv","Hospital diagnosis code included in canonical event definition."
"viral_infection","B009","ICD10","","viral_infection","Code/00_inputs/canonical_icd_codes.csv","Hospital diagnosis code included in canonical event definition."
"viral_infection","B0090","ICD10","","viral_infection","Code/00_inputs/canonical_icd_codes.csv","Hospital diagnosis code included in canonical event definition."
"viral_infection","B011","ICD10","","viral_infection","Code/00_inputs/canonical_icd_codes.csv","Hospital diagnosis code included in canonical event definition."
"viral_infection","B0110","ICD10","","viral_infection","Code/00_inputs/canonical_icd_codes.csv","Hospital diagnosis code included in canonical event definition."
"viral_infection","B012","ICD10","","viral_infection","Code/00_inputs/canonical_icd_codes.csv","Hospital diagnosis code included in canonical event definition."
"viral_infection","B0120","ICD10","","viral_infection","Code/00_inputs/canonical_icd_codes.csv","Hospital diagnosis code included in canonical event definition."
"viral_infection","B018","ICD10","","viral_infection","Code/00_inputs/canonical_icd_codes.csv","Hospital diagnosis code included in canonical event definition."
"viral_infection","B0180","ICD10","","viral_infection","Code/00_inputs/canonical_icd_codes.csv","Hospital diagnosis code included in canonical event definition."
"viral_infection","B019","ICD10","","viral_infection","Code/00_inputs/canonical_icd_codes.csv","Hospital diagnosis code included in canonical event definition."
"viral_infection","B0190","ICD10","","viral_infection","Code/00_inputs/canonical_icd_codes.csv","Hospital diagnosis code included in canonical event definition."
"viral_infection","B021","ICD10","","viral_infection","Code/00_inputs/canonical_icd_codes.csv","Hospital diagnosis code included in canonical event definition."
"viral_infection","B0210","ICD10","","viral_infection","Code/00_inputs/canonical_icd_codes.csv","Hospital diagnosis code included in canonical event definition."
"viral_infection","B022","ICD10","","viral_infection","Code/00_inputs/canonical_icd_codes.csv","Hospital diagnosis code included in canonical event definition."
"viral_infection","B0220","ICD10","","viral_infection","Code/00_inputs/canonical_icd_codes.csv","Hospital diagnosis code included in canonical event definition."
"viral_infection","B023","ICD10","","viral_infection","Code/00_inputs/canonical_icd_codes.csv","Hospital diagnosis code included in canonical event definition."
"viral_infection","B0230","ICD10","","viral_infection","Code/00_inputs/canonical_icd_codes.csv","Hospital diagnosis code included in canonical event definition."
"viral_infection","B028","ICD10","","viral_infection","Code/00_inputs/canonical_icd_codes.csv","Hospital diagnosis code included in canonical event definition."
"viral_infection","B0280","ICD10","","viral_infection","Code/00_inputs/canonical_icd_codes.csv","Hospital diagnosis code included in canonical event definition."
"viral_infection","B029","ICD10","","viral_infection","Code/00_inputs/canonical_icd_codes.csv","Hospital diagnosis code included in canonical event definition."
"viral_infection","B0290","ICD10","","viral_infection","Code/00_inputs/canonical_icd_codes.csv","Hospital diagnosis code included in canonical event definition."
"viral_infection","B03","ICD10","","viral_infection","Code/00_inputs/canonical_icd_codes.csv","Hospital diagnosis code included in canonical event definition."
"viral_infection","B030","ICD10","","viral_infection","Code/00_inputs/canonical_icd_codes.csv","Hospital diagnosis code included in canonical event definition."
"viral_infection","B0300","ICD10","","viral_infection","Code/00_inputs/canonical_icd_codes.csv","Hospital diagnosis code included in canonical event definition."
"viral_infection","B050","ICD10","","viral_infection","Code/00_inputs/canonical_icd_codes.csv","Hospital diagnosis code included in canonical event definition."
"viral_infection","B0500","ICD10","","viral_infection","Code/00_inputs/canonical_icd_codes.csv","Hospital diagnosis code included in canonical event definition."
"viral_infection","B052","ICD10","","viral_infection","Code/00_inputs/canonical_icd_codes.csv","Hospital diagnosis code included in canonical event definition."
"viral_infection","B0520","ICD10","","viral_infection","Code/00_inputs/canonical_icd_codes.csv","Hospital diagnosis code included in canonical event definition."
"viral_infection","B053","ICD10","","viral_infection","Code/00_inputs/canonical_icd_codes.csv","Hospital diagnosis code included in canonical event definition."
"viral_infection","B0530","ICD10","","viral_infection","Code/00_inputs/canonical_icd_codes.csv","Hospital diagnosis code included in canonical event definition."
"viral_infection","B058","ICD10","","viral_infection","Code/00_inputs/canonical_icd_codes.csv","Hospital diagnosis code included in canonical event definition."
"viral_infection","B0580","ICD10","","viral_infection","Code/00_inputs/canonical_icd_codes.csv","Hospital diagnosis code included in canonical event definition."
"viral_infection","B059","ICD10","","viral_infection","Code/00_inputs/canonical_icd_codes.csv","Hospital diagnosis code included in canonical event definition."
"viral_infection","B0590","ICD10","","viral_infection","Code/00_inputs/canonical_icd_codes.csv","Hospital diagnosis code included in canonical event definition."
"viral_infection","B060","ICD10","","viral_infection","Code/00_inputs/canonical_icd_codes.csv","Hospital diagnosis code included in canonical event definition."
"viral_infection","B0600","ICD10","","viral_infection","Code/00_inputs/canonical_icd_codes.csv","Hospital diagnosis code included in canonical event definition."
"viral_infection","B068","ICD10","","viral_infection","Code/00_inputs/canonical_icd_codes.csv","Hospital diagnosis code included in canonical event definition."
"viral_infection","B0680","ICD10","","viral_infection","Code/00_inputs/canonical_icd_codes.csv","Hospital diagnosis code included in canonical event definition."
"viral_infection","B069","ICD10","","viral_infection","Code/00_inputs/canonical_icd_codes.csv","Hospital diagnosis code included in canonical event definition."
"viral_infection","B0690","ICD10","","viral_infection","Code/00_inputs/canonical_icd_codes.csv","Hospital diagnosis code included in canonical event definition."
"viral_infection","B07","ICD10","","viral_infection","Code/00_inputs/canonical_icd_codes.csv","Hospital diagnosis code included in canonical event definition."
"viral_infection","B070","ICD10","","viral_infection","Code/00_inputs/canonical_icd_codes.csv","Hospital diagnosis code included in canonical event definition."
"viral_infection","B0700","ICD10","","viral_infection","Code/00_inputs/canonical_icd_codes.csv","Hospital diagnosis code included in canonical event definition."
"viral_infection","B080","ICD10","","viral_infection","Code/00_inputs/canonical_icd_codes.csv","Hospital diagnosis code included in canonical event definition."
"viral_infection","B0800","ICD10","","viral_infection","Code/00_inputs/canonical_icd_codes.csv","Hospital diagnosis code included in canonical event definition."
"viral_infection","B081","ICD10","","viral_infection","Code/00_inputs/canonical_icd_codes.csv","Hospital diagnosis code included in canonical event definition."
"viral_infection","B0810","ICD10","","viral_infection","Code/00_inputs/canonical_icd_codes.csv","Hospital diagnosis code included in canonical event definition."
"viral_infection","B083","ICD10","","viral_infection","Code/00_inputs/canonical_icd_codes.csv","Hospital diagnosis code included in canonical event definition."
"viral_infection","B0830","ICD10","","viral_infection","Code/00_inputs/canonical_icd_codes.csv","Hospital diagnosis code included in canonical event definition."
"viral_infection","B084","ICD10","","viral_infection","Code/00_inputs/canonical_icd_codes.csv","Hospital diagnosis code included in canonical event definition."
"viral_infection","B0840","ICD10","","viral_infection","Code/00_inputs/canonical_icd_codes.csv","Hospital diagnosis code included in canonical event definition."
"viral_infection","B085","ICD10","","viral_infection","Code/00_inputs/canonical_icd_codes.csv","Hospital diagnosis code included in canonical event definition."
"viral_infection","B0850","ICD10","","viral_infection","Code/00_inputs/canonical_icd_codes.csv","Hospital diagnosis code included in canonical event definition."
"viral_infection","B088","ICD10","","viral_infection","Code/00_inputs/canonical_icd_codes.csv","Hospital diagnosis code included in canonical event definition."
"viral_infection","B0880","ICD10","","viral_infection","Code/00_inputs/canonical_icd_codes.csv","Hospital diagnosis code included in canonical event definition."
"viral_infection","B09","ICD10","","viral_infection","Code/00_inputs/canonical_icd_codes.csv","Hospital diagnosis code included in canonical event definition."
"viral_infection","B090","ICD10","","viral_infection","Code/00_inputs/canonical_icd_codes.csv","Hospital diagnosis code included in canonical event definition."
"viral_infection","B0900","ICD10","","viral_infection","Code/00_inputs/canonical_icd_codes.csv","Hospital diagnosis code included in canonical event definition."
"viral_infection","B150","ICD10","","viral_infection","Code/00_inputs/canonical_icd_codes.csv","Hospital diagnosis code included in canonical event definition."
"viral_infection","B1500","ICD10","","viral_infection","Code/00_inputs/canonical_icd_codes.csv","Hospital diagnosis code included in canonical event definition."
"viral_infection","B159","ICD10","","viral_infection","Code/00_inputs/canonical_icd_codes.csv","Hospital diagnosis code included in canonical event definition."
"viral_infection","B1590","ICD10","","viral_infection","Code/00_inputs/canonical_icd_codes.csv","Hospital diagnosis code included in canonical event definition."
"viral_infection","B160","ICD10","","viral_infection","Code/00_inputs/canonical_icd_codes.csv","Hospital diagnosis code included in canonical event definition."
"viral_infection","B1600","ICD10","","viral_infection","Code/00_inputs/canonical_icd_codes.csv","Hospital diagnosis code included in canonical event definition."
"viral_infection","B161","ICD10","","viral_infection","Code/00_inputs/canonical_icd_codes.csv","Hospital diagnosis code included in canonical event definition."
"viral_infection","B1610","ICD10","","viral_infection","Code/00_inputs/canonical_icd_codes.csv","Hospital diagnosis code included in canonical event definition."
"viral_infection","B162","ICD10","","viral_infection","Code/00_inputs/canonical_icd_codes.csv","Hospital diagnosis code included in canonical event definition."
"viral_infection","B1620","ICD10","","viral_infection","Code/00_inputs/canonical_icd_codes.csv","Hospital diagnosis code included in canonical event definition."
"viral_infection","B169","ICD10","","viral_infection","Code/00_inputs/canonical_icd_codes.csv","Hospital diagnosis code included in canonical event definition."
"viral_infection","B1690","ICD10","","viral_infection","Code/00_inputs/canonical_icd_codes.csv","Hospital diagnosis code included in canonical event definition."
"viral_infection","B170","ICD10","","viral_infection","Code/00_inputs/canonical_icd_codes.csv","Hospital diagnosis code included in canonical event definition."
"viral_infection","B1700","ICD10","","viral_infection","Code/00_inputs/canonical_icd_codes.csv","Hospital diagnosis code included in canonical event definition."
"viral_infection","B171","ICD10","","viral_infection","Code/00_inputs/canonical_icd_codes.csv","Hospital diagnosis code included in canonical event definition."
"viral_infection","B1710","ICD10","","viral_infection","Code/00_inputs/canonical_icd_codes.csv","Hospital diagnosis code included in canonical event definition."
"viral_infection","B172","ICD10","","viral_infection","Code/00_inputs/canonical_icd_codes.csv","Hospital diagnosis code included in canonical event definition."
"viral_infection","B1720","ICD10","","viral_infection","Code/00_inputs/canonical_icd_codes.csv","Hospital diagnosis code included in canonical event definition."
"viral_infection","B178","ICD10","","viral_infection","Code/00_inputs/canonical_icd_codes.csv","Hospital diagnosis code included in canonical event definition."
"viral_infection","B1780","ICD10","","viral_infection","Code/00_inputs/canonical_icd_codes.csv","Hospital diagnosis code included in canonical event definition."
"viral_infection","B180","ICD10","","viral_infection","Code/00_inputs/canonical_icd_codes.csv","Hospital diagnosis code included in canonical event definition."
"viral_infection","B1800","ICD10","","viral_infection","Code/00_inputs/canonical_icd_codes.csv","Hospital diagnosis code included in canonical event definition."
"viral_infection","B181","ICD10","","viral_infection","Code/00_inputs/canonical_icd_codes.csv","Hospital diagnosis code included in canonical event definition."
"viral_infection","B1810","ICD10","","viral_infection","Code/00_inputs/canonical_icd_codes.csv","Hospital diagnosis code included in canonical event definition."
"viral_infection","B182","ICD10","","viral_infection","Code/00_inputs/canonical_icd_codes.csv","Hospital diagnosis code included in canonical event definition."
"viral_infection","B1820","ICD10","","viral_infection","Code/00_inputs/canonical_icd_codes.csv","Hospital diagnosis code included in canonical event definition."
"viral_infection","B190","ICD10","","viral_infection","Code/00_inputs/canonical_icd_codes.csv","Hospital diagnosis code included in canonical event definition."
"viral_infection","B1900","ICD10","","viral_infection","Code/00_inputs/canonical_icd_codes.csv","Hospital diagnosis code included in canonical event definition."
"viral_infection","B199","ICD10","","viral_infection","Code/00_inputs/canonical_icd_codes.csv","Hospital diagnosis code included in canonical event definition."
"viral_infection","B1990","ICD10","","viral_infection","Code/00_inputs/canonical_icd_codes.csv","Hospital diagnosis code included in canonical event definition."
"viral_infection","B24","ICD10","","viral_infection","Code/00_inputs/canonical_icd_codes.csv","Hospital diagnosis code included in canonical event definition."
"viral_infection","B240","ICD10","","viral_infection","Code/00_inputs/canonical_icd_codes.csv","Hospital diagnosis code included in canonical event definition."
"viral_infection","B2400","ICD10","","viral_infection","Code/00_inputs/canonical_icd_codes.csv","Hospital diagnosis code included in canonical event definition."
"viral_infection","B259","ICD10","","viral_infection","Code/00_inputs/canonical_icd_codes.csv","Hospital diagnosis code included in canonical event definition."
"viral_infection","B2590","ICD10","","viral_infection","Code/00_inputs/canonical_icd_codes.csv","Hospital diagnosis code included in canonical event definition."
"viral_infection","B260","ICD10","","viral_infection","Code/00_inputs/canonical_icd_codes.csv","Hospital diagnosis code included in canonical event definition."
"viral_infection","B2600","ICD10","","viral_infection","Code/00_inputs/canonical_icd_codes.csv","Hospital diagnosis code included in canonical event definition."
"viral_infection","B261","ICD10","","viral_infection","Code/00_inputs/canonical_icd_codes.csv","Hospital diagnosis code included in canonical event definition."
"viral_infection","B2610","ICD10","","viral_infection","Code/00_inputs/canonical_icd_codes.csv","Hospital diagnosis code included in canonical event definition."
"viral_infection","B262","ICD10","","viral_infection","Code/00_inputs/canonical_icd_codes.csv","Hospital diagnosis code included in canonical event definition."
"viral_infection","B2620","ICD10","","viral_infection","Code/00_inputs/canonical_icd_codes.csv","Hospital diagnosis code included in canonical event definition."
"viral_infection","B263","ICD10","","viral_infection","Code/00_inputs/canonical_icd_codes.csv","Hospital diagnosis code included in canonical event definition."
"viral_infection","B2630","ICD10","","viral_infection","Code/00_inputs/canonical_icd_codes.csv","Hospital diagnosis code included in canonical event definition."
"viral_infection","B268","ICD10","","viral_infection","Code/00_inputs/canonical_icd_codes.csv","Hospital diagnosis code included in canonical event definition."
"viral_infection","B2680","ICD10","","viral_infection","Code/00_inputs/canonical_icd_codes.csv","Hospital diagnosis code included in canonical event definition."
"viral_infection","B269","ICD10","","viral_infection","Code/00_inputs/canonical_icd_codes.csv","Hospital diagnosis code included in canonical event definition."
"viral_infection","B2690","ICD10","","viral_infection","Code/00_inputs/canonical_icd_codes.csv","Hospital diagnosis code included in canonical event definition."
"viral_infection","B279","ICD10","","viral_infection","Code/00_inputs/canonical_icd_codes.csv","Hospital diagnosis code included in canonical event definition."
"viral_infection","B2790","ICD10","","viral_infection","Code/00_inputs/canonical_icd_codes.csv","Hospital diagnosis code included in canonical event definition."
"viral_infection","B300","ICD10","","viral_infection","Code/00_inputs/canonical_icd_codes.csv","Hospital diagnosis code included in canonical event definition."
"viral_infection","B3000","ICD10","","viral_infection","Code/00_inputs/canonical_icd_codes.csv","Hospital diagnosis code included in canonical event definition."
"viral_infection","B301","ICD10","","viral_infection","Code/00_inputs/canonical_icd_codes.csv","Hospital diagnosis code included in canonical event definition."
"viral_infection","B3010","ICD10","","viral_infection","Code/00_inputs/canonical_icd_codes.csv","Hospital diagnosis code included in canonical event definition."
"viral_infection","B302","ICD10","","viral_infection","Code/00_inputs/canonical_icd_codes.csv","Hospital diagnosis code included in canonical event definition."
"viral_infection","B3020","ICD10","","viral_infection","Code/00_inputs/canonical_icd_codes.csv","Hospital diagnosis code included in canonical event definition."
"viral_infection","B303","ICD10","","viral_infection","Code/00_inputs/canonical_icd_codes.csv","Hospital diagnosis code included in canonical event definition."
"viral_infection","B3030","ICD10","","viral_infection","Code/00_inputs/canonical_icd_codes.csv","Hospital diagnosis code included in canonical event definition."
"viral_infection","B308","ICD10","","viral_infection","Code/00_inputs/canonical_icd_codes.csv","Hospital diagnosis code included in canonical event definition."
"viral_infection","B3080","ICD10","","viral_infection","Code/00_inputs/canonical_icd_codes.csv","Hospital diagnosis code included in canonical event definition."
"viral_infection","B330","ICD10","","viral_infection","Code/00_inputs/canonical_icd_codes.csv","Hospital diagnosis code included in canonical event definition."
"viral_infection","B3300","ICD10","","viral_infection","Code/00_inputs/canonical_icd_codes.csv","Hospital diagnosis code included in canonical event definition."
"viral_infection","B332","ICD10","","viral_infection","Code/00_inputs/canonical_icd_codes.csv","Hospital diagnosis code included in canonical event definition."
"viral_infection","B3320","ICD10","","viral_infection","Code/00_inputs/canonical_icd_codes.csv","Hospital diagnosis code included in canonical event definition."
"viral_infection","B333","ICD10","","viral_infection","Code/00_inputs/canonical_icd_codes.csv","Hospital diagnosis code included in canonical event definition."
"viral_infection","B3330","ICD10","","viral_infection","Code/00_inputs/canonical_icd_codes.csv","Hospital diagnosis code included in canonical event definition."
"viral_infection","B338","ICD10","","viral_infection","Code/00_inputs/canonical_icd_codes.csv","Hospital diagnosis code included in canonical event definition."
"viral_infection","B3380","ICD10","","viral_infection","Code/00_inputs/canonical_icd_codes.csv","Hospital diagnosis code included in canonical event definition."
"viral_infection","B340","ICD10","","viral_infection","Code/00_inputs/canonical_icd_codes.csv","Hospital diagnosis code included in canonical event definition."
"viral_infection","B3400","ICD10","","viral_infection","Code/00_inputs/canonical_icd_codes.csv","Hospital diagnosis code included in canonical event definition."
"viral_infection","B341","ICD10","","viral_infection","Code/00_inputs/canonical_icd_codes.csv","Hospital diagnosis code included in canonical event definition."
"viral_infection","B3410","ICD10","","viral_infection","Code/00_inputs/canonical_icd_codes.csv","Hospital diagnosis code included in canonical event definition."
"viral_infection","B344","ICD10","","viral_infection","Code/00_inputs/canonical_icd_codes.csv","Hospital diagnosis code included in canonical event definition."
"viral_infection","B3440","ICD10","","viral_infection","Code/00_inputs/canonical_icd_codes.csv","Hospital diagnosis code included in canonical event definition."
"viral_infection","B348","ICD10","","viral_infection","Code/00_inputs/canonical_icd_codes.csv","Hospital diagnosis code included in canonical event definition."
"viral_infection","B3480","ICD10","","viral_infection","Code/00_inputs/canonical_icd_codes.csv","Hospital diagnosis code included in canonical event definition."
"viral_infection","B349","ICD10","","viral_infection","Code/00_inputs/canonical_icd_codes.csv","Hospital diagnosis code included in canonical event definition."
"viral_infection","B3490","ICD10","","viral_infection","Code/00_inputs/canonical_icd_codes.csv","Hospital diagnosis code included in canonical event definition."
"viral_infection","B900","ICD10","","viral_infection","Code/00_inputs/canonical_icd_codes.csv","Hospital diagnosis code included in canonical event definition."
"viral_infection","B9000","ICD10","","viral_infection","Code/00_inputs/canonical_icd_codes.csv","Hospital diagnosis code included in canonical event definition."
"viral_infection","B901","ICD10","","viral_infection","Code/00_inputs/canonical_icd_codes.csv","Hospital diagnosis code included in canonical event definition."
"viral_infection","B9010","ICD10","","viral_infection","Code/00_inputs/canonical_icd_codes.csv","Hospital diagnosis code included in canonical event definition."
"viral_infection","B902","ICD10","","viral_infection","Code/00_inputs/canonical_icd_codes.csv","Hospital diagnosis code included in canonical event definition."
"viral_infection","B9020","ICD10","","viral_infection","Code/00_inputs/canonical_icd_codes.csv","Hospital diagnosis code included in canonical event definition."
"viral_infection","B908","ICD10","","viral_infection","Code/00_inputs/canonical_icd_codes.csv","Hospital diagnosis code included in canonical event definition."
"viral_infection","B9080","ICD10","","viral_infection","Code/00_inputs/canonical_icd_codes.csv","Hospital diagnosis code included in canonical event definition."
"viral_infection","B909","ICD10","","viral_infection","Code/00_inputs/canonical_icd_codes.csv","Hospital diagnosis code included in canonical event definition."
"viral_infection","B9090","ICD10","","viral_infection","Code/00_inputs/canonical_icd_codes.csv","Hospital diagnosis code included in canonical event definition."
"viral_infection","G630","ICD10","","viral_infection","Code/00_inputs/canonical_icd_codes.csv","Hospital diagnosis code included in canonical event definition."
"viral_infection","G6300","ICD10","","viral_infection","Code/00_inputs/canonical_icd_codes.csv","Hospital diagnosis code included in canonical event definition."
"viral_infection","H192","ICD10","","viral_infection","Code/00_inputs/canonical_icd_codes.csv","Hospital diagnosis code included in canonical event definition."
"viral_infection","H1920","ICD10","","viral_infection","Code/00_inputs/canonical_icd_codes.csv","Hospital diagnosis code included in canonical event definition."
"viral_infection","H621","ICD10","","viral_infection","Code/00_inputs/canonical_icd_codes.csv","Hospital diagnosis code included in canonical event definition."
"viral_infection","H6210","ICD10","","viral_infection","Code/00_inputs/canonical_icd_codes.csv","Hospital diagnosis code included in canonical event definition."
"viral_infection","J00","ICD10","","viral_infection","Code/00_inputs/canonical_icd_codes.csv","Hospital diagnosis code included in canonical event definition."
"viral_infection","J000","ICD10","","viral_infection","Code/00_inputs/canonical_icd_codes.csv","Hospital diagnosis code included in canonical event definition."
"viral_infection","J0000","ICD10","","viral_infection","Code/00_inputs/canonical_icd_codes.csv","Hospital diagnosis code included in canonical event definition."
"viral_infection","J100","ICD10","","viral_infection","Code/00_inputs/canonical_icd_codes.csv","Hospital diagnosis code included in canonical event definition."
"viral_infection","J1000","ICD10","","viral_infection","Code/00_inputs/canonical_icd_codes.csv","Hospital diagnosis code included in canonical event definition."
"viral_infection","J101","ICD10","","viral_infection","Code/00_inputs/canonical_icd_codes.csv","Hospital diagnosis code included in canonical event definition."
"viral_infection","J1010","ICD10","","viral_infection","Code/00_inputs/canonical_icd_codes.csv","Hospital diagnosis code included in canonical event definition."
"viral_infection","J108","ICD10","","viral_infection","Code/00_inputs/canonical_icd_codes.csv","Hospital diagnosis code included in canonical event definition."
"viral_infection","J1080","ICD10","","viral_infection","Code/00_inputs/canonical_icd_codes.csv","Hospital diagnosis code included in canonical event definition."
"viral_infection","J120","ICD10","","viral_infection","Code/00_inputs/canonical_icd_codes.csv","Hospital diagnosis code included in canonical event definition."
"viral_infection","J1200","ICD10","","viral_infection","Code/00_inputs/canonical_icd_codes.csv","Hospital diagnosis code included in canonical event definition."
"viral_infection","J122","ICD10","","viral_infection","Code/00_inputs/canonical_icd_codes.csv","Hospital diagnosis code included in canonical event definition."
"viral_infection","J1220","ICD10","","viral_infection","Code/00_inputs/canonical_icd_codes.csv","Hospital diagnosis code included in canonical event definition."
"viral_infection","J128","ICD10","","viral_infection","Code/00_inputs/canonical_icd_codes.csv","Hospital diagnosis code included in canonical event definition."
"viral_infection","J1280","ICD10","","viral_infection","Code/00_inputs/canonical_icd_codes.csv","Hospital diagnosis code included in canonical event definition."
"viral_infection","J129","ICD10","","viral_infection","Code/00_inputs/canonical_icd_codes.csv","Hospital diagnosis code included in canonical event definition."
"viral_infection","J1290","ICD10","","viral_infection","Code/00_inputs/canonical_icd_codes.csv","Hospital diagnosis code included in canonical event definition."
"viral_infection","K770","ICD10","","viral_infection","Code/00_inputs/canonical_icd_codes.csv","Hospital diagnosis code included in canonical event definition."
"viral_infection","K7700","ICD10","","viral_infection","Code/00_inputs/canonical_icd_codes.csv","Hospital diagnosis code included in canonical event definition."
"viral_infection","L998","ICD10","","viral_infection","Code/00_inputs/canonical_icd_codes.csv","Hospital diagnosis code included in canonical event definition."
"viral_infection","L9980","ICD10","","viral_infection","Code/00_inputs/canonical_icd_codes.csv","Hospital diagnosis code included in canonical event definition."
"viral_infection","M0149","ICD10","","viral_infection","Code/00_inputs/canonical_icd_codes.csv","Hospital diagnosis code included in canonical event definition."
"viral_infection","N512","ICD10","","viral_infection","Code/00_inputs/canonical_icd_codes.csv","Hospital diagnosis code included in canonical event definition."
"viral_infection","N5120","ICD10","","viral_infection","Code/00_inputs/canonical_icd_codes.csv","Hospital diagnosis code included in canonical event definition."
"viral_infection","N770","ICD10","","viral_infection","Code/00_inputs/canonical_icd_codes.csv","Hospital diagnosis code included in canonical event definition."
"viral_infection","N7700","ICD10","","viral_infection","Code/00_inputs/canonical_icd_codes.csv","Hospital diagnosis code included in canonical event definition."
"viral_infection","N771","ICD10","","viral_infection","Code/00_inputs/canonical_icd_codes.csv","Hospital diagnosis code included in canonical event definition."
"viral_infection","N7710","ICD10","","viral_infection","Code/00_inputs/canonical_icd_codes.csv","Hospital diagnosis code included in canonical event definition."
"viral_infection","P350","ICD10","","viral_infection","Code/00_inputs/canonical_icd_codes.csv","Hospital diagnosis code included in canonical event definition."
"viral_infection","P3500","ICD10","","viral_infection","Code/00_inputs/canonical_icd_codes.csv","Hospital diagnosis code included in canonical event definition."
"viral_infection","P351","ICD10","","viral_infection","Code/00_inputs/canonical_icd_codes.csv","Hospital diagnosis code included in canonical event definition."
"viral_infection","P3510","ICD10","","viral_infection","Code/00_inputs/canonical_icd_codes.csv","Hospital diagnosis code included in canonical event definition."
"Zoster","B020","ICD10","Zoster encephalitis","Zoster","Code/00_inputs/canonical_icd_codes.csv","Hospital diagnosis code included in canonical event definition."
"Zoster","B021","ICD10","Zoster meningitis","Zoster","Code/00_inputs/canonical_icd_codes.csv","Hospital diagnosis code included in canonical event definition."
"Zoster","B022","ICD10","Zoster with other nervous system involvement","Zoster","Code/00_inputs/canonical_icd_codes.csv","Hospital diagnosis code included in canonical event definition."
"Zoster","B023","ICD10","Zoster ocular disease","Zoster","Code/00_inputs/canonical_icd_codes.csv","Hospital diagnosis code included in canonical event definition."
"Zoster","B027","ICD10","Disseminated zoster","Zoster","Code/00_inputs/canonical_icd_codes.csv","Hospital diagnosis code included in canonical event definition."
"Zoster","B028","ICD10","Zoster with other complications","Zoster","Code/00_inputs/canonical_icd_codes.csv","Hospital diagnosis code included in canonical event definition."
"Zoster","B029","ICD10","Zoster without complication","Zoster","Code/00_inputs/canonical_icd_codes.csv","Hospital diagnosis code included in canonical event definition."
